offering_id,program_year_id,year,training_type,training_institution_id,training_institution_name,training_campus,training_campus_status,training_address,tuition_value,study_years,remarks_source_raw,training_type_is_derived,training_type_derivation_method,source_id,source_locator
OFF-3999de16-3537-573e-9704-e82f3cb0409f,PY-b8d32ee2-1f35-5e7c-9e2d-8f37ad59d33b,2024,main_school,HFNU,合肥师范学院,,not_published,,4600,2,,true,official_plan_row_without_joint_training_remark,SRC-HFNU-2024-ZC,"{""row_key"":""互联网金融"",""section"":""招生专业计划"",""table"":1,""url"":""https://zsb.hfnu.edu.cn/info/1003/2715.htm""}"
OFF-227f8508-ec1f-5fc5-b9b6-43ba177e5400,PY-d3e1e604-5dfe-5940-9aac-c7ed5481a96b,2024,main_school,HFNU,合肥师范学院,,not_published,,4600,2,,true,official_plan_row_without_joint_training_remark,SRC-HFNU-2024-ZC,"{""row_key"":""人力资源管理"",""section"":""招生专业计划"",""table"":1,""url"":""https://zsb.hfnu.edu.cn/info/1003/2715.htm""}"
OFF-8153285e-8b08-59c0-95da-4b14770854e4,PY-dd8c6616-cd6a-5b67-8db5-f4954648d30c,2024,joint_training,INST-ba913151-a036-5ef8-9abf-cf675a406053,合肥职业技术学院,,not_published,合肥市新站区岱河路2号(汇心湖校区);合肥市巢湖市凤凰山路(鼓山校区),4900,2,与合肥职业技术学院联合培养,false,,SRC-HFNU-2024-ZC,"{""row_key"":""制药工程"",""section"":""招生专业计划"",""table"":1,""url"":""https://zsb.hfnu.edu.cn/info/1003/2715.htm""}"
OFF-466442ff-30db-54dc-838c-f7fca01e0584,PY-9d21463d-ba3d-5383-9ec8-cb2b45d8c4fe,2024,main_school,HFNU,合肥师范学院,,not_published,,8000,2,,true,official_plan_row_without_joint_training_remark,SRC-HFNU-2024-ZC,"{""row_key"":""动画"",""section"":""招生专业计划"",""table"":1,""url"":""https://zsb.hfnu.edu.cn/info/1003/2715.htm""}"
OFF-19b89cef-9ee2-5b13-8029-ec7d83c2e38b,PY-185d8434-ad71-5d84-adff-537a7fe42fd8,2024,main_school,HFNU,合肥师范学院,,not_published,,4900,2,,true,official_plan_row_without_joint_training_remark,SRC-HFNU-2024-ZC,"{""row_key"":""化学工程与工艺"",""section"":""招生专业计划"",""table"":1,""url"":""https://zsb.hfnu.edu.cn/info/1003/2715.htm""}"
OFF-a7bf120a-dc4a-5ec9-aced-e4651a795afe,PY-2c4bd8ce-35e9-594f-a938-a656aa703f5a,2024,main_school,HFNU,合肥师范学院,,not_published,,4600,2,,true,official_plan_row_without_joint_training_remark,SRC-HFNU-2024-ZC,"{""row_key"":""商务英语"",""section"":""招生专业计划"",""table"":1,""url"":""https://zsb.hfnu.edu.cn/info/1003/2715.htm""}"
OFF-0cea55c4-0162-5c49-adf4-b170df56aca6,PY-020af4f4-756d-52f1-bedf-da1fb4f791e3,2024,main_school,HFNU,合肥师范学院,,not_published,,4600,2,,true,official_plan_row_without_joint_training_remark,SRC-HFNU-2024-ZC,"{""row_key"":""学前教育"",""section"":""招生专业计划"",""table"":1,""url"":""https://zsb.hfnu.edu.cn/info/1003/2715.htm""}"
OFF-9ede7d69-d5cc-5ccb-8967-b105266703a9,PY-6c06c71f-3a0c-540c-849d-0db19bc3a05c,2024,joint_training,INST-74f42226-13e9-5f75-8981-59ceb33b8573,淮北职业技术学院,,not_published,安徽省淮北市烈山区职教园区元培路1号,5060,2,与淮北职业技术学院联合培养,false,,SRC-HFNU-2024-ZC,"{""row_key"":""小学教育"",""section"":""招生专业计划"",""table"":1,""url"":""https://zsb.hfnu.edu.cn/info/1003/2715.htm""}"
OFF-bd3de362-2399-561b-a7c9-2e5227676c3a,PY-2ea256ce-e1f9-511b-b897-0b35b9549b96,2024,joint_training,INST-e2cfbe51-cbcd-5428-b931-f09be0315b25,安徽工业经济职业技术学院,,not_published,安徽省合肥市包河区祁门路66号,4600,2,与安徽工业经济职业技术学院联合培养,false,,SRC-HFNU-2024-ZC,"{""row_key"":""市场营销"",""section"":""招生专业计划"",""table"":1,""url"":""https://zsb.hfnu.edu.cn/info/1003/2715.htm""}"
OFF-f76c6c80-b9d0-5782-a18b-0ea301825262,PY-08a324b9-551b-5fed-b1f0-52e51932edf5,2024,main_school,HFNU,合肥师范学院,,not_published,,5390,2,,true,official_plan_row_without_joint_training_remark,SRC-HFNU-2024-ZC,"{""row_key"":""数据科学与大数据技术"",""section"":""招生专业计划"",""table"":1,""url"":""https://zsb.hfnu.edu.cn/info/1003/2715.htm""}"
OFF-69e46ff6-0cb7-5333-8024-1be76ba32d9e,PY-b5d0d88d-6d2b-5d5c-b8fa-740cd91b914f,2024,main_school,HFNU,合肥师范学院,,not_published,,4900,2,,true,official_plan_row_without_joint_training_remark,SRC-HFNU-2024-ZC,"{""row_key"":""新能源材料与器件"",""section"":""招生专业计划"",""table"":1,""url"":""https://zsb.hfnu.edu.cn/info/1003/2715.htm""}"
OFF-6ea19789-72a7-5a48-aeaa-57ccaa31b7c1,PY-a33a19d4-d78c-5342-be85-65c5a9660b96,2024,main_school,HFNU,合肥师范学院,,not_published,,8000,2,,true,official_plan_row_without_joint_training_remark,SRC-HFNU-2024-ZC,"{""row_key"":""服装与服饰设计"",""section"":""招生专业计划"",""table"":1,""url"":""https://zsb.hfnu.edu.cn/info/1003/2715.htm""}"
OFF-73444fc2-6c3c-55cc-ba0f-e19ab7460a72,PY-3a2cd018-7f77-5bc5-9f9c-a1c016453ac4,2024,main_school,HFNU,合肥师范学院,,not_published,,4900,2,,true,official_plan_row_without_joint_training_remark,SRC-HFNU-2024-ZC,"{""row_key"":""材料科学与工程"",""section"":""招生专业计划"",""table"":1,""url"":""https://zsb.hfnu.edu.cn/info/1003/2715.htm""}"
OFF-b1bacb76-fa85-533b-9dba-b5d3f6107662,PY-cce1b798-d909-5e3a-8e03-49751024827c,2024,joint_training,INST-d94aba63-82b9-56a4-b842-fa4e6eb73179,马鞍山师范高等专科学校,,not_published,安徽省马鞍山市雨山区湖西中路85号,8000,2,与马鞍山师范高等专科学校联合培养,false,,SRC-HFNU-2024-ZC,"{""row_key"":""环境设计"",""section"":""招生专业计划"",""table"":1,""url"":""https://zsb.hfnu.edu.cn/info/1003/2715.htm""}"
OFF-af318d31-e77c-53ab-be9f-571d14f8bc96,PY-383f6bf8-4300-552c-9214-286c5ae05e4c,2024,main_school,HFNU,合肥师范学院,,not_published,,4900,2,,true,official_plan_row_without_joint_training_remark,SRC-HFNU-2024-ZC,"{""row_key"":""生物制药"",""section"":""招生专业计划"",""table"":1,""url"":""https://zsb.hfnu.edu.cn/info/1003/2715.htm""}"
OFF-cf5f58a7-03e9-528e-9334-2c2054574cb4,PY-efd03451-30c9-5a3b-a3c0-c025f88814d9,2024,main_school,HFNU,合肥师范学院,,not_published,,5390,2,,true,official_plan_row_without_joint_training_remark,SRC-HFNU-2024-ZC,"{""row_key"":""电子信息工程"",""section"":""招生专业计划"",""table"":1,""url"":""https://zsb.hfnu.edu.cn/info/1003/2715.htm""}"
OFF-7918aed3-8a9b-5618-ab5a-9eb8a382781b,PY-faa4df75-4caa-5caa-afbc-83d5d9f96562,2024,joint_training,INST-e2cfbe51-cbcd-5428-b931-f09be0315b25,安徽工业经济职业技术学院,,not_published,安徽省合肥市包河区祁门路66号,5390,2,与安徽工业经济职业技术学院联合培养,false,,SRC-HFNU-2024-ZC,"{""row_key"":""电气工程及其自动化"",""section"":""招生专业计划"",""table"":1,""url"":""https://zsb.hfnu.edu.cn/info/1003/2715.htm""}"
OFF-c945fa15-9041-5415-913b-66750f82e0ad,PY-faa4df75-4caa-5caa-afbc-83d5d9f96562,2024,joint_training,INST-74f42226-13e9-5f75-8981-59ceb33b8573,淮北职业技术学院,,not_published,安徽省淮北市烈山区职教园区元培路1号,5390,2,与淮北职业技术学院联合培养,false,,SRC-HFNU-2024-ZC,"{""row_key"":""电气工程及其自动化"",""section"":""招生专业计划"",""table"":1,""url"":""https://zsb.hfnu.edu.cn/info/1003/2715.htm""}"
OFF-a16f69bd-4821-507f-b34c-12e9fe334e0e,PY-ef3ba7ca-8a35-567d-8e9b-5e9db870845d,2024,main_school,HFNU,合肥师范学院,,not_published,,4600,2,,true,official_plan_row_without_joint_training_remark,SRC-HFNU-2024-ZC,"{""row_key"":""经济统计学"",""section"":""招生专业计划"",""table"":1,""url"":""https://zsb.hfnu.edu.cn/info/1003/2715.htm""}"
OFF-b367c94d-0b02-55e7-b8ec-4af69600c0ee,PY-99def49b-49c6-5585-b556-8fa88db18d63,2024,main_school,HFNU,合肥师范学院,,not_published,,5060,2,,true,official_plan_row_without_joint_training_remark,SRC-HFNU-2024-ZC,"{""row_key"":""网络与新媒体"",""section"":""招生专业计划"",""table"":1,""url"":""https://zsb.hfnu.edu.cn/info/1003/2715.htm""}"
OFF-a02655f6-3bc4-5d92-b4ff-839b057ccd76,PY-4420be4a-c3a7-513d-8208-0de118ed05c0,2024,joint_training,INST-e2cfbe51-cbcd-5428-b931-f09be0315b25,安徽工业经济职业技术学院,,not_published,安徽省合肥市包河区祁门路66号,5390,2,与安徽工业经济职业技术学院联合培养,false,,SRC-HFNU-2024-ZC,"{""row_key"":""网络工程"",""section"":""招生专业计划"",""table"":1,""url"":""https://zsb.hfnu.edu.cn/info/1003/2715.htm""}"
OFF-68ee766e-a958-5e4d-908d-864ee94290aa,PY-078d9cf4-435d-571c-b89d-6cf5d2426a5b,2024,main_school,HFNU,合肥师范学院,,not_published,,5200,2,,true,official_plan_row_without_joint_training_remark,SRC-HFNU-2024-ZC,"{""row_key"":""药物制剂"",""section"":""招生专业计划"",""table"":1,""url"":""https://zsb.hfnu.edu.cn/info/1003/2715.htm""}"
OFF-43881998-59b5-5099-8b34-4886838b1331,PY-5b0619d9-5054-5707-9c9a-0f87f8079b72,2024,main_school,HFNU,合肥师范学院,,not_published,,8000,2,,true,official_plan_row_without_joint_training_remark,SRC-HFNU-2024-ZC,"{""row_key"":""视觉传达设计"",""section"":""招生专业计划"",""table"":1,""url"":""https://zsb.hfnu.edu.cn/info/1003/2715.htm""}"
OFF-526bb7a2-7cbb-5542-a51a-9e6a4caa60d0,PY-c1006596-0bc4-5d2f-bae9-d702b42dbe56,2024,joint_training,INST-e2cfbe51-cbcd-5428-b931-f09be0315b25,安徽工业经济职业技术学院,,not_published,安徽省合肥市包河区祁门路66号,5390,2,与安徽工业经济职业技术学院联合培养,false,,SRC-HFNU-2024-ZC,"{""row_key"":""计算机科学与技术"",""section"":""招生专业计划"",""table"":1,""url"":""https://zsb.hfnu.edu.cn/info/1003/2715.htm""}"
OFF-f6bedd2a-e542-5dd3-b6d1-94f3b4753246,PY-c1006596-0bc4-5d2f-bae9-d702b42dbe56,2024,joint_training,INST-d94aba63-82b9-56a4-b842-fa4e6eb73179,马鞍山师范高等专科学校,,not_published,安徽省马鞍山市雨山区湖西中路85号,5390,2,与马鞍山师范高等专科学校联合培养,false,,SRC-HFNU-2024-ZC,"{""row_key"":""计算机科学与技术"",""section"":""招生专业计划"",""table"":1,""url"":""https://zsb.hfnu.edu.cn/info/1003/2715.htm""}"
OFF-e230a334-b7cd-57ef-863f-cf2565ef45d5,PY-961cdbb0-595a-5c84-b275-3c44bd3f1afe,2024,joint_training,INST-e2cfbe51-cbcd-5428-b931-f09be0315b25,安徽工业经济职业技术学院,,not_published,安徽省合肥市包河区祁门路66号,5060,2,与安徽工业经济职业技术学院联合培养,false,,SRC-HFNU-2024-ZC,"{""row_key"":""财务管理"",""section"":""招生专业计划"",""table"":1,""url"":""https://zsb.hfnu.edu.cn/info/1003/2715.htm""}"
OFF-68a7c64f-fe94-5123-a3db-c94792c44787,PY-c544ae6e-925e-5611-ba09-a410dc123c8f,2024,main_school,HFNU,合肥师范学院,,not_published,,5390,2,,true,official_plan_row_without_joint_training_remark,SRC-HFNU-2024-ZC,"{""row_key"":""软件工程"",""section"":""招生专业计划"",""table"":1,""url"":""https://zsb.hfnu.edu.cn/info/1003/2715.htm""}"
OFF-f3b32e27-406d-5c7a-838b-bde8628de9f1,PY-affbb6ae-8b72-59de-9a6f-ca8898ee35cf,2024,joint_training,INST-ba913151-a036-5ef8-9abf-cf675a406053,合肥职业技术学院,,not_published,合肥市新站区岱河路2号(汇心湖校区);合肥市巢湖市凤凰山路(鼓山校区),4900,2,与合肥职业技术学院联合培养,false,,SRC-HFNU-2024-ZC,"{""row_key"":""运动康复"",""section"":""招生专业计划"",""table"":1,""url"":""https://zsb.hfnu.edu.cn/info/1003/2715.htm""}"
OFF-02b45d53-3476-53d0-b88a-b74856070dea,PY-463cbd2c-1087-553b-969f-9f38cad0f7f3,2024,main_school,HFNU,合肥师范学院,,not_published,,4900,2,,true,official_plan_row_without_joint_training_remark,SRC-HFNU-2024-ZC,"{""row_key"":""通信工程"",""section"":""招生专业计划"",""table"":1,""url"":""https://zsb.hfnu.edu.cn/info/1003/2715.htm""}"
OFF-e663011d-a2ba-5dcb-8359-0611b0650a45,PY-5a308856-46aa-584b-856c-62c27c55f791,2024,joint_training,INST-d94aba63-82b9-56a4-b842-fa4e6eb73179,马鞍山师范高等专科学校,,not_published,安徽省马鞍山市雨山区湖西中路85号,4900,2,与马鞍山师范高等专科学校联合培养,false,,SRC-HFNU-2024-ZC,"{""row_key"":""食品质量与安全"",""section"":""招生专业计划"",""table"":1,""url"":""https://zsb.hfnu.edu.cn/info/1003/2715.htm""}"
OFF-ee877d74-77a2-5a43-aaad-c3d9b68adeeb,PY-8d4db694-460f-585a-afa0-c07735ec3f07,2025,main_school,HFNU,合肥师范学院,,not_published,,4600,2,,true,official_plan_row_without_joint_training_remark,SRC-HFNU-2025-ZC,"{""asset_id"":""ASSET-HFNU-2025-ZC-PDF"",""page"":1,""row_key"":""互联网金融"",""section"":""招生专业计划""}"
OFF-ac7cbd8e-206a-5240-a567-a5a7094a89a6,PY-955dc40b-8141-5590-86cf-1af86a0004ff,2025,main_school,HFNU,合肥师范学院,,not_published,,4600,2,,true,official_plan_row_without_joint_training_remark,SRC-HFNU-2025-ZC,"{""asset_id"":""ASSET-HFNU-2025-ZC-PDF"",""page"":1,""row_key"":""人力资源管理"",""section"":""招生专业计划""}"
OFF-70426cfa-cb5f-5ebf-9cec-47bff666b8a6,PY-4467374a-02cd-5f46-9d4b-72991146ebec,2025,joint_training,INST-ba913151-a036-5ef8-9abf-cf675a406053,合肥职业技术学院,,not_published,合肥市新站区岱河路2号(汇心湖校区);合肥市巢湖市凤凰山路(鼓山校区),4900,2,与合肥职业技术学院联合培养,false,,SRC-HFNU-2025-ZC,"{""asset_id"":""ASSET-HFNU-2025-ZC-PDF"",""page"":2,""row_key"":""制药工程"",""section"":""招生专业计划""}"
OFF-d70fe871-a472-57c0-b4d0-ced8d3f3a94d,PY-e900d1c0-2088-5eb2-83aa-8405a19a7a2a,2025,main_school,HFNU,合肥师范学院,,not_published,,8000,2,,true,official_plan_row_without_joint_training_remark,SRC-HFNU-2025-ZC,"{""asset_id"":""ASSET-HFNU-2025-ZC-PDF"",""page"":1,""row_key"":""动画"",""section"":""招生专业计划""}"
OFF-eb901ade-1582-59ed-b662-5fa35151aea8,PY-ed1ef6fc-7ce4-50d1-ba14-9a1e1339c1ba,2025,main_school,HFNU,合肥师范学院,,not_published,,4900,2,,true,official_plan_row_without_joint_training_remark,SRC-HFNU-2025-ZC,"{""asset_id"":""ASSET-HFNU-2025-ZC-PDF"",""page"":1,""row_key"":""化学工程与工艺"",""section"":""招生专业计划""}"
OFF-7287c027-0d00-5e01-b7fa-a178b4115993,PY-db7e9bd8-c8f9-53e8-82d9-50b849f6897b,2025,main_school,HFNU,合肥师范学院,,not_published,,4600,2,,true,official_plan_row_without_joint_training_remark,SRC-HFNU-2025-ZC,"{""asset_id"":""ASSET-HFNU-2025-ZC-PDF"",""page"":1,""row_key"":""商务英语"",""section"":""招生专业计划""}"
OFF-f7cf4875-1738-5873-8140-fa33698b4a49,PY-ecc9e3b1-60b6-5dc5-9ff3-533e80878b24,2025,main_school,HFNU,合肥师范学院,,not_published,,4600,2,师范,true,official_plan_row_without_joint_training_remark,SRC-HFNU-2025-ZC,"{""asset_id"":""ASSET-HFNU-2025-ZC-PDF"",""page"":1,""row_key"":""学前教育"",""section"":""招生专业计划""}"
OFF-2670da63-525d-5269-bfda-680ffd7c43df,PY-3a39de0e-93d9-5376-9e84-d126745d67a9,2025,joint_training,INST-74f42226-13e9-5f75-8981-59ceb33b8573,淮北职业技术学院,,not_published,安徽省淮北市烈山区职教园区元培路1号,5060,2,"与淮北职业技术学院联合培养, 师范",false,,SRC-HFNU-2025-ZC,"{""asset_id"":""ASSET-HFNU-2025-ZC-PDF"",""page"":2,""row_key"":""小学教育"",""section"":""招生专业计划""}"
OFF-10da287f-721c-591b-84f9-c024dfba0526,PY-c9b1de1d-1ce8-57a1-8bee-7eb6708ea2d0,2025,main_school,HFNU,合肥师范学院,,not_published,,4600,2,,true,official_plan_row_without_joint_training_remark,SRC-HFNU-2025-ZC,"{""asset_id"":""ASSET-HFNU-2025-ZC-PDF"",""page"":1,""row_key"":""市场营销"",""section"":""招生专业计划""}"
OFF-d1fdddb8-3959-5232-8dd2-e6691d2efe54,PY-6e7077e9-1f2b-5395-a3da-163433fa29e8,2025,main_school,HFNU,合肥师范学院,,not_published,,4900,2,,true,official_plan_row_without_joint_training_remark,SRC-HFNU-2025-ZC,"{""asset_id"":""ASSET-HFNU-2025-ZC-PDF"",""page"":1,""row_key"":""数据科学与大数据技术"",""section"":""招生专业计划""}"
OFF-bf19fd0c-6d2a-5c49-a4e3-cdef0e385264,PY-7a968034-5eeb-5042-aef7-056e0711e7e5,2025,main_school,HFNU,合肥师范学院,,not_published,,4900,2,,true,official_plan_row_without_joint_training_remark,SRC-HFNU-2025-ZC,"{""asset_id"":""ASSET-HFNU-2025-ZC-PDF"",""page"":1,""row_key"":""新能源材料与器件"",""section"":""招生专业计划""}"
OFF-e559f09a-a0f8-5b5d-94d4-725138d914b2,PY-fd171dae-68a8-5ede-ac54-96b4ca9d7bbd,2025,main_school,HFNU,合肥师范学院,,not_published,,8000,2,,true,official_plan_row_without_joint_training_remark,SRC-HFNU-2025-ZC,"{""asset_id"":""ASSET-HFNU-2025-ZC-PDF"",""page"":1,""row_key"":""服装与服饰设计"",""section"":""招生专业计划""}"
OFF-5ec7e8f4-ac71-5dd2-93b5-4fc4e62b163a,PY-b1bb3b4d-f0ad-5ca6-b6da-6c1f7b1ba18d,2025,joint_training,INST-d94aba63-82b9-56a4-b842-fa4e6eb73179,马鞍山师范高等专科学校,,not_published,安徽省马鞍山市雨山区湖西中路85号,8000,2,与马鞍山师范高等专科学校联合培养,false,,SRC-HFNU-2025-ZC,"{""asset_id"":""ASSET-HFNU-2025-ZC-PDF"",""page"":2,""row_key"":""环境设计"",""section"":""招生专业计划""}"
OFF-04f85e7e-af42-5407-8a0e-a693acff2204,PY-b7c7f69a-06d9-5e7c-a417-8fd3b0b85b36,2025,main_school,HFNU,合肥师范学院,,not_published,,4900,2,,true,official_plan_row_without_joint_training_remark,SRC-HFNU-2025-ZC,"{""asset_id"":""ASSET-HFNU-2025-ZC-PDF"",""page"":1,""row_key"":""生物制药"",""section"":""招生专业计划""}"
OFF-b8788e79-b864-5a26-9daa-e497db780f14,PY-8f722ade-092f-590b-8634-064fa7db4652,2025,main_school,HFNU,合肥师范学院,,not_published,,5390,2,,true,official_plan_row_without_joint_training_remark,SRC-HFNU-2025-ZC,"{""asset_id"":""ASSET-HFNU-2025-ZC-PDF"",""page"":1,""row_key"":""电子信息工程"",""section"":""招生专业计划""}"
OFF-cc6a882c-f039-574d-b144-d75f15fa1663,PY-691b9e36-b4db-5629-a017-fb962d553e16,2025,joint_training,INST-e2cfbe51-cbcd-5428-b931-f09be0315b25,安徽工业经济职业技术学院,,not_published,安徽省合肥市包河区祁门路66号,5390,2,与安徽工业经济职业技术学院联合培养,false,,SRC-HFNU-2025-ZC,"{""asset_id"":""ASSET-HFNU-2025-ZC-PDF"",""page"":2,""row_key"":""电气工程及其自动化"",""section"":""招生专业计划""}"
OFF-ebbf4cce-ddbc-5db3-a9b8-1bc92ce768fa,PY-691b9e36-b4db-5629-a017-fb962d553e16,2025,joint_training,INST-74f42226-13e9-5f75-8981-59ceb33b8573,淮北职业技术学院,,not_published,安徽省淮北市烈山区职教园区元培路1号,5390,2,与淮北职业技术学院联合培养,false,,SRC-HFNU-2025-ZC,"{""asset_id"":""ASSET-HFNU-2025-ZC-PDF"",""page"":2,""row_key"":""电气工程及其自动化"",""section"":""招生专业计划""}"
OFF-981c401f-94da-52b7-87f2-ed006b1e9651,PY-9588e29a-fc4b-56f5-afc2-96068ab69be2,2025,main_school,HFNU,合肥师范学院,,not_published,,4600,2,,true,official_plan_row_without_joint_training_remark,SRC-HFNU-2025-ZC,"{""asset_id"":""ASSET-HFNU-2025-ZC-PDF"",""page"":1,""row_key"":""经济统计学"",""section"":""招生专业计划""}"
OFF-55269db6-f19f-5372-a38c-6ae31eebe98b,PY-125c9ba1-90b1-5498-90cf-45e18962351f,2025,main_school,HFNU,合肥师范学院,,not_published,,5060,2,,true,official_plan_row_without_joint_training_remark,SRC-HFNU-2025-ZC,"{""asset_id"":""ASSET-HFNU-2025-ZC-PDF"",""page"":1,""row_key"":""网络与新媒体"",""section"":""招生专业计划""}"
OFF-45d1327c-80ea-5ca8-8b10-462eb5251e9b,PY-33849257-2af7-5485-b9bd-d58f65dccd4f,2025,joint_training,INST-ba913151-a036-5ef8-9abf-cf675a406053,合肥职业技术学院,,not_published,合肥市新站区岱河路2号(汇心湖校区);合肥市巢湖市凤凰山路(鼓山校区),4900,2,与合肥职业技术学院联合培养,false,,SRC-HFNU-2025-ZC,"{""asset_id"":""ASSET-HFNU-2025-ZC-PDF"",""page"":2,""row_key"":""网络工程"",""section"":""招生专业计划""}"
OFF-3ccce3a7-5b44-54d1-893d-9f9bda87a0ad,PY-33849257-2af7-5485-b9bd-d58f65dccd4f,2025,joint_training,INST-e2cfbe51-cbcd-5428-b931-f09be0315b25,安徽工业经济职业技术学院,,not_published,安徽省合肥市包河区祁门路66号,4900,2,与安徽工业经济职业技术学院联合培养,false,,SRC-HFNU-2025-ZC,"{""asset_id"":""ASSET-HFNU-2025-ZC-PDF"",""page"":2,""row_key"":""网络工程"",""section"":""招生专业计划""}"
OFF-249190d6-2a57-548d-80ee-85bb19eaeffb,PY-d4434b6a-3713-5285-ab53-08fe1ef5f251,2025,main_school,HFNU,合肥师范学院,,not_published,,5200,2,,true,official_plan_row_without_joint_training_remark,SRC-HFNU-2025-ZC,"{""asset_id"":""ASSET-HFNU-2025-ZC-PDF"",""page"":1,""row_key"":""药物制剂"",""section"":""招生专业计划""}"
OFF-f2de9dad-6dee-5d54-9504-c7e6001dd687,PY-c28929a5-00a7-5b2b-bacd-584ff8b5ef83,2025,main_school,HFNU,合肥师范学院,,not_published,,8000,2,,true,official_plan_row_without_joint_training_remark,SRC-HFNU-2025-ZC,"{""asset_id"":""ASSET-HFNU-2025-ZC-PDF"",""page"":1,""row_key"":""视觉传达设计"",""section"":""招生专业计划""}"
OFF-0bb45844-6c2e-5bfd-93c5-0652eb596a10,PY-1fc46668-1f5f-5414-8051-6683797aa8c9,2025,joint_training,INST-e2cfbe51-cbcd-5428-b931-f09be0315b25,安徽工业经济职业技术学院,,not_published,安徽省合肥市包河区祁门路66号,5390,2,与安徽工业经济职业技术学院联合培养,false,,SRC-HFNU-2025-ZC,"{""asset_id"":""ASSET-HFNU-2025-ZC-PDF"",""page"":2,""row_key"":""计算机科学与技术"",""section"":""招生专业计划""}"
OFF-cd6346ab-06d2-5a63-877c-6af9c98e69b4,PY-1fc46668-1f5f-5414-8051-6683797aa8c9,2025,joint_training,INST-d94aba63-82b9-56a4-b842-fa4e6eb73179,马鞍山师范高等专科学校,,not_published,安徽省马鞍山市雨山区湖西中路85号,5390,2,与马鞍山师范高等专科学校联合培养,false,,SRC-HFNU-2025-ZC,"{""asset_id"":""ASSET-HFNU-2025-ZC-PDF"",""page"":2,""row_key"":""计算机科学与技术"",""section"":""招生专业计划""}"
OFF-5155a81e-6102-5953-907c-d22bbb779ceb,PY-f0469fae-303d-5f32-810f-4fc2c047798a,2025,joint_training,INST-e2cfbe51-cbcd-5428-b931-f09be0315b25,安徽工业经济职业技术学院,,not_published,安徽省合肥市包河区祁门路66号,5060,2,与安徽工业经济职业技术学院联合培养,false,,SRC-HFNU-2025-ZC,"{""asset_id"":""ASSET-HFNU-2025-ZC-PDF"",""page"":2,""row_key"":""财务管理"",""section"":""招生专业计划""}"
OFF-18610e45-1bdf-590a-adf8-bb006b55a447,PY-74a22726-dc05-5e0a-9bb4-28bd097e2929,2025,main_school,HFNU,合肥师范学院,,not_published,,4900,2,,true,official_plan_row_without_joint_training_remark,SRC-HFNU-2025-ZC,"{""asset_id"":""ASSET-HFNU-2025-ZC-PDF"",""page"":1,""row_key"":""软件工程"",""section"":""招生专业计划""}"
OFF-0788d4dc-8e36-5757-99fc-ab9c330165df,PY-0bb78dd6-a3a6-51e2-8fd2-2b066b79e9a9,2025,joint_training,INST-ba913151-a036-5ef8-9abf-cf675a406053,合肥职业技术学院,,not_published,合肥市新站区岱河路2号(汇心湖校区);合肥市巢湖市凤凰山路(鼓山校区),4900,2,与合肥职业技术学院联合培养,false,,SRC-HFNU-2025-ZC,"{""asset_id"":""ASSET-HFNU-2025-ZC-PDF"",""page"":2,""row_key"":""运动康复"",""section"":""招生专业计划""}"
OFF-78a74943-64de-553c-b84a-6945a440d026,PY-7c2fe360-dbc0-50a0-83e7-8c346215e406,2025,main_school,HFNU,合肥师范学院,,not_published,,4900,2,,true,official_plan_row_without_joint_training_remark,SRC-HFNU-2025-ZC,"{""asset_id"":""ASSET-HFNU-2025-ZC-PDF"",""page"":1,""row_key"":""通信工程"",""section"":""招生专业计划""}"
OFF-d57b0c09-7fc6-5bb1-a874-75a41f80b550,PY-7baeb8ae-145f-5e01-998b-b44752508c28,2025,main_school,HFNU,合肥师范学院,,not_published,,8000,2,师范,true,official_plan_row_without_joint_training_remark,SRC-HFNU-2025-ZC,"{""asset_id"":""ASSET-HFNU-2025-ZC-PDF"",""page"":1,""row_key"":""音乐学"",""section"":""招生专业计划""}"
OFF-705c408c-f84f-5fb3-88cb-1e1c6bcb8639,PY-268e09d8-98bc-5c9d-8fd1-32d0f7d4c7f3,2025,joint_training,INST-d94aba63-82b9-56a4-b842-fa4e6eb73179,马鞍山师范高等专科学校,,not_published,安徽省马鞍山市雨山区湖西中路85号,4900,2,与马鞍山师范高等专科学校联合培养,false,,SRC-HFNU-2025-ZC,"{""asset_id"":""ASSET-HFNU-2025-ZC-PDF"",""page"":2,""row_key"":""食品质量与安全"",""section"":""招生专业计划""}"
OFF-55f04809-af03-5402-920f-2356cf993aac,PY-b6e23825-5ec0-5a03-a13e-66e5625a377d,2026,main_school,HFNU,合肥师范学院,,not_published,,4600,2,,true,official_plan_row_without_joint_training_remark,SRC-HFNU-2026-ZC,"{""asset_id"":""ASSET-HFNU-2026-ZC-PDF"",""page"":1,""row_key"":""互联网金融"",""section"":""招生专业计划""}"
OFF-a5dd4961-959d-5b4d-a579-a70ceabb328e,PY-a30adc34-ff19-5174-9c16-8a24ba99e9d0,2026,main_school,HFNU,合肥师范学院,,not_published,,4600,2,,true,official_plan_row_without_joint_training_remark,SRC-HFNU-2026-ZC,"{""asset_id"":""ASSET-HFNU-2026-ZC-PDF"",""page"":1,""row_key"":""人力资源管理"",""section"":""招生专业计划""}"
OFF-4da1d572-b70e-54bf-9990-5eed30613bca,PY-0dda5750-aa2b-5acf-a690-df0272bf97ba,2026,main_school,HFNU,合肥师范学院,,not_published,,8000,2,,true,official_plan_row_without_joint_training_remark,SRC-HFNU-2026-ZC,"{""asset_id"":""ASSET-HFNU-2026-ZC-PDF"",""page"":1,""row_key"":""动画"",""section"":""招生专业计划""}"
OFF-36968f67-2082-553e-8754-6252767775ce,PY-2029e048-dd76-568e-ae02-6dc93298c7b3,2026,main_school,HFNU,合肥师范学院,,not_published,,4900,2,,true,official_plan_row_without_joint_training_remark,SRC-HFNU-2026-ZC,"{""asset_id"":""ASSET-HFNU-2026-ZC-PDF"",""page"":1,""row_key"":""化学工程与工艺"",""section"":""招生专业计划""}"
OFF-a32033ea-d17c-5f12-bb75-9a68fc234b39,PY-7a2e109d-c876-5b2d-94b9-c09ea486f17a,2026,main_school,HFNU,合肥师范学院,,not_published,,4600,2,,true,official_plan_row_without_joint_training_remark,SRC-HFNU-2026-ZC,"{""asset_id"":""ASSET-HFNU-2026-ZC-PDF"",""page"":1,""row_key"":""商务英语"",""section"":""招生专业计划""}"
OFF-a0a75204-65b8-5059-921f-1534ddbde620,PY-72aaeb9a-a436-5a44-ab25-970dc0988dec,2026,main_school,HFNU,合肥师范学院,,not_published,,4600,2,师范,true,official_plan_row_without_joint_training_remark,SRC-HFNU-2026-ZC,"{""asset_id"":""ASSET-HFNU-2026-ZC-PDF"",""page"":1,""row_key"":""学前教育"",""section"":""招生专业计划""}"
OFF-f452a414-b935-520d-aa10-04def9d00944,PY-5f2479bd-6728-58a1-b12a-2bcf0d4b1d1e,2026,joint_training,INST-74f42226-13e9-5f75-8981-59ceb33b8573,淮北职业技术学院,,not_published,安徽省淮北市烈山区职教园区元培路1号,5060,2,"与淮北职业技术学院联合培养, 师范",false,,SRC-HFNU-2026-ZC,"{""asset_id"":""ASSET-HFNU-2026-ZC-PDF"",""page"":2,""row_key"":""小学教育"",""section"":""招生专业计划""}"
OFF-4812c188-85b3-520b-ad45-6cb879dea86f,PY-0aac3cd8-5c25-596e-9230-c0d6393c0806,2026,main_school,HFNU,合肥师范学院,,not_published,,4600,2,,true,official_plan_row_without_joint_training_remark,SRC-HFNU-2026-ZC,"{""asset_id"":""ASSET-HFNU-2026-ZC-PDF"",""page"":1,""row_key"":""市场营销"",""section"":""招生专业计划""}"
OFF-bcf67dd3-ee10-5b16-ac09-42636f865bd0,PY-e526e3b6-1188-52a6-b70e-683ba3c34f05,2026,main_school,HFNU,合肥师范学院,,not_published,,4900,2,,true,official_plan_row_without_joint_training_remark,SRC-HFNU-2026-ZC,"{""asset_id"":""ASSET-HFNU-2026-ZC-PDF"",""page"":1,""row_key"":""新能源材料与器件"",""section"":""招生专业计划""}"
OFF-7c49d94d-dcf1-5297-938c-f78353bf9dbe,PY-60caff45-1baa-561b-9abf-d569a2fab432,2026,main_school,HFNU,合肥师范学院,,not_published,,8000,2,,true,official_plan_row_without_joint_training_remark,SRC-HFNU-2026-ZC,"{""asset_id"":""ASSET-HFNU-2026-ZC-PDF"",""page"":1,""row_key"":""服装与服饰设计"",""section"":""招生专业计划""}"
OFF-c565073a-48ab-5762-a843-56926b366e8c,PY-c3f5b3c6-1c16-5568-bd01-f6789ac17ca0,2026,joint_training,INST-d94aba63-82b9-56a4-b842-fa4e6eb73179,马鞍山师范高等专科学校,,not_published,安徽省马鞍山市雨山区湖西中路85号,8000,2,与马鞍山师范高等专科学校联合培养,false,,SRC-HFNU-2026-ZC,"{""asset_id"":""ASSET-HFNU-2026-ZC-PDF"",""page"":2,""row_key"":""环境设计"",""section"":""招生专业计划""}"
OFF-6c4195f9-eb3b-5a10-81b8-a94abecd140f,PY-72444f87-2128-5e58-83db-9ee54057b81a,2026,main_school,HFNU,合肥师范学院,,not_published,,4900,2,,true,official_plan_row_without_joint_training_remark,SRC-HFNU-2026-ZC,"{""asset_id"":""ASSET-HFNU-2026-ZC-PDF"",""page"":1,""row_key"":""生物制药"",""section"":""招生专业计划""}"
OFF-151e9b32-64e0-53e7-b0e5-503daa63c802,PY-aa1faa30-f529-5015-9edb-8acae4bb9ff7,2026,main_school,HFNU,合肥师范学院,,not_published,,5390,2,,true,official_plan_row_without_joint_training_remark,SRC-HFNU-2026-ZC,"{""asset_id"":""ASSET-HFNU-2026-ZC-PDF"",""page"":1,""row_key"":""电子信息工程"",""section"":""招生专业计划""}"
OFF-18879191-3702-5d84-a8e3-8286c8faaeb2,PY-6937acb5-ca42-5874-90cd-3ff3eba3dff2,2026,joint_training,INST-e2cfbe51-cbcd-5428-b931-f09be0315b25,安徽工业经济职业技术学院,,not_published,安徽省合肥市包河区祁门路66号,5390,2,与安徽工业经济职业技术学院联合培养,false,,SRC-HFNU-2026-ZC,"{""asset_id"":""ASSET-HFNU-2026-ZC-PDF"",""page"":2,""row_key"":""电气工程及其自动化"",""section"":""招生专业计划""}"
OFF-8c6b080e-243d-5459-9ef3-449fbb1c6365,PY-6937acb5-ca42-5874-90cd-3ff3eba3dff2,2026,joint_training,INST-74f42226-13e9-5f75-8981-59ceb33b8573,淮北职业技术学院,,not_published,安徽省淮北市烈山区职教园区元培路1号,5390,2,与淮北职业技术学院联合培养,false,,SRC-HFNU-2026-ZC,"{""asset_id"":""ASSET-HFNU-2026-ZC-PDF"",""page"":2,""row_key"":""电气工程及其自动化"",""section"":""招生专业计划""}"
OFF-0f51ed51-145c-57bd-916a-08d750831d2a,PY-9bf379f6-526f-5941-957a-024bcf12b06d,2026,main_school,HFNU,合肥师范学院,,not_published,,4600,2,,true,official_plan_row_without_joint_training_remark,SRC-HFNU-2026-ZC,"{""asset_id"":""ASSET-HFNU-2026-ZC-PDF"",""page"":1,""row_key"":""经济统计学"",""section"":""招生专业计划""}"
OFF-89dca1c2-dc14-5f81-85c6-c52e75766c57,PY-db22c94f-7384-5d9f-8d28-d9d914655409,2026,main_school,HFNU,合肥师范学院,,not_published,,5060,2,,true,official_plan_row_without_joint_training_remark,SRC-HFNU-2026-ZC,"{""asset_id"":""ASSET-HFNU-2026-ZC-PDF"",""page"":1,""row_key"":""网络与新媒体"",""section"":""招生专业计划""}"
OFF-cf7e9b8f-93e4-5c83-bac4-774a8f40294f,PY-45d12ed2-0b3e-545b-9059-9faa17bf9627,2026,joint_training,INST-e2cfbe51-cbcd-5428-b931-f09be0315b25,安徽工业经济职业技术学院,,not_published,安徽省合肥市包河区祁门路66号,4900,2,与安徽工业经济职业技术学院联合培养,false,,SRC-HFNU-2026-ZC,"{""asset_id"":""ASSET-HFNU-2026-ZC-PDF"",""page"":2,""row_key"":""网络工程"",""section"":""招生专业计划""}"
OFF-5532447a-b352-52ad-b96f-6d25f7a71506,PY-ad8df301-6793-5250-9766-93e5674a5189,2026,main_school,HFNU,合肥师范学院,,not_published,,5200,2,,true,official_plan_row_without_joint_training_remark,SRC-HFNU-2026-ZC,"{""asset_id"":""ASSET-HFNU-2026-ZC-PDF"",""page"":1,""row_key"":""药物制剂"",""section"":""招生专业计划""}"
OFF-09dac911-ccf0-5ae1-8365-5aaf4d660be4,PY-1fa48ea8-9b9a-504c-a596-68116f927ac6,2026,main_school,HFNU,合肥师范学院,,not_published,,8000,2,,true,official_plan_row_without_joint_training_remark,SRC-HFNU-2026-ZC,"{""asset_id"":""ASSET-HFNU-2026-ZC-PDF"",""page"":1,""row_key"":""视觉传达设计"",""section"":""招生专业计划""}"
OFF-5c47fd31-3b5d-5286-940d-97de923e61ff,PY-57e78f73-a8db-57d9-80d6-67958e447a8f,2026,joint_training,INST-e2cfbe51-cbcd-5428-b931-f09be0315b25,安徽工业经济职业技术学院,,not_published,安徽省合肥市包河区祁门路66号,5390,2,与安徽工业经济职业技术学院联合培养,false,,SRC-HFNU-2026-ZC,"{""asset_id"":""ASSET-HFNU-2026-ZC-PDF"",""page"":2,""row_key"":""计算机科学与技术"",""section"":""招生专业计划""}"
OFF-b37f2332-c2b6-5a0c-b24a-a1e9c0f2f797,PY-57e78f73-a8db-57d9-80d6-67958e447a8f,2026,joint_training,INST-d94aba63-82b9-56a4-b842-fa4e6eb73179,马鞍山师范高等专科学校,,not_published,安徽省马鞍山市雨山区湖西中路85号,5390,2,与马鞍山师范高等专科学校联合培养,false,,SRC-HFNU-2026-ZC,"{""asset_id"":""ASSET-HFNU-2026-ZC-PDF"",""page"":2,""row_key"":""计算机科学与技术"",""section"":""招生专业计划""}"
OFF-ba0cd868-eef6-5b9d-a98b-2a9e60700b49,PY-7d7a90df-6856-5ed4-bd80-3bb9f115e50c,2026,joint_training,INST-e2cfbe51-cbcd-5428-b931-f09be0315b25,安徽工业经济职业技术学院,,not_published,安徽省合肥市包河区祁门路66号,5060,2,与安徽工业经济职业技术学院联合培养,false,,SRC-HFNU-2026-ZC,"{""asset_id"":""ASSET-HFNU-2026-ZC-PDF"",""page"":2,""row_key"":""财务管理"",""section"":""招生专业计划""}"
OFF-ab253dc5-496c-53f8-b0bd-e63bd65c7e39,PY-87d007a8-7d28-5978-b3e0-0878b10e64b2,2026,main_school,HFNU,合肥师范学院,,not_published,,4900,2,,true,official_plan_row_without_joint_training_remark,SRC-HFNU-2026-ZC,"{""asset_id"":""ASSET-HFNU-2026-ZC-PDF"",""page"":1,""row_key"":""软件工程"",""section"":""招生专业计划""}"
OFF-f19fdbba-2852-5d77-ac44-b9d178ca7b7c,PY-3285d496-881a-55ab-ac23-820876127fe9,2026,main_school,HFNU,合肥师范学院,,not_published,,4900,2,,true,official_plan_row_without_joint_training_remark,SRC-HFNU-2026-ZC,"{""asset_id"":""ASSET-HFNU-2026-ZC-PDF"",""page"":1,""row_key"":""运动康复"",""section"":""招生专业计划""}"
OFF-35f943d4-6b54-5577-a554-11fe0e9010a1,PY-ed1c505d-c15f-5eb8-ac3e-fd6c0180066b,2026,main_school,HFNU,合肥师范学院,,not_published,,4900,2,,true,official_plan_row_without_joint_training_remark,SRC-HFNU-2026-ZC,"{""asset_id"":""ASSET-HFNU-2026-ZC-PDF"",""page"":1,""row_key"":""通信工程"",""section"":""招生专业计划""}"
OFF-4dca2114-009e-5ec0-a9ff-8fd097745fad,PY-290a1ee3-ba61-51ad-8200-9203c30cb382,2026,main_school,HFNU,合肥师范学院,,not_published,,8000,2,师范,true,official_plan_row_without_joint_training_remark,SRC-HFNU-2026-ZC,"{""asset_id"":""ASSET-HFNU-2026-ZC-PDF"",""page"":1,""row_key"":""音乐学"",""section"":""招生专业计划""}"
OFF-39654e83-9c6e-5ee9-9adf-6ee13330c87e,PY-589eff83-7764-5386-b721-c8e025c15c6e,2026,joint_training,INST-d94aba63-82b9-56a4-b842-fa4e6eb73179,马鞍山师范高等专科学校,,not_published,安徽省马鞍山市雨山区湖西中路85号,4900,2,与马鞍山师范高等专科学校联合培养,false,,SRC-HFNU-2026-ZC,"{""asset_id"":""ASSET-HFNU-2026-ZC-PDF"",""page"":2,""row_key"":""食品质量与安全"",""section"":""招生专业计划""}"
