path,sha256,size_bytes,mode
anhui_zsb_data/raw_acquisition/institutions/majors/2026/合肥师范学院_专业课大纲.json,591536ae2b18e90380e5fee9b14c1a27f93a48808509dd487ba1e26745a9285f,2258,0o444
anhui_zsb_data/raw_acquisition/institutions/majors/2026/安徽三联学院_专业课大纲.json,a945a50189f3e8454c94bc455b3d1c2e1c4144d1173f540e13f6223b8bef1f8a,1178,0o444
anhui_zsb_data/raw_acquisition/institutions/majors/2026/安徽中医药大学_专业课大纲.json,5a92b69cea652a226f488212ef67baf599972ad5d6c7767754125f01fca4a48e,2589,0o444
anhui_zsb_data/raw_acquisition/institutions/majors/2026/安徽信息工程学院_专业课大纲.json,af138a7ea4f463468f198dd0ff585364715c04536a98bd8216c018604dfdc9a7,1875,0o444
anhui_zsb_data/raw_acquisition/institutions/majors/2026/安徽农业大学_园艺专业.json,15abffea4968b34244fc9fe73bfdd1a3be6a8a1f88c5efcfa0d498e7dedca0c8,2283,0o444
anhui_zsb_data/raw_acquisition/institutions/majors/2026/安徽医科大学_专业课大纲.json,67d81e41c02a4d9b7a151f29424284d9124a406b2929fc0671798e278d8cc866,1941,0o444
anhui_zsb_data/raw_acquisition/institutions/majors/2026/安徽工业大学_机械设计制造及其自动化.json,498c59f254b95b62cc5732e116b70f7ae9d3ca9548948b79696b63154b916674,2062,0o444
anhui_zsb_data/raw_acquisition/institutions/majors/2026/安徽师范大学_专业课大纲.json,667cc6ffce88153cab12fdc5d6059722012e8882532b793586cb8e3306dd7458,1389,0o444
anhui_zsb_data/raw_acquisition/institutions/majors/2026/安徽建筑大学_专业课大纲.json,807a9a2496f60b8108d627cfddaf9e68673afce7bd90110b88273f8b300f2d12,3815,0o444
anhui_zsb_data/raw_acquisition/institutions/majors/2026/安徽新华学院_专业课大纲.json,a107fe5015d40e9b7013d0e2c31e4ca061a77cda1eb53648be96c2a53637f2b0,2044,0o444
anhui_zsb_data/raw_acquisition/institutions/majors/2026/安徽第二医学院_专业课大纲.json,63a7524af9ba9fcf4b998bc76ed4bb4dea438eb26c34a411dd4661052208fa98,3024,0o444
anhui_zsb_data/raw_acquisition/institutions/majors/2026/安徽财经大学_专业课大纲.json,a1eeb5458931d79e8af997e8d3ddf9e247a3259339f5f66ec619c26277a5ecf4,1619,0o444
anhui_zsb_data/raw_acquisition/institutions/majors/2026/宿州学院_专业课大纲.json,eaa0c319b3db568e2ee9fd593dbd58ab3da8fab24f9917b82fd5d7fd8c56a3a5,1201,0o444
anhui_zsb_data/raw_acquisition/institutions/majors/2026/池州学院_专业课大纲.json,0ce61ef62b86a4bd17633b9e99c66cc7aaabe98fffe56e07fa411c84f368fb32,3972,0o444
anhui_zsb_data/raw_acquisition/institutions/majors/2026/皖西学院_专业课大纲.json,42ccb8fdb339fb2fa99fe33e0504bacba75bd0c86b1742e8389bb1c60e500bac,5109,0o444
anhui_zsb_data/raw_acquisition/institutions/majors/2026/蚌埠医科大学_专业课大纲.json,830abe1389938e3449334b687975697be0cdd07c6622a8c9e760c2eab186f24f,2000,0o444
anhui_zsb_data/raw_acquisition/institutions/majors/2026/铜陵学院_专业课大纲.json,a3a86b3c95d699cb829d2d1216cf569bc3a1f82f272a9c4ed200f170676d3ba4,1721,0o444
anhui_zsb_data/raw_acquisition/institutions/majors/2026/阜阳理工学院_专业课大纲.json,075873ca61c3108084e794ac0e1d0f3d07e1905d8a3d72c1c6eceda3a1dec15a,1418,0o444
anhui_zsb_data/raw_acquisition/institutions/majors/2026/黄山学院_专业课大纲.json,e983a84497ceb0bf3fd4473e72b6676e45e8600861916c1828934899928535b1,2100,0o444
anhui_zsb_data/raw_acquisition/institutions/亳州学院/2025/2025_亳州学院_招生章程.htm,3916b2fcc91931c2d08b8a3949873f92b51d8e8226c2b070388432b435bb84ef,8520,0o444
anhui_zsb_data/raw_acquisition/institutions/亳州学院/2025/2025_亳州学院_招生章程.pdf,6fce500c0da89eae386ac680c8aaefbc4c2331462ef431db18ac14149208c7d3,231702,0o444
anhui_zsb_data/raw_acquisition/institutions/亳州学院/2025/2025_亳州学院_招生章程_text.txt,e456028c63ea56b18b4be3b4cda01e032dea94587fdd7b0e1958d932a6037b5b,1803,0o444
anhui_zsb_data/raw_acquisition/institutions/亳州学院/2026/2026_亳州学院_招生章程.htm,028f8433e42ced6b0113b81f524a8585e0583e607f13c5ed7762fe3dc60327d8,8520,0o444
anhui_zsb_data/raw_acquisition/institutions/亳州学院/2026/2026_亳州学院_招生章程.pdf,caaca3215b5fd0f563263345520218cf3e2b298afdfca275c1f30463986c33ef,231674,0o444
anhui_zsb_data/raw_acquisition/institutions/亳州学院/2026/2026_亳州学院_招生章程_text.txt,587ac5115d2865344f897dbf7fa0564cc00fa25940a33365b4c25b99584ef21d,1803,0o444
anhui_zsb_data/raw_acquisition/institutions/合肥城市学院/2024/2024_合肥城市学院_分专业招生计划.htm,00658deb4754998b662f6c6758e9fb9a314d1cf8e4a211925aa98fa9b16eb10f,61121,0o444
anhui_zsb_data/raw_acquisition/institutions/合肥城市学院/2025/2025_合肥城市学院_招生章程.htm,49ab45168db523bb9654267b1b45a5dfd93af9086e2fd229ba036c29f7fba4a9,8532,0o444
anhui_zsb_data/raw_acquisition/institutions/合肥城市学院/2025/2025_合肥城市学院_招生章程.pdf,cf03ac3003aba82bc062bad1fb6b961f9f338cf61a221d3a757b638f2d160cf0,228498,0o444
anhui_zsb_data/raw_acquisition/institutions/合肥城市学院/2025/2025_合肥城市学院_招生章程_text.txt,430a8579c2940c9eebfec230d858bf57b1a8bcdf3a64c1c9bafe51c454a02ec0,1815,0o444
anhui_zsb_data/raw_acquisition/institutions/合肥城市学院/2026/2026_合肥城市学院_招生章程.htm,698070f43b339e414da34319c1f9f170122282e18db83ff9eb96deea736e2244,8532,0o444
anhui_zsb_data/raw_acquisition/institutions/合肥城市学院/2026/2026_合肥城市学院_招生章程.pdf,5e97c9af08c55af77519981a0971ccf09ccfd5852046ba1e06b5490b751e2024,225774,0o444
anhui_zsb_data/raw_acquisition/institutions/合肥城市学院/2026/2026_合肥城市学院_招生章程_text.txt,130e30a4377c714355ecaf92948b8b06e23107d68f25a4ca4c22327db1f75642,1815,0o444
anhui_zsb_data/raw_acquisition/institutions/合肥大学/2025/2025_合肥大学_招生章程.htm,ff4fb93753987b43bcf29f1b4829d1952918ca7e509236632aabad8dd442f58e,8508,0o444
anhui_zsb_data/raw_acquisition/institutions/合肥大学/2025/2025_合肥大学_招生章程.pdf,d5cd1b03f936834b05bcee83355b92611578d6dc5789e5a2d006ce87260e6cd1,268004,0o444
anhui_zsb_data/raw_acquisition/institutions/合肥大学/2025/2025_合肥大学_招生章程_text.txt,605f1442ffebc27c6c3b6b566fb1e5f62cbd3de04d7995421303422bb603b70c,1791,0o444
anhui_zsb_data/raw_acquisition/institutions/合肥大学/2026/2026_合肥大学_招生章程.htm,347cb73540058a46eacc7f71f740521a17bfa6096f4162403cdc09ef7d202582,8508,0o444
anhui_zsb_data/raw_acquisition/institutions/合肥大学/2026/2026_合肥大学_招生章程.pdf,2df698ac32a46adfd268797f68b8652479a10c025ec3fa316904fa3b90fc1f99,317702,0o444
anhui_zsb_data/raw_acquisition/institutions/合肥大学/2026/2026_合肥大学_招生章程_text.txt,45494cb8a1aac5472e45d7ba1d5186c1d1dc54d60f3d7ad0be45b7bb5c6f4998,1791,0o444
anhui_zsb_data/raw_acquisition/institutions/合肥师范学院/2025/2025_合肥师范学院_招生章程.htm,d6bda8aa9f7008625dc1ee0abc03d7c51df18a9140c3737bb6ec1d77abec6188,8532,0o444
anhui_zsb_data/raw_acquisition/institutions/合肥师范学院/2025/2025_合肥师范学院_招生章程.pdf,52259c218fdb48295fb782c99244dbeb4af8efe237d8ddb63bf27f46af59168e,405194,0o444
anhui_zsb_data/raw_acquisition/institutions/合肥师范学院/2025/2025_合肥师范学院_招生章程_text.txt,556fd0436e6cd3c046c11ceab24d6ad244a2e601d3ae47b840fa58c4807b338b,1815,0o444
anhui_zsb_data/raw_acquisition/institutions/合肥师范学院/2026/2026_合肥师范学院_招生章程.htm,efd77906a241d47ad8993ff158509f7f87aaa688ce42741b33f0729aba039805,8532,0o444
anhui_zsb_data/raw_acquisition/institutions/合肥师范学院/2026/2026_合肥师范学院_招生章程.pdf,dc078db203863ceaf67cab0ccd3ad89b88305753c3604709dd17f2b0c80d7a0d,460853,0o444
anhui_zsb_data/raw_acquisition/institutions/合肥师范学院/2026/2026_合肥师范学院_招生章程_text.txt,18f116d608252780ac821a77a5d2fe69427351549f21b15266ec2d5420aa6d89,1815,0o444
anhui_zsb_data/raw_acquisition/institutions/合肥经济学院/2025/2025_合肥经济学院_招生章程.htm,a1432e1031a4e3ab7501f2a63896c1378e49f5daadf23bf34420b45a96ac5b05,8532,0o444
anhui_zsb_data/raw_acquisition/institutions/合肥经济学院/2025/2025_合肥经济学院_招生章程.pdf,4477c42b39dd71f602e31a6dc394ae555951bcc586a2f4f7d8aca304e440fccf,673795,0o444
anhui_zsb_data/raw_acquisition/institutions/合肥经济学院/2025/2025_合肥经济学院_招生章程_text.txt,8019d10e900a5bf7e17200b6ed3fb7baca27a015c23135773e3de0ce6f996c1b,1815,0o444
anhui_zsb_data/raw_acquisition/institutions/合肥经济学院/2026/2026_合肥经济学院_招生章程.htm,f8239a5577ac0cb66c1078f44a2ec7e8346fc6288b69aa8890c4d576147cf50e,8532,0o444
anhui_zsb_data/raw_acquisition/institutions/合肥经济学院/2026/2026_合肥经济学院_招生章程.pdf,d9e47f1fa269c5354b7d2a9d646da90043e7f67ac3f9b60f822b77e1badfadfe,305946,0o444
anhui_zsb_data/raw_acquisition/institutions/合肥经济学院/2026/2026_合肥经济学院_招生章程_text.txt,4e7012c5e786d69f001dcfd8b324a76f952371d02d9ef646cbdf6130af059116,1815,0o444
anhui_zsb_data/raw_acquisition/institutions/安庆师范大学/2025/2025_安庆师范大学_招生章程.htm,c593b83982d39e1a7334248fc598d021a17ad0794fd2e7466d9f8dfb94688a53,8555,0o444
anhui_zsb_data/raw_acquisition/institutions/安庆师范大学/2025/2025_安庆师范大学_招生章程.pdf,212408bc76ee6478b2bdf8449b032051de71d2efa08597613db9666645b82b0d,382227,0o444
anhui_zsb_data/raw_acquisition/institutions/安庆师范大学/2025/2025_安庆师范大学_招生章程_text.txt,cd59f9ce6722ae7d87d933a34691b0d062a09adfe09f31b3f4292d83034d01c4,1839,0o444
anhui_zsb_data/raw_acquisition/institutions/安庆师范大学/2026/2026_安庆师范大学_招生章程.htm,5bd6ab6b24238ab528e9df1cf59ceb584b88c555344f96cc2918b470a92c0940,8556,0o444
anhui_zsb_data/raw_acquisition/institutions/安庆师范大学/2026/2026_安庆师范大学_招生章程.pdf,beca50c35c8d65c1565bf576d338323ba757aa43ceee7e11d91e13ddb1768f23,244134,0o444
anhui_zsb_data/raw_acquisition/institutions/安庆师范大学/2026/2026_安庆师范大学_招生章程_text.txt,a7aa88444bcf26c6ad10addee634b3262c399148604eb6c7c69693f0703ea3d4,1839,0o444
anhui_zsb_data/raw_acquisition/institutions/安徽三联学院/2025/2025_安徽三联学院_招生章程.htm,be19a736ab1af8dbd94ffbbf09985902c4057fbca1914a013d87f6cbcf8a64a7,8556,0o444
anhui_zsb_data/raw_acquisition/institutions/安徽三联学院/2025/2025_安徽三联学院_招生章程.pdf,3ffce446bdbb6c4cd1568edc092cde72c1ffe94af68b3a39510dd9ad8c88f8a0,493448,0o444
anhui_zsb_data/raw_acquisition/institutions/安徽三联学院/2025/2025_安徽三联学院_招生章程_text.txt,10add132cbde981d96a0e8744e90998fd145c6cdbf032cb4e295ba939ab4140b,1839,0o444
anhui_zsb_data/raw_acquisition/institutions/安徽三联学院/2026/2026_安徽三联学院_招生章程.htm,c89398037e18670d1ebb7735604fdf6ed9f979ba231ebb91b670219bba51c3c6,8556,0o444
anhui_zsb_data/raw_acquisition/institutions/安徽三联学院/2026/2026_安徽三联学院_招生章程.pdf,2edfd4832245d9259b51f16edd1708289b451fc78e36f509faf8a5ea59321b65,239489,0o444
anhui_zsb_data/raw_acquisition/institutions/安徽三联学院/2026/2026_安徽三联学院_招生章程_text.txt,b902e25cd51558c1291521fa132cafcf2cb5b3f52a38e2dd00c5cc5e0938c2cb,1839,0o444
anhui_zsb_data/raw_acquisition/institutions/安徽中医药大学/2025/2025_安徽中医药大学_招生章程.htm,19be38c736ec03686e0ac7fa4b487178e6eb416c153cd90144e032b68fa72a2f,8562,0o444
anhui_zsb_data/raw_acquisition/institutions/安徽中医药大学/2025/2025_安徽中医药大学_招生章程.pdf,51a740a49c46c2874261fdc943ec3293e27e605095a4e6ca52dfa704cf98eac5,369631,0o444
anhui_zsb_data/raw_acquisition/institutions/安徽中医药大学/2025/2025_安徽中医药大学_招生章程_text.txt,b015479459372fa6a4396ecc5aa31f36f80071470feba53b751dd2d17c668750,1845,0o444
anhui_zsb_data/raw_acquisition/institutions/安徽中医药大学/2026/2026_安徽中医药大学_招生章程.htm,9ef749326723b1faedc227b3cdcb9be476969254268db4c7c5ee9285055621d3,8562,0o444
anhui_zsb_data/raw_acquisition/institutions/安徽中医药大学/2026/2026_安徽中医药大学_招生章程.pdf,161101a02faa8b16301f7a7d5bca66aed96aec12dc656c32d9ceb1ca1783de8b,387211,0o444
anhui_zsb_data/raw_acquisition/institutions/安徽中医药大学/2026/2026_安徽中医药大学_招生章程_text.txt,4ae6760e3986132ff44fb3d4e8a8dc623e5d7933630d6381ab60f173f9314833,1845,0o444
anhui_zsb_data/raw_acquisition/institutions/安徽信息工程学院/2025/2025_安徽信息工程学院_招生章程.htm,acdab97635b1f4b40ce60588fc0b859ac0961b61726bac7d60bc5126122e9230,8580,0o444
anhui_zsb_data/raw_acquisition/institutions/安徽信息工程学院/2025/2025_安徽信息工程学院_招生章程.pdf,bb17919ba66d908b571f8d1779e2ea6c333a361295590a3c02bdd43db77e0331,183121,0o444
anhui_zsb_data/raw_acquisition/institutions/安徽信息工程学院/2025/2025_安徽信息工程学院_招生章程_text.txt,887fea22e14744119785f6f3a5db9b493697d12c81e70641ad86bf097d560a48,1863,0o444
anhui_zsb_data/raw_acquisition/institutions/安徽信息工程学院/2026/2026_安徽信息工程学院_招生章程.htm,836a7a9bcb1d0610a1cbd724a8c56adbb14101220ad5d5d476730a49e92c65c9,148591,0o444
anhui_zsb_data/raw_acquisition/institutions/安徽农业大学/2025/2025_安徽农业大学_招生章程.htm,19b822cf49e205840f0c541b43eb2cc43c7324623e96cc560b79b94399513cf2,8544,0o444
anhui_zsb_data/raw_acquisition/institutions/安徽农业大学/2025/2025_安徽农业大学_招生章程.pdf,313cb4628548792ccbb3e9eaf0de46fae009b83502da9187f348341f7eb0efe0,279543,0o444
anhui_zsb_data/raw_acquisition/institutions/安徽农业大学/2025/2025_安徽农业大学_招生章程_text.txt,833bf03b70efa82cab93da022a2777e8e1dc3c1d7fe7eab2d55e7448e00c9bd0,1827,0o444
anhui_zsb_data/raw_acquisition/institutions/安徽农业大学/2026/2026_安徽农业大学_招生章程.htm,0a0190b4af62f5d8515ae6bc7db283f23979f64910bf55d047fb27d144ca6c7d,8544,0o444
anhui_zsb_data/raw_acquisition/institutions/安徽农业大学/2026/2026_安徽农业大学_招生章程.pdf,df6754995449e517ab67840c8818cf74f8db5a4e528b2cc9a2c6db96fa0953f0,262593,0o444
anhui_zsb_data/raw_acquisition/institutions/安徽农业大学/2026/2026_安徽农业大学_招生章程_text.txt,a5314f9f6480ed4b4d6aa205a16ae8ecd61a9c4d85029b735517687c4c4f10eb,1827,0o444
anhui_zsb_data/raw_acquisition/institutions/安徽医科大学/2025/2025_安徽医科大学_招生章程.htm,36638941e4eeb730c19061952e1048d1bf093db4a91e4fc1c871e7c54e24942d,8543,0o444
anhui_zsb_data/raw_acquisition/institutions/安徽医科大学/2025/2025_安徽医科大学_招生章程.pdf,564786a9873857601515827ae1ad14d9b035f581975a5a6d9ea6fcf93a28a83f,409726,0o444
anhui_zsb_data/raw_acquisition/institutions/安徽医科大学/2025/2025_安徽医科大学_招生章程_text.txt,6a8f90b54b52418c72fe68b4199076afeb60c6b48a2d58207305ee75437775a6,1827,0o444
anhui_zsb_data/raw_acquisition/institutions/安徽医科大学/2026/2026_安徽医科大学_招生章程.htm,a28b40c5fe242b2f124b0ae6826045a6eb2000285f226b1f53f2c266072372a1,8546,0o444
anhui_zsb_data/raw_acquisition/institutions/安徽医科大学/2026/2026_安徽医科大学_招生章程.pdf,0cb553b6afe10b85cd0f7bcf4205ce3d8b69ed745c7b24a9187dfedf1dd52b1a,521949,0o444
anhui_zsb_data/raw_acquisition/institutions/安徽医科大学/2026/2026_安徽医科大学_招生章程_text.txt,74aa0fc66ea35460e7f2d092ba9260e0bfb3a4bc5b3066440a6ba34fa9c555d0,1827,0o444
anhui_zsb_data/raw_acquisition/institutions/安徽医科大学临床医学院/2025/2025_安徽医科大学临床医学院_招生章程.htm,869836df2a7ff6b25df426eaf43e5747e39a36cb1c2e5f4fe30af97418ed3af1,8585,0o444
anhui_zsb_data/raw_acquisition/institutions/安徽医科大学临床医学院/2025/2025_安徽医科大学临床医学院_招生章程.pdf,b8fb6a8eae7f36f1bcd4efb56790f0831c712db09dbb391fd08dc88314d58cc2,235977,0o444
anhui_zsb_data/raw_acquisition/institutions/安徽医科大学临床医学院/2025/2025_安徽医科大学临床医学院_招生章程_text.txt,e313e628a83495e8e2d1b167a006bf556fe9ecf118cdef89ec77511d3d584463,1869,0o444
anhui_zsb_data/raw_acquisition/institutions/安徽医科大学临床医学院/2026/2026_安徽医科大学临床医学院_招生章程.htm,ae1dfb5774d1955fa5f07cc24ca7d0df10307868ad66d428259999de66679a2d,8586,0o444
anhui_zsb_data/raw_acquisition/institutions/安徽医科大学临床医学院/2026/2026_安徽医科大学临床医学院_招生章程.pdf,f0ed622cc732e9a5f369df89226727c8a8903c32f946525fc496d564fdf31926,237473,0o444
anhui_zsb_data/raw_acquisition/institutions/安徽医科大学临床医学院/2026/2026_安徽医科大学临床医学院_招生章程_text.txt,9bdfd64e2d7cdae46270b11f4e6be7f31db0eb1460b61bb23b019bbf9f9145d3,1869,0o444
anhui_zsb_data/raw_acquisition/institutions/安徽外国语学院/2025/2025_安徽外国语学院_招生章程.htm,db9a01363d1ca42d0298b4624fe43a7bf1836f7aa5071faa3e8b9d783624d185,8565,0o444
anhui_zsb_data/raw_acquisition/institutions/安徽外国语学院/2025/2025_安徽外国语学院_招生章程.pdf,b0b7e7f2832d7bac14f625b90e07ec4422c59fc4359b548266ba9ca0f36fc804,274775,0o444
anhui_zsb_data/raw_acquisition/institutions/安徽外国语学院/2025/2025_安徽外国语学院_招生章程_text.txt,a3c7c2ecba8f0b575d6f9ef6ed26438cc8fe65767d68a03ff913bcecf2c938aa,1848,0o444
anhui_zsb_data/raw_acquisition/institutions/安徽外国语学院/2026/2026_安徽外国语学院_招生章程.htm,e36b1f19aa5dfcb3f145f8251c415e5f884ac7912161358a17c23a302916ec01,8565,0o444
anhui_zsb_data/raw_acquisition/institutions/安徽外国语学院/2026/2026_安徽外国语学院_招生章程.pdf,a52bdfb62275a38b9fc45c8a7d3f2e375fb79c058ab70085bab7f5d15839096f,273634,0o444
anhui_zsb_data/raw_acquisition/institutions/安徽外国语学院/2026/2026_安徽外国语学院_招生章程_text.txt,902434849151457e82f0389aabb66445af891fdcd48bf6593bc88115a26825bd,1848,0o444
anhui_zsb_data/raw_acquisition/institutions/安徽工业大学/2024/2024_安徽工业大学_录取分数线.htm,ef24673a47b0ffec012cd26764a6158430e389dc1b561707efe587bf9ec078a6,106425,0o444
anhui_zsb_data/raw_acquisition/institutions/安徽工业大学/2025/2025_安徽工业大学_录取分数线.htm,336ed1155111be9ebaefb3340f2d876876bee6bba81554c23366573d2bd6619b,110880,0o444
anhui_zsb_data/raw_acquisition/institutions/安徽工业大学/2025/2025_安徽工业大学_招生章程.htm,12277f89c656c75e0af449a66c84bf88e484d986936e8a5718c3ab79ee8d6e6e,8544,0o444
anhui_zsb_data/raw_acquisition/institutions/安徽工业大学/2025/2025_安徽工业大学_招生章程.pdf,91dbaab1831a31657b241e85a28523b919866eb83aa5b053e0a8c90419a6a312,329641,0o444
anhui_zsb_data/raw_acquisition/institutions/安徽工业大学/2025/2025_安徽工业大学_招生章程_text.txt,a0a234e55040b6d19002e2d3d29d87a412a7ac3a72256a8f7cd881a3143c26cb,1827,0o444
anhui_zsb_data/raw_acquisition/institutions/安徽工业大学/2026/2026_安徽工业大学_招生章程.htm,ec3655bba0eaf832113192637a8bf8e84ab1d2f862882f2a353cca0cae93cea2,8544,0o444
anhui_zsb_data/raw_acquisition/institutions/安徽工业大学/2026/2026_安徽工业大学_招生章程.pdf,e90c76b01ef0b383dbd21f492a7682e6454c37d92b87c7becad954369b0d729e,334154,0o444
anhui_zsb_data/raw_acquisition/institutions/安徽工业大学/2026/2026_安徽工业大学_招生章程_text.txt,751a2eaeb9a6adae6c57e1ce0194e8c28279bd8549470f66a32edbb96577e193,1827,0o444
anhui_zsb_data/raw_acquisition/institutions/安徽师范大学/2025/2025_安徽师范大学_招生章程.htm,2a64a777701f1c784bc741070a92ddef4498b337f9e16fb13e09ccb3cb32b0d2,8556,0o444
anhui_zsb_data/raw_acquisition/institutions/安徽师范大学/2025/2025_安徽师范大学_招生章程.pdf,e81f38a851a2cffe38342010db73827a819fae97e2d2fc7bac3243e8ab96c075,340053,0o444
anhui_zsb_data/raw_acquisition/institutions/安徽师范大学/2025/2025_安徽师范大学_招生章程_text.txt,cd59f9ce6722ae7d87d933a34691b0d062a09adfe09f31b3f4292d83034d01c4,1839,0o444
anhui_zsb_data/raw_acquisition/institutions/安徽师范大学/2026/2026_安徽师范大学_招生章程.htm,68775bb2853f1cef689ed7d66d05010b6073b1e6a8cc50039411582e73512dc1,8556,0o444
anhui_zsb_data/raw_acquisition/institutions/安徽师范大学/2026/2026_安徽师范大学_招生章程.pdf,57a3cb813929396258edbd82b593b0d8ec9bdc7124321707dfea8c523eb02d0d,280342,0o444
anhui_zsb_data/raw_acquisition/institutions/安徽师范大学/2026/2026_安徽师范大学_招生章程_text.txt,a7aa88444bcf26c6ad10addee634b3262c399148604eb6c7c69693f0703ea3d4,1839,0o444
anhui_zsb_data/raw_acquisition/institutions/安徽建筑大学/2025/2025_安徽建筑大学_招生章程.htm,a7cd8df05feada1b8edba4d19d424b1f93da33f7d9943f7c32c5707c8719bdf9,8556,0o444
anhui_zsb_data/raw_acquisition/institutions/安徽建筑大学/2025/2025_安徽建筑大学_招生章程.pdf,b55a3d293b05e5c0921aa01e2bc22522206adf6817b3382de3767a04c4e7f430,238163,0o444
anhui_zsb_data/raw_acquisition/institutions/安徽建筑大学/2025/2025_安徽建筑大学_招生章程_text.txt,a37030012f56b6c56eb29fa69897739bb76524f00c49343580c1f65dafe45c16,1839,0o444
anhui_zsb_data/raw_acquisition/institutions/安徽建筑大学/2026/2026_安徽建筑大学_招生章程.htm,8b567355f6c414de76292402f455b20fef7637762c8855aae49df0c6265521da,8556,0o444
anhui_zsb_data/raw_acquisition/institutions/安徽建筑大学/2026/2026_安徽建筑大学_招生章程.pdf,bf5aa301957814ac40ce59e84c755a97243ad4e5f41bc698f17e405060e10084,444074,0o444
anhui_zsb_data/raw_acquisition/institutions/安徽建筑大学/2026/2026_安徽建筑大学_招生章程_text.txt,0ef28b7478714fa4628a30dbfa95822feee9eb9110e1ddb588eb07c4b3c4e519,1839,0o444
anhui_zsb_data/raw_acquisition/institutions/安徽文达信息工程学院/2025/2025_安徽文达信息工程学院_招生章程.htm,029957dcee0184e9f64cfc310fb8c2ea07a063c098f790760dda622e03f0d9f4,8604,0o444
anhui_zsb_data/raw_acquisition/institutions/安徽文达信息工程学院/2025/2025_安徽文达信息工程学院_招生章程.pdf,39f08ca1e248bdea9a22b24920f6bc77bcbc237cb2ebe45578c2ef4f635ca28e,246797,0o444
anhui_zsb_data/raw_acquisition/institutions/安徽文达信息工程学院/2025/2025_安徽文达信息工程学院_招生章程_text.txt,9f50b297a0aa57474c14b60641a88b215794aa5480147ef44f063341fd0a210c,1887,0o444
anhui_zsb_data/raw_acquisition/institutions/安徽文达信息工程学院/2026/2026_安徽文达信息工程学院_招生章程.htm,926f403dd0025e2e3a37ce972255229f7fde6388fbc9488fbaf65d8e324e9778,8604,0o444
anhui_zsb_data/raw_acquisition/institutions/安徽文达信息工程学院/2026/2026_安徽文达信息工程学院_招生章程.pdf,2bcbf2a162257bdd20a8c4fdc4e2bbf6de6464737d91d5340fb97af427ea985e,206894,0o444
anhui_zsb_data/raw_acquisition/institutions/安徽文达信息工程学院/2026/2026_安徽文达信息工程学院_招生章程_text.txt,14637be85c09c3acd56ee2e08e6ff7c3f6e72c77d2a133cd730c65e76801a98f,1887,0o444
anhui_zsb_data/raw_acquisition/institutions/安徽新华学院/2025/2025_安徽新华学院_招生章程.htm,332d32ec364d52e700ea3a014eee590a4f11f231a17278bf60592889b766690a,8544,0o444
anhui_zsb_data/raw_acquisition/institutions/安徽新华学院/2025/2025_安徽新华学院_招生章程.pdf,998ad820d9b0236a0fb8c8d2136c49de8ad0791fb150ea93b5e4cf847082944a,241518,0o444
anhui_zsb_data/raw_acquisition/institutions/安徽新华学院/2025/2025_安徽新华学院_招生章程_text.txt,912abd8271bd29101ea65023ff128fc82d966ff7913e0cb54b7f2edb14e9f163,1827,0o444
anhui_zsb_data/raw_acquisition/institutions/安徽新华学院/2026/2026_安徽新华学院_招生章程.htm,3982472353518727c8d246fd539e627cb4a413e3c52d35b7f0b9cace50b0ccb3,8544,0o444
anhui_zsb_data/raw_acquisition/institutions/安徽新华学院/2026/2026_安徽新华学院_招生章程.pdf,25699e94559ade7c4a677514998069d1cc904464bcca04e706645fa0862712a4,241957,0o444
anhui_zsb_data/raw_acquisition/institutions/安徽新华学院/2026/2026_安徽新华学院_招生章程_text.txt,bcda9b357eb8c9c33ce8e59cfc6d28aa719e7ac9f27c97b72d0a0d7c14ee18f1,1827,0o444
anhui_zsb_data/raw_acquisition/institutions/安徽新华学院/2026/2026_安徽新华学院_考试大纲.htm,f8adcdd4fcc2218d8d8b8866d188a38e2184bef36a169de40d244d625b44c12c,15771,0o444
anhui_zsb_data/raw_acquisition/institutions/安徽理工大学/2025/2025_安徽理工大学_招生章程.htm,bf29782a5085b829a8d76bc985a4d6d046f2bb0dbc86498dbbe91c70d8aecc3a,8568,0o444
anhui_zsb_data/raw_acquisition/institutions/安徽理工大学/2025/2025_安徽理工大学_招生章程.pdf,a04ba286780fe70d7613f46e1172675dfecdc5150ea5f1489f0f70888bf9b05a,190392,0o444
anhui_zsb_data/raw_acquisition/institutions/安徽理工大学/2025/2025_安徽理工大学_招生章程_text.txt,47e970d223c76bc03757a4f5b6d8ab4627c4b854aecc9171688aacca4020c4f9,1851,0o444
anhui_zsb_data/raw_acquisition/institutions/安徽科技工程大学/2025/2025_安徽科技工程大学_招生章程.htm,53c285f7daf07adb390f0a5a687aa980a1ebc028904721348bd8f18b1383f590,8532,0o444
anhui_zsb_data/raw_acquisition/institutions/安徽科技工程大学/2025/2025_安徽科技工程大学_招生章程.pdf,98f08cbd736fde57f0e5113bc77aa2508fb337a02823faa101034ea7d39e2220,637261,0o444
anhui_zsb_data/raw_acquisition/institutions/安徽科技工程大学/2025/2025_安徽科技工程大学_招生章程_text.txt,7513ecafaf8eb4ea62d5a43c194d3b342dcc34e5d307d86d67b00dd371df84e5,1815,0o444
anhui_zsb_data/raw_acquisition/institutions/安徽科技工程大学/2026/2026_安徽科技工程大学_招生章程.htm,9b2690546080f0e7f8ad1a91d9178732ec414de5c12ca59679c8aa09941babdc,8568,0o444
anhui_zsb_data/raw_acquisition/institutions/安徽科技工程大学/2026/2026_安徽科技工程大学_招生章程.pdf,e7b39d5f7de2ca4d4c9f2f019ea53cd222344f3633b95d3ec0707973e930f211,639208,0o444
anhui_zsb_data/raw_acquisition/institutions/安徽科技工程大学/2026/2026_安徽科技工程大学_招生章程_text.txt,d9e39ec1be0d712e34653da2765888d68c727717f307e617a48a70a6d8229ae6,1851,0o444
anhui_zsb_data/raw_acquisition/institutions/安徽第二医学院/2026/2026_安徽第二医学院_招生章程.htm,5317692db4805fa8a1bbec32620154bb76c61735263d6432b4a0ee931e80cad8,8538,0o444
anhui_zsb_data/raw_acquisition/institutions/安徽第二医学院/2026/2026_安徽第二医学院_招生章程.pdf,9fc758215b6328646d22dd83b0d4b1d7a8ffd34f405efad2a091ea948f909f8f,344775,0o444
anhui_zsb_data/raw_acquisition/institutions/安徽第二医学院/2026/2026_安徽第二医学院_招生章程_text.txt,43d1a11a3ab4c3e2134fb01d46db94cda9ad129646d1fc9b49399d98f428cb3c,1821,0o444
anhui_zsb_data/raw_acquisition/institutions/安徽职业技术大学/2026/2026_安徽职业技术大学_招生章程.htm,e65dfb706fa05fcfde54c66d60b3a50d8a3cc2543268b660e545677f41c7eb45,8580,0o444
anhui_zsb_data/raw_acquisition/institutions/安徽职业技术大学/2026/2026_安徽职业技术大学_招生章程.pdf,015d6f6bafbed1290bbf2ae0cb57acf00edcb9f2507d8cc52e1234dc9ad8e227,2589414,0o444
anhui_zsb_data/raw_acquisition/institutions/安徽职业技术大学/2026/2026_安徽职业技术大学_招生章程_text.txt,a122ffd50cb449509c69ad0a9e4ddf70057e6d05414effe02ca441b90787fed1,1863,0o444
anhui_zsb_data/raw_acquisition/institutions/安徽艺术学院/2025/2025_安徽艺术学院_招生章程.htm,891323ec3bdd7ded64d333a2050e38595b810c99a651d73d54d7b948f1fd32ce,8556,0o444
anhui_zsb_data/raw_acquisition/institutions/安徽艺术学院/2025/2025_安徽艺术学院_招生章程.pdf,7163fd14aae0c9c8e131ccfcd439750252ab194b1d4c346835a4e664cba5ce21,201430,0o444
anhui_zsb_data/raw_acquisition/institutions/安徽艺术学院/2025/2025_安徽艺术学院_招生章程_text.txt,10add132cbde981d96a0e8744e90998fd145c6cdbf032cb4e295ba939ab4140b,1839,0o444
anhui_zsb_data/raw_acquisition/institutions/安徽艺术学院/2026/2026_安徽艺术学院_招生章程.htm,252628cab84b013e72787d9583d94d658f845bb5b59ddd1c6045747a8b638fbd,8556,0o444
anhui_zsb_data/raw_acquisition/institutions/安徽艺术学院/2026/2026_安徽艺术学院_招生章程.pdf,3eb40ab345d2165c158896ae8d904746e0831a36fc7be74d4b8b9d5948c40ff9,205590,0o444
anhui_zsb_data/raw_acquisition/institutions/安徽艺术学院/2026/2026_安徽艺术学院_招生章程_text.txt,b902e25cd51558c1291521fa132cafcf2cb5b3f52a38e2dd00c5cc5e0938c2cb,1839,0o444
anhui_zsb_data/raw_acquisition/institutions/安徽财经大学/2026/2026_安徽财经大学_招生章程.htm,363fa169fb7b5a8ef3932ea5b47ca8065ca98f668795f9fa98203e4c3d99b685,8544,0o444
anhui_zsb_data/raw_acquisition/institutions/安徽财经大学/2026/2026_安徽财经大学_招生章程.pdf,eb1d763fda38460eae5104c919cfc9055ec1bea6d8cea9b239a7cc6027926a77,231193,0o444
anhui_zsb_data/raw_acquisition/institutions/安徽财经大学/2026/2026_安徽财经大学_招生章程_text.txt,e929e0943fad97e21ed37f55e8ac7c438ff94edbbe2e46eae05b8f2b6f08cbf9,1827,0o444
anhui_zsb_data/raw_acquisition/institutions/宿州学院/2025/2025_宿州学院_招生章程.htm,d1bbf596c2070b2e215eac76c7a8223a4327a0f382a2fc2b658b7127160f2c32,8518,0o444
anhui_zsb_data/raw_acquisition/institutions/宿州学院/2025/2025_宿州学院_招生章程.pdf,b38fd862ad78f64f9955f526de264ab9b39a6919349c447da0f9e2c93ad9ae95,278332,0o444
anhui_zsb_data/raw_acquisition/institutions/宿州学院/2025/2025_宿州学院_招生章程_text.txt,e456028c63ea56b18b4be3b4cda01e032dea94587fdd7b0e1958d932a6037b5b,1803,0o444
anhui_zsb_data/raw_acquisition/institutions/宿州学院/2026/2026_宿州学院_招生章程.htm,f73367df3f91911aad23e10d02703e597130f03b0eeaafb64300118da56dcdb6,8519,0o444
anhui_zsb_data/raw_acquisition/institutions/宿州学院/2026/2026_宿州学院_招生章程.pdf,f74885c13c485d04cdfe000a018ba48f079bac84a0080daed7f727c5052c3894,270087,0o444
anhui_zsb_data/raw_acquisition/institutions/宿州学院/2026/2026_宿州学院_招生章程_text.txt,587ac5115d2865344f897dbf7fa0564cc00fa25940a33365b4c25b99584ef21d,1803,0o444
anhui_zsb_data/raw_acquisition/institutions/巢湖学院/2025/2025_巢湖学院_招生章程.htm,b15e07c149414e4018f3b9c13746c28f3ad13504d35d5c66450343297384efb3,8521,0o444
anhui_zsb_data/raw_acquisition/institutions/巢湖学院/2025/2025_巢湖学院_招生章程.pdf,c0c47a2b8a565996bcf43bd1cb5816ec05399165e734c7d07a56469d1f4881cf,361658,0o444
anhui_zsb_data/raw_acquisition/institutions/巢湖学院/2025/2025_巢湖学院_招生章程_text.txt,c20a5f5887bad620564b79229e29fd099e1d7d09bb512b6213388bcbadf85abe,1804,0o444
anhui_zsb_data/raw_acquisition/institutions/巢湖学院/2026/2026_巢湖学院_招生章程.htm,fb048f99852713884ca897390ec2337b2fe616cd47ffee6c56cf25c70f5eedf2,8520,0o444
anhui_zsb_data/raw_acquisition/institutions/巢湖学院/2026/2026_巢湖学院_招生章程.pdf,c5fa61319ef42381708db283e2a9f8f8d6964164c60943e25157b44a96e005b4,363253,0o444
anhui_zsb_data/raw_acquisition/institutions/巢湖学院/2026/2026_巢湖学院_招生章程_text.txt,587ac5115d2865344f897dbf7fa0564cc00fa25940a33365b4c25b99584ef21d,1803,0o444
anhui_zsb_data/raw_acquisition/institutions/池州学院/2025/2025_池州学院_招生章程.htm,368a0347566b454765ad771f40d8972aaffbe744c8084fd7f61a6a4e4a5988f4,8520,0o444
anhui_zsb_data/raw_acquisition/institutions/池州学院/2025/2025_池州学院_招生章程.pdf,3f0bebcbd39b096af17bcea850366a518a9d5c1ab5f775be8add2d91fe50bf0e,187764,0o444
anhui_zsb_data/raw_acquisition/institutions/池州学院/2025/2025_池州学院_招生章程_text.txt,e456028c63ea56b18b4be3b4cda01e032dea94587fdd7b0e1958d932a6037b5b,1803,0o444
anhui_zsb_data/raw_acquisition/institutions/池州学院/2026/2026_池州学院_招生方案.htm,a7e15771b5a56cc96fb94d5e73ed1ec5bce65d27d7efff648ebfd417aa38990d,77535,0o444
anhui_zsb_data/raw_acquisition/institutions/池州学院/2026/2026_池州学院_招生章程.pdf,8e5cc7504afef96ff5624a41c62b3ca0f06cdedfc9a611dc1e0188a5601beadb,190834,0o444
anhui_zsb_data/raw_acquisition/institutions/淮北理工学院/2025/2025_淮北理工学院_招生章程.htm,521dfc0fd96f13ddefaf0cc818e8ed0762ad9791a766b0ecbefff1b77b4d4d74,8556,0o444
anhui_zsb_data/raw_acquisition/institutions/淮北理工学院/2025/2025_淮北理工学院_招生章程.pdf,6c9b18a00d55a809230ad63653b17ef537ea3ed972157232a78cb7c1ad2cd554,313881,0o444
anhui_zsb_data/raw_acquisition/institutions/淮北理工学院/2025/2025_淮北理工学院_招生章程_text.txt,10add132cbde981d96a0e8744e90998fd145c6cdbf032cb4e295ba939ab4140b,1839,0o444
anhui_zsb_data/raw_acquisition/institutions/淮北理工学院/2026/2026_淮北理工学院_招生章程.htm,ce54691e08f3829936038f155850a965411e58e6d883cacbd69caecd5cfce841,8556,0o444
anhui_zsb_data/raw_acquisition/institutions/淮北理工学院/2026/2026_淮北理工学院_招生章程.pdf,68081a8ffad7b3805743a3b1954a375b3d80712ab8fe164a7120b7ac6845c287,317908,0o444
anhui_zsb_data/raw_acquisition/institutions/淮北理工学院/2026/2026_淮北理工学院_招生章程_text.txt,b902e25cd51558c1291521fa132cafcf2cb5b3f52a38e2dd00c5cc5e0938c2cb,1839,0o444
anhui_zsb_data/raw_acquisition/institutions/淮南师范学院/2025/2025_淮南师范学院_招生章程.htm,0298ff47db8c44edd5f6d9b001e5922e70ff3cdb1c5f0abb6430576033223578,8544,0o444
anhui_zsb_data/raw_acquisition/institutions/淮南师范学院/2025/2025_淮南师范学院_招生章程.pdf,5e144d87927e77a3d791e518298d15d7a4b4350c3a47329882ab672ce112192c,177907,0o444
anhui_zsb_data/raw_acquisition/institutions/淮南师范学院/2025/2025_淮南师范学院_招生章程_text.txt,957f4b33ba627261964bc1f0082217052c1b5d3439afb4749b725c102069e8a2,1827,0o444
anhui_zsb_data/raw_acquisition/institutions/淮南师范学院/2026/2026_淮南师范学院_招生章程.htm,34a98125923ccd72cb778daae3876bcd56238147a81dda3896aac03ac4221c09,8544,0o444
anhui_zsb_data/raw_acquisition/institutions/淮南师范学院/2026/2026_淮南师范学院_招生章程.pdf,87255416bf57efa22b26970c2a5186c5a38eb50ee25494478b32a39f05761ad6,298087,0o444
anhui_zsb_data/raw_acquisition/institutions/淮南师范学院/2026/2026_淮南师范学院_招生章程_text.txt,0fa59a7172a92c892de6592076c05a5f7ab071f8d090d8380f6203744b880203,1827,0o444
anhui_zsb_data/raw_acquisition/institutions/滁州学院/2025/2025_滁州学院_招生章程.htm,15202dff324615d900dd69f82541819cb8dfd27f56720022530c85c87a38972d,8520,0o444
anhui_zsb_data/raw_acquisition/institutions/滁州学院/2025/2025_滁州学院_招生章程.pdf,060a4465dd5e87a7703ed411a0228a19388aba7759e094c6bfbcee1462f553c0,248277,0o444
anhui_zsb_data/raw_acquisition/institutions/滁州学院/2025/2025_滁州学院_招生章程_text.txt,e456028c63ea56b18b4be3b4cda01e032dea94587fdd7b0e1958d932a6037b5b,1803,0o444
anhui_zsb_data/raw_acquisition/institutions/滁州学院/2026/2026_滁州学院_招生章程.htm,418c3ed2eab12f053ab2d96fa4560ef39efa42648432ef10c5e93f3c6bce7450,8520,0o444
anhui_zsb_data/raw_acquisition/institutions/滁州学院/2026/2026_滁州学院_招生章程.pdf,b1fb0b12d88d7cb3792f944ecc7d8fdc21abce50bbb4e3b568d2626dbabf65a5,251074,0o444
anhui_zsb_data/raw_acquisition/institutions/滁州学院/2026/2026_滁州学院_招生章程_text.txt,587ac5115d2865344f897dbf7fa0564cc00fa25940a33365b4c25b99584ef21d,1803,0o444
anhui_zsb_data/raw_acquisition/institutions/皖南医学院/2025/2025_皖南医学院_录取分数线.htm,855d1286756b03310220464358996be047a78ecbdadb37363c442a18fbc5d3ba,23747,0o444
anhui_zsb_data/raw_acquisition/institutions/皖南医科大学/2025/2025_皖南医科大学_招生章程.htm,2bacd8d4813525f3d0bfc393e9dab8580c859ab3cf2e539caafd859dd30de468,8526,0o444
anhui_zsb_data/raw_acquisition/institutions/皖南医科大学/2025/2025_皖南医科大学_招生章程.pdf,a0ea00792969da29176b0afab5a4965fa08a96962a7633d579c9e5e61bbee2ed,203966,0o444
anhui_zsb_data/raw_acquisition/institutions/皖南医科大学/2025/2025_皖南医科大学_招生章程_text.txt,7ebe844c34739c5541e08e7c88cc8376f87720e9917e6aa487b6f633c22724b7,1809,0o444
anhui_zsb_data/raw_acquisition/institutions/皖南医科大学/2026/2026_皖南医科大学_招生章程.htm,40a02cd4e289c6887be99a8e5db2f35e2148c6664ea92a87752685cdd3dfaefa,8544,0o444
anhui_zsb_data/raw_acquisition/institutions/皖南医科大学/2026/2026_皖南医科大学_招生章程.pdf,f6df4cc9cc4f1a16e68f920726f32501262126ea2eb73760698630759d175904,202655,0o444
anhui_zsb_data/raw_acquisition/institutions/皖南医科大学/2026/2026_皖南医科大学_招生章程_text.txt,74aa0fc66ea35460e7f2d092ba9260e0bfb3a4bc5b3066440a6ba34fa9c555d0,1827,0o444
anhui_zsb_data/raw_acquisition/institutions/皖江工学院/2025/2025_皖江工学院_招生章程.htm,bf30bf81f0ed254bc254ab77f893e613c9f1ceb0a94091d2b46c0c827329bae7,8520,0o444
anhui_zsb_data/raw_acquisition/institutions/皖江工学院/2025/2025_皖江工学院_招生章程.pdf,7c85dd80a6e35841c0f7a1f4ccd30c1c0f6a59655e7e85a12138238abe05b25a,229817,0o444
anhui_zsb_data/raw_acquisition/institutions/皖江工学院/2025/2025_皖江工学院_招生章程_text.txt,14ff8e0aa31570167afe4425d6e206512030ac18fc485d4751219d2eb529e929,1803,0o444
anhui_zsb_data/raw_acquisition/institutions/皖江工学院/2026/2026_皖江工学院_招生章程.htm,e407e22d24755ada6c4a06975f30c1078b4fe99216bbfaf1a9c68430108f11d1,8520,0o444
anhui_zsb_data/raw_acquisition/institutions/皖江工学院/2026/2026_皖江工学院_招生章程.pdf,6bd28dae2c439030764f1acfcc2ae048c760693aa526899c0274898b36a91189,241292,0o444
anhui_zsb_data/raw_acquisition/institutions/皖江工学院/2026/2026_皖江工学院_招生章程_text.txt,1e5afc02b3c799eb9325115c2dca6c908dbf5a4bae5b38b8f12d14593276a0cc,1803,0o444
anhui_zsb_data/raw_acquisition/institutions/皖西学院/2025/2025_皖西学院_招生章程.htm,652a54c3292ee1eac21be10bdd710adecbff7381f58e48f55b5dbe179df66240,8526,0o444
anhui_zsb_data/raw_acquisition/institutions/皖西学院/2025/2025_皖西学院_招生章程.pdf,7cbee30776a5647432340cb92eeb31da090f866c78114e1bf33da4c007e37fbd,421966,0o444
anhui_zsb_data/raw_acquisition/institutions/皖西学院/2025/2025_皖西学院_招生章程_text.txt,e456028c63ea56b18b4be3b4cda01e032dea94587fdd7b0e1958d932a6037b5b,1803,0o444
anhui_zsb_data/raw_acquisition/institutions/皖西学院/2026/2026_皖西学院_招生章程.htm,c2ced8beaf11b75aab0ac6cb76b3c8b1fecb119442596e151d714c1921f69b24,8520,0o444
anhui_zsb_data/raw_acquisition/institutions/皖西学院/2026/2026_皖西学院_招生章程.pdf,4986b2d51fb170a8ecc1a7c2c29d5c6d208cf562b730a7c1091a8d868d8f9091,329025,0o444
anhui_zsb_data/raw_acquisition/institutions/皖西学院/2026/2026_皖西学院_招生章程_text.txt,587ac5115d2865344f897dbf7fa0564cc00fa25940a33365b4c25b99584ef21d,1803,0o444
anhui_zsb_data/raw_acquisition/institutions/芜湖学院/2025/2025_芜湖学院_招生章程.htm,9264b8da498bd599e49e521389f9d5a630b1f9f01cff7b1a8babbfdd519d10af,8508,0o444
anhui_zsb_data/raw_acquisition/institutions/芜湖学院/2025/2025_芜湖学院_招生章程.pdf,9b6468b363ccd57ce7c7fb6eafa36e9c501fb49d0cd72731814034b6afaa58ce,267528,0o444
anhui_zsb_data/raw_acquisition/institutions/芜湖学院/2025/2025_芜湖学院_招生章程_text.txt,d9fe57dce8ca721841536d143cc0657b9334d69ba95e816c345b1b807de5c502,1791,0o444
anhui_zsb_data/raw_acquisition/institutions/芜湖学院/2026/2026_芜湖学院_招生章程.htm,51d06bd3dabe29f88bc35a84821c24285de5ce4beb97a30ca756dbed1fe23c48,8508,0o444
anhui_zsb_data/raw_acquisition/institutions/芜湖学院/2026/2026_芜湖学院_招生章程.pdf,b22fcc6d9192d5553223d309e170d6809e0aef08a3f07c53cdb0f58ba20b04fa,296589,0o444
anhui_zsb_data/raw_acquisition/institutions/芜湖学院/2026/2026_芜湖学院_招生章程_text.txt,1faf149405329f0ecd3e6a16404b900e432f79073d8c8ea093080129b81a592b,1791,0o444
anhui_zsb_data/raw_acquisition/institutions/芜湖职业技术大学/2026/2026_芜湖职业技术大学_招生章程.htm,dc2b14c9fcf8994fa81c4ae224ec5c4962c07516f0cfcf84d1128cc7deef2da0,8568,0o444
anhui_zsb_data/raw_acquisition/institutions/芜湖职业技术大学/2026/2026_芜湖职业技术大学_招生章程.pdf,fd789c95aadf0f4fb7bf9f30571bea9e2135f6d7fbca7fbe5bee08adb902fdfb,314466,0o444
anhui_zsb_data/raw_acquisition/institutions/芜湖职业技术大学/2026/2026_芜湖职业技术大学_招生章程_text.txt,dee2ae751e170b25c5d0815bec7d7eeab4367039d10187d31ecad9493a62e770,1851,0o444
anhui_zsb_data/raw_acquisition/institutions/蚌埠医科大学/2025/2025_蚌埠医科大学_招生章程.htm,b90a05fbc84e59885a9ddc2e8ab461215e04236f10c4a31fc6c99101ca6a7921,8544,0o444
anhui_zsb_data/raw_acquisition/institutions/蚌埠医科大学/2025/2025_蚌埠医科大学_招生章程.pdf,9a2e6d5523d38f13a9727b72d31c89315c124c7470b1d8c7e85da5631f85d07e,175688,0o444
anhui_zsb_data/raw_acquisition/institutions/蚌埠医科大学/2025/2025_蚌埠医科大学_招生章程_text.txt,6a8f90b54b52418c72fe68b4199076afeb60c6b48a2d58207305ee75437775a6,1827,0o444
anhui_zsb_data/raw_acquisition/institutions/蚌埠医科大学/2026/2026_蚌埠医科大学_招生章程.htm,e016df622ccf818d2a943f7e25ccff720157410382432e80addc49233a9d3140,8543,0o444
anhui_zsb_data/raw_acquisition/institutions/蚌埠医科大学/2026/2026_蚌埠医科大学_招生章程.pdf,064f7e3efdf7258d20b8d21cc7a21a6b161e108b4bbf409761760c15ac1970a7,176510,0o444
anhui_zsb_data/raw_acquisition/institutions/蚌埠医科大学/2026/2026_蚌埠医科大学_招生章程_text.txt,74aa0fc66ea35460e7f2d092ba9260e0bfb3a4bc5b3066440a6ba34fa9c555d0,1827,0o444
anhui_zsb_data/raw_acquisition/institutions/蚌埠学院/2025/2025_蚌埠学院_招生章程.htm,9351c864f4312da9a622aa090cf152d53e84d22ab1da715b71843f76595065a9,8520,0o444
anhui_zsb_data/raw_acquisition/institutions/蚌埠学院/2025/2025_蚌埠学院_招生章程.pdf,dc84c71c0a6131060750861b690d3d05f3eb73a07e75e3b7990e1a618b6e8f92,230352,0o444
anhui_zsb_data/raw_acquisition/institutions/蚌埠学院/2025/2025_蚌埠学院_招生章程_text.txt,e456028c63ea56b18b4be3b4cda01e032dea94587fdd7b0e1958d932a6037b5b,1803,0o444
anhui_zsb_data/raw_acquisition/institutions/蚌埠学院/2026/2026_蚌埠学院_招生章程.htm,a9c9b3401425e20e98b1fb0125e959d52071063ff76591bb18adaa6197e7d07d,8519,0o444
anhui_zsb_data/raw_acquisition/institutions/蚌埠学院/2026/2026_蚌埠学院_招生章程.pdf,a1675f44cc9f899de28250e25bc05d41ec8d304c905826229b78bf81385c28d8,232193,0o444
anhui_zsb_data/raw_acquisition/institutions/蚌埠学院/2026/2026_蚌埠学院_招生章程_text.txt,587ac5115d2865344f897dbf7fa0564cc00fa25940a33365b4c25b99584ef21d,1803,0o444
anhui_zsb_data/raw_acquisition/institutions/蚌埠工商学院/2025/2025_蚌埠工商学院_招生章程.htm,622120d6dee6743ec3bfc5daac6a2e9c812e80908ab4221dbd43c5404d3fc483,8556,0o444
anhui_zsb_data/raw_acquisition/institutions/蚌埠工商学院/2025/2025_蚌埠工商学院_招生章程.pdf,b1b2e5936c53864c25485ce1da4fbc99b0f65e7cdcc146b036336325fe097fd1,271364,0o444
anhui_zsb_data/raw_acquisition/institutions/蚌埠工商学院/2025/2025_蚌埠工商学院_招生章程_text.txt,10add132cbde981d96a0e8744e90998fd145c6cdbf032cb4e295ba939ab4140b,1839,0o444
anhui_zsb_data/raw_acquisition/institutions/蚌埠工商学院/2026/2026_蚌埠工商学院_招生章程.htm,8b40a643acaa17b917bff8319f5e63a0b3be30467893be52723b0f3b836f644c,8556,0o444
anhui_zsb_data/raw_acquisition/institutions/蚌埠工商学院/2026/2026_蚌埠工商学院_招生章程.pdf,456b8f5a4fd032740da89adbf65a45e1eb44efb354870f80915a12d5ee25004c,255329,0o444
anhui_zsb_data/raw_acquisition/institutions/蚌埠工商学院/2026/2026_蚌埠工商学院_招生章程_text.txt,b902e25cd51558c1291521fa132cafcf2cb5b3f52a38e2dd00c5cc5e0938c2cb,1839,0o444
anhui_zsb_data/raw_acquisition/institutions/铜陵学院/2025/2025_铜陵学院_招生章程.htm,03e0dd66010bbbf05b82d6bf7f798e89f8812a469ee364c00e830076a71dc351,8508,0o444
anhui_zsb_data/raw_acquisition/institutions/铜陵学院/2025/2025_铜陵学院_招生章程.pdf,10f16d14195e4c22173fcf0d6c2339fc3d4004066504c0fefc24d795b47b9d30,265484,0o444
anhui_zsb_data/raw_acquisition/institutions/铜陵学院/2025/2025_铜陵学院_招生章程_text.txt,97c7477a447be712f0db9654bdcfa51b6e0b6149547e65e98277a1bac428f45d,1791,0o444
anhui_zsb_data/raw_acquisition/institutions/铜陵学院/2026/2026_铜陵学院_招生方案.htm,bc7c5d4b919f41d9fe423a77da8a7ea64ab6d32ed166626ca3013ff5c750920b,42915,0o444
anhui_zsb_data/raw_acquisition/institutions/铜陵学院/2026/2026_铜陵学院_招生章程.htm,bd982bf4a0ea9117a3d8fd2a6ffa513ca89841103cdd3a30e8ca6d0f9872a1ad,8508,0o444
anhui_zsb_data/raw_acquisition/institutions/铜陵学院/2026/2026_铜陵学院_招生章程.pdf,eb923f99b52b527b3639b32f6247c7d6f1fed20621b5b22b73bfc6e377b55e40,264629,0o444
anhui_zsb_data/raw_acquisition/institutions/铜陵学院/2026/2026_铜陵学院_招生章程_text.txt,ded2adf9fdb2871ec9baba89e51a54f2f263ba3095b79a921989bace6a29c7eb,1791,0o444
anhui_zsb_data/raw_acquisition/institutions/阜阳师范大学/2025/2025_阜阳师范大学_招生章程.htm,28ef5546bea6f0cf7d21d9ebf57bb05766d9c590248edf6ed092ae79de194353,8556,0o444
anhui_zsb_data/raw_acquisition/institutions/阜阳师范大学/2025/2025_阜阳师范大学_招生章程.pdf,d26dd84f9c6b745d0006f2a610d123ba262fc06834050d256f880f736dd0b258,177647,0o444
anhui_zsb_data/raw_acquisition/institutions/阜阳师范大学/2025/2025_阜阳师范大学_招生章程_text.txt,cd59f9ce6722ae7d87d933a34691b0d062a09adfe09f31b3f4292d83034d01c4,1839,0o444
anhui_zsb_data/raw_acquisition/institutions/阜阳师范大学/2026/2026_阜阳师范大学_招生章程.pdf,a69622bdc57c9c0ab068f38325a0ba07e590cd4a4ba2702c33e60c9c9dee3cb7,311593,0o444
anhui_zsb_data/raw_acquisition/institutions/阜阳理工学院/2025/2025_阜阳理工学院_招生章程.htm,abe5dd913ca071927655a627c91763074ef7a65767b03407dc3dcba50074b09c,8556,0o444
anhui_zsb_data/raw_acquisition/institutions/阜阳理工学院/2025/2025_阜阳理工学院_招生章程.pdf,9e061f42c89cb9383dec9d0484fc3b9a0da8e0aeaf528a6437313e4d77493fcf,202843,0o444
anhui_zsb_data/raw_acquisition/institutions/阜阳理工学院/2025/2025_阜阳理工学院_招生章程_text.txt,10add132cbde981d96a0e8744e90998fd145c6cdbf032cb4e295ba939ab4140b,1839,0o444
anhui_zsb_data/raw_acquisition/institutions/阜阳理工学院/2026/2026_阜阳理工学院_招生章程.htm,d80014ca51fa9679d1137812bcf5ef7e34afee1813d2577d88e5d1b6826795cd,45352,0o444
anhui_zsb_data/raw_acquisition/institutions/马鞍山学院/2025/2025_马鞍山学院_招生章程.htm,0bb275145230737e6c49a288d70c51f19b34ac14ec297380d23000482dec44ed,8526,0o444
anhui_zsb_data/raw_acquisition/institutions/马鞍山学院/2025/2025_马鞍山学院_招生章程.pdf,58dc56496d7ad4b17dc5af85a272ad6938c598b50d29dc56e91fd6f679d02cbc,200152,0o444
anhui_zsb_data/raw_acquisition/institutions/马鞍山学院/2025/2025_马鞍山学院_招生章程_text.txt,751f11cc95e3300a1eeaba2dcf7d7ac9fa3caaa032590e76288da5b99f1b140b,1809,0o444
anhui_zsb_data/raw_acquisition/institutions/马鞍山学院/2026/2026_马鞍山学院_招生章程.htm,72d66919bd00f28e03bf70cda132a3f403f9ea540a5a0c30023ef2fc1d4f4daa,8526,0o444
anhui_zsb_data/raw_acquisition/institutions/马鞍山学院/2026/2026_马鞍山学院_招生章程.pdf,12b8dca5fa3c88c4d0d034ae28926fc1909fd56ccb5e461da8ce5d73e4464003,204253,0o444
anhui_zsb_data/raw_acquisition/institutions/马鞍山学院/2026/2026_马鞍山学院_招生章程_text.txt,1c495ff75582e121b2a1c73fe618132518ad612e070730a44f311a6e200aa44b,1809,0o444
anhui_zsb_data/raw_acquisition/institutions/黄山学院/2025/2025_黄山学院_招生章程.htm,b7155eb04091470a33e848ada05a7021ee010a42c4e3399d67c3cbfc7a48a7c7,8508,0o444
anhui_zsb_data/raw_acquisition/institutions/黄山学院/2025/2025_黄山学院_招生章程.pdf,aa94d0b9a54a80e483457db690d887b7b0c9ffea512b9eeea119a2b6b87f2533,344638,0o444
anhui_zsb_data/raw_acquisition/institutions/黄山学院/2025/2025_黄山学院_招生章程_text.txt,ebaf400705d47c415829a0605d95654e5f6a3e604bbc4c9765a1bee44917d80f,1791,0o444
anhui_zsb_data/raw_acquisition/institutions/黄山学院/2026/2026_黄山学院_招生章程.htm,5c4898e50df64a386bac286cdb3ed3967a7b0ea3f01b24c388b997bc1b035426,8508,0o444
anhui_zsb_data/raw_acquisition/institutions/黄山学院/2026/2026_黄山学院_招生章程.pdf,d2e76671829a3aa93392f8bf45a382738ea46612ec6e73790a837fb5e4c6752a,327622,0o444
anhui_zsb_data/raw_acquisition/institutions/黄山学院/2026/2026_黄山学院_招生章程_text.txt,4b2456deffd5bc16aa79247468f566d29f5324eea050eb4ffa2fac37bf9c9b0b,1791,0o444
anhui_zsb_data/raw_acquisition/manifests/acquisition_stats.json,5ebd8553b8e1a2495ae8e63d7e3bc2ff022c0bf82b7ca59cb807c7ad2a1a3fc7,2418,0o444
anhui_zsb_data/raw_acquisition/manifests/charter_content_extract.json,79d4be2a9b2f493994c0678aebb2b2813077d2ef8d73e044a6bfdf56e3460f93,123111,0o444
anhui_zsb_data/raw_acquisition/manifests/charter_data_extract.json,5614144ebd10646dd42885cb37b4642dc8d8157510213baf2ca9f22a4e885263,44592,0o444
anhui_zsb_data/raw_acquisition/manifests/charter_fetch_2025_2026.json,8e5239817bf549fbe19daaff8638f2a4b3d88199eb3d0485c0ccde31350964b6,31914,0o444
anhui_zsb_data/raw_acquisition/manifests/source_manifest.csv,d038f834e69d2913ff0dba6df883cd76ca119aad747a9a19330439f68ead824e,1197,0o444
anhui_zsb_data/raw_acquisition/provincial/2024/2024_安徽专升本报名和考试公告.htm,82a91fcbe449db45768935e86c4e07857cd32d5b353d380a9e7b2b5b8851a832,44470,0o444
anhui_zsb_data/raw_acquisition/provincial/2025/2025_安徽专升本考试招生工作启动.htm,8f57bb0a98b1c9aedb62465236facbddd946c4c438c66f519f482954e462b7af,25258,0o444
anhui_zsb_data/raw_acquisition/provincial/2025/2025_安徽专升本考试招生工作操作办法.pdf,162ffd300e71213c81b76359da1d44672f7e73ec7a6f993372d5dc65d9387583,2175493,0o444
anhui_zsb_data/raw_acquisition/provincial/2026/2026_安徽专升本报名操作指引.htm,e19c08f3b4adb2a83d7a4cf542627f2b6ab06a532c4046b663997fcbc410f4b8,37891,0o444
anhui_zsb_data/raw_acquisition/provincial/2026/2026_招生章程汇总表.html,60a6ad9ed7ec6c34cc29b87a09420ee6e409f8c4b7a9c3d447607ca269dd1aba,5433,0o444
anhui_zsb_data/raw_acquisition/provincial/exam_syllabus/公共课考试说明_page.htm,d6ceb406f1a1c56ec5e01c523099b7105fe17c2fd514c13e1fd7a5a137109bbb,9109,0o444
anhui_zsb_data/raw_acquisition/provincial/exam_syllabus/公共课考试说明_结构.json,fd40729cae7442119fd86ce0e38436fc347e6df311293fceb8cc9c80627353c5,828,0o444
anhui_zsb_data/raw_acquisition/provincial/exam_syllabus/安徽省专升本公共课考试说明.pdf,0c0278f8dfdc51287f3741c2c874d54e40bd02ff95de692a198c136a5d897653,408708,0o444
anhui_zsb_data/raw_acquisition/provincial/score_lines/2025年300-400分专业和院校.html,88eca97713ecf5a5e1bf6dd7b3786916ee4f1fd9229bdaeb4d3baa37b2272f87,24193,0o444
anhui_zsb_data/raw_acquisition/provincial/score_lines/2025年各分段最低录取分数线.html,2729fbee38c5f7711ac65fe7d1d5e1c39391643f43d9ea2428379e085a7fb7fd,57382,0o444
anhui_zsb_data/raw_acquisition/provincial/score_lines/2025年各校专业课录取要求.json,74b9616c041a1bd1df847c77368363181c389d6d44f2c61f52edfe60a94e1964,3311,0o444
anhui_zsb_data/raw_acquisition/provincial/score_lines/2025年各院校录取分数线.json,bd71d373c902bf9c8731ac27a726f548eb80cf2e9a1d6468b283ac7a62320b1e,3757,0o444
anhui_zsb_data/raw_acquisition/provincial/score_lines/公共课合格线_2024_2026.json,4daaaadee7a477a27deb370d9f9088492bff2e207c8aadf87008d67f98d205b1,751,0o444
anhui_zsb_data/raw_acquisition/provincial/score_lines/学前教育专业历年分数线.json,51221c77dc1637dbcbf6bf937aedf98bb83a360c507b6d0d3932e3c042eaa43d,999,0o444
anhui_zsb_data/raw_acquisition/provincial/score_lines/英语专业历年分数线.json,b293fb6d2fcbf3dea51aca98d7bcdd5f398bd44218ff087a9b3ad9bdbb17f419,2120,0o444
anhui_zsb_data/raw_acquisition/provincial/score_lines/计算机科学与技术历年分数线.json,a61c8fe10805ef9afe580d98e3b5fab9f84c4f974ccbe8640ff91210f1834f31,1079,0o444
anhui_zsb_data/raw_acquisition/provincial/statistics/2024/2024年安徽专升本招生计划汇总.pdf,33fdcf1d4da8fe22a86dc4dbfbfc9c9c71fc1a8a80e560e84c0af5fc37f6f6ca,3052533,0o444
anhui_zsb_data/raw_acquisition/provincial/statistics/2024年各院校录取率.html,1e093c2e99438a3fb5dccfc57cdc305feb98da31c508f284f5e01b134ffd01e2,60619,0o444
anhui_zsb_data/raw_acquisition/provincial/statistics/2024年招生计划汇总.json,128cfc0cf31d6ca5f640d6e7b84d40916c99f0d1d6123f610842ccdce66d0db6,2540,0o444
anhui_zsb_data/raw_acquisition/provincial/statistics/2024年民办院校录取率.json,ffbfd7cf6fabcaf09a685586e8b94ae93767ff332aae19eef0a1487fa3164dfd,1746,0o444
anhui_zsb_data/raw_acquisition/provincial/statistics/2025年各院校报录比.csv,9640a0d8c5bd22a5586892a0c37254682d03a1c994b8a2a6ffd5eaf7275d0c81,1582,0o444
anhui_zsb_data/raw_acquisition/provincial/statistics/2025年各院校报录比.html,6def0df7c47cae97aac4e78bbcbc5644d639e22cd5aca31e4c93e811a7b54174,25477,0o444
anhui_zsb_data/raw_acquisition/provincial/statistics/2025年各院校报录比.json,1b14ae0d14a2050888230cf9e03e4cfc1f96871eebd9def791e158facc9dc02a,5469,0o444
anhui_zsb_data/raw_acquisition/provincial/statistics/2026年公办院校报录比.html,ee1fac34089be8699dc07ae8bf46c09da4ccfc302da48daf1c84b8e9319774bd,7022,0o444
anhui_zsb_data/raw_acquisition/provincial/statistics/2026年竞争比例分析.html,f24428181ceeda129f4f4a868fd210ca46981ba1f2651614c77df1ba9a63fcb6,61896,0o444
anhui_zsb_data/raw_acquisition/provincial/statistics/2026年调剂信息.json,96eb0b12402df3b83733554fd0d6a3374d01f043046f6e884743f7ab1f20fce5,1327,0o444
anhui_zsb_data/raw_acquisition/provincial/statistics/全省总体统计_2024_2026.json,827d1d9d64ae0307cf5ced8de7f1a513e40f161749eae7d20c4c92a659777ded,683,0o444
anhui_zsb_data/raw_acquisition/provincial/statistics/公办院校招生计划变化_2024vs2025.json,d93299d0a2b2ca6e58f5057e339cfa3e67c80199820d42692bd617b8271ce2bb,2099,0o444
anhui_zsb_data/raw_acquisition/reports/acquisition_summary_final.md,54359fc0c9a0defa15108b560b5bf7ee2ba9e8cf6cad1fb6be7bd9d16d7dd70a,7249,0o444
anhui_zsb_data/raw_acquisition/reports/acquisition_summary_phase1.md,9ae9c9d24c98a40129eef4229fad70d38763b704d042150f28d46d2010dee130,2849,0o444
anhui_zsb_data/raw_acquisition/reports/最终综合报告.md,568f5c1f91e46f3068c314b71aab0f5e088df5857c8f234f2f8fbc3f6559978a,13953,0o444
