application_statistic_id,offering_id,applicant_count,qualified_count,admitted_count,source_id,source_locator
APPSTAT-defdac2a-f80f-5763-a478-f34591f2359b,OFF-3999de16-3537-573e-9704-e82f3cb0409f,123,,,SRC-HFNU-2024-BMRS,"{""asset_id"":""ASSET-HFNU-2024-BMRS-HTML"",""row"":11,""row_key"":""互联网金融|合肥师范学院"",""section"":""分专业报考人数"",""table"":1}"
APPSTAT-03e7870f-cce7-59fc-8dec-eb14534e86cd,OFF-227f8508-ec1f-5fc5-b9b6-43ba177e5400,369,,,SRC-HFNU-2024-BMRS,"{""asset_id"":""ASSET-HFNU-2024-BMRS-HTML"",""row"":5,""row_key"":""人力资源管理|合肥师范学院"",""section"":""分专业报考人数"",""table"":1}"
APPSTAT-5d359603-4887-5185-99a7-79e2a2fe0002,OFF-8153285e-8b08-59c0-95da-4b14770854e4,181,,,SRC-HFNU-2024-BMRS,"{""asset_id"":""ASSET-HFNU-2024-BMRS-HTML"",""row"":24,""row_key"":""制药工程|合肥职业技术学院"",""section"":""分专业报考人数"",""table"":1}"
APPSTAT-c7893e9c-5208-5b8c-bef6-3fb8419562cb,OFF-466442ff-30db-54dc-838c-f7fca01e0584,96,,,SRC-HFNU-2024-BMRS,"{""asset_id"":""ASSET-HFNU-2024-BMRS-HTML"",""row"":18,""row_key"":""动画|合肥师范学院"",""section"":""分专业报考人数"",""table"":1}"
APPSTAT-eea0a89c-9f26-5645-8c23-2a521a183342,OFF-19b89cef-9ee2-5b13-8029-ec7d83c2e38b,94,,,SRC-HFNU-2024-BMRS,"{""asset_id"":""ASSET-HFNU-2024-BMRS-HTML"",""row"":8,""row_key"":""化学工程与工艺|合肥师范学院"",""section"":""分专业报考人数"",""table"":1}"
APPSTAT-e0626b28-bfc7-5304-afb7-7d27ba79962e,OFF-a7bf120a-dc4a-5ec9-aced-e4651a795afe,143,,,SRC-HFNU-2024-BMRS,"{""asset_id"":""ASSET-HFNU-2024-BMRS-HTML"",""row"":2,""row_key"":""商务英语|合肥师范学院"",""section"":""分专业报考人数"",""table"":1}"
APPSTAT-7b04131c-c6a8-5a61-bec1-10565b266d44,OFF-0cea55c4-0162-5c49-adf4-b170df56aca6,913,,,SRC-HFNU-2024-BMRS,"{""asset_id"":""ASSET-HFNU-2024-BMRS-HTML"",""row"":1,""row_key"":""学前教育|合肥师范学院"",""section"":""分专业报考人数"",""table"":1}"
APPSTAT-783f983e-81ff-55c4-8ccc-39ce8aed0212,OFF-9ede7d69-d5cc-5ccb-8967-b105266703a9,179,,,SRC-HFNU-2024-BMRS,"{""asset_id"":""ASSET-HFNU-2024-BMRS-HTML"",""row"":26,""row_key"":""小学教育|淮北职业技术学院"",""section"":""分专业报考人数"",""table"":1}"
APPSTAT-df3aa6fc-9c97-5abf-979a-5993fe7a7766,OFF-bd3de362-2399-561b-a7c9-2e5227676c3a,78,,,SRC-HFNU-2024-BMRS,"{""asset_id"":""ASSET-HFNU-2024-BMRS-HTML"",""row"":20,""row_key"":""市场营销|安徽工业经济职业技术学院"",""section"":""分专业报考人数"",""table"":1}"
APPSTAT-6598a503-0b30-5f6e-8e1a-1f7cbfe1580c,OFF-f76c6c80-b9d0-5782-a18b-0ea301825262,291,,,SRC-HFNU-2024-BMRS,"{""asset_id"":""ASSET-HFNU-2024-BMRS-HTML"",""row"":10,""row_key"":""数据科学与大数据技术|合肥师范学院"",""section"":""分专业报考人数"",""table"":1}"
APPSTAT-0709df8a-c0a2-5451-9663-a4fb46514ae5,OFF-69e46ff6-0cb7-5333-8024-1be76ba32d9e,98,,,SRC-HFNU-2024-BMRS,"{""asset_id"":""ASSET-HFNU-2024-BMRS-HTML"",""row"":14,""row_key"":""新能源材料与器件|合肥师范学院"",""section"":""分专业报考人数"",""table"":1}"
APPSTAT-4cdb32d3-e078-5269-a8a5-fbae78e54bcc,OFF-6ea19789-72a7-5a48-aeaa-57ccaa31b7c1,96,,,SRC-HFNU-2024-BMRS,"{""asset_id"":""ASSET-HFNU-2024-BMRS-HTML"",""row"":17,""row_key"":""服装与服饰设计|合肥师范学院"",""section"":""分专业报考人数"",""table"":1}"
APPSTAT-8757bb22-a44f-5b11-8099-fb1de88ba869,OFF-73444fc2-6c3c-55cc-ba0f-e19ab7460a72,28,,,SRC-HFNU-2024-BMRS,"{""asset_id"":""ASSET-HFNU-2024-BMRS-HTML"",""row"":15,""row_key"":""材料科学与工程|合肥师范学院"",""section"":""分专业报考人数"",""table"":1}"
APPSTAT-f6a8e9f5-a8e2-5df6-ac47-b145bb5c34f1,OFF-b1bacb76-fa85-533b-9dba-b5d3f6107662,177,,,SRC-HFNU-2024-BMRS,"{""asset_id"":""ASSET-HFNU-2024-BMRS-HTML"",""row"":28,""row_key"":""环境设计|马鞍山师范高等专科学校"",""section"":""分专业报考人数"",""table"":1}"
APPSTAT-e608069e-0a4e-52a9-bfcf-0a05ea2fcaab,OFF-af318d31-e77c-53ab-be9f-571d14f8bc96,175,,,SRC-HFNU-2024-BMRS,"{""asset_id"":""ASSET-HFNU-2024-BMRS-HTML"",""row"":12,""row_key"":""生物制药|合肥师范学院"",""section"":""分专业报考人数"",""table"":1}"
APPSTAT-a8b842cd-da41-5c23-bf56-21c24175ed5c,OFF-cf5f58a7-03e9-528e-9334-2c2054574cb4,315,,,SRC-HFNU-2024-BMRS,"{""asset_id"":""ASSET-HFNU-2024-BMRS-HTML"",""row"":3,""row_key"":""电子信息工程|合肥师范学院"",""section"":""分专业报考人数"",""table"":1}"
APPSTAT-d650899b-d635-52f4-9dd4-2ef5e0de1620,OFF-7918aed3-8a9b-5618-ab5a-9eb8a382781b,80,,,SRC-HFNU-2024-BMRS,"{""asset_id"":""ASSET-HFNU-2024-BMRS-HTML"",""row"":21,""row_key"":""电气工程及其自动化|安徽工业经济职业技术学院"",""section"":""分专业报考人数"",""table"":1}"
APPSTAT-25b67cf5-8f09-51d7-8f6d-4bd0a91075ea,OFF-c945fa15-9041-5415-913b-66750f82e0ad,53,,,SRC-HFNU-2024-BMRS,"{""asset_id"":""ASSET-HFNU-2024-BMRS-HTML"",""row"":27,""row_key"":""电气工程及其自动化|淮北职业技术学院"",""section"":""分专业报考人数"",""table"":1}"
APPSTAT-0013ea6b-d499-51bc-a248-3a3d35276ea7,OFF-a16f69bd-4821-507f-b34c-12e9fe334e0e,170,,,SRC-HFNU-2024-BMRS,"{""asset_id"":""ASSET-HFNU-2024-BMRS-HTML"",""row"":13,""row_key"":""经济统计学|合肥师范学院"",""section"":""分专业报考人数"",""table"":1}"
APPSTAT-7325c436-b080-5772-81a7-d689f84447c5,OFF-b367c94d-0b02-55e7-b8ec-4af69600c0ee,440,,,SRC-HFNU-2024-BMRS,"{""asset_id"":""ASSET-HFNU-2024-BMRS-HTML"",""row"":6,""row_key"":""网络与新媒体|合肥师范学院"",""section"":""分专业报考人数"",""table"":1}"
APPSTAT-b2548af7-74fd-5d4a-a8a7-4d38bf604451,OFF-a02655f6-3bc4-5d92-b4ff-839b057ccd76,37,,,SRC-HFNU-2024-BMRS,"{""asset_id"":""ASSET-HFNU-2024-BMRS-HTML"",""row"":22,""row_key"":""网络工程|安徽工业经济职业技术学院"",""section"":""分专业报考人数"",""table"":1}"
APPSTAT-49cad700-74d0-5329-b7d6-065d9460b353,OFF-68ee766e-a958-5e4d-908d-864ee94290aa,247,,,SRC-HFNU-2024-BMRS,"{""asset_id"":""ASSET-HFNU-2024-BMRS-HTML"",""row"":4,""row_key"":""药物制剂|合肥师范学院"",""section"":""分专业报考人数"",""table"":1}"
APPSTAT-acd95256-a9a5-513d-a310-25f5d4b0606e,OFF-43881998-59b5-5099-8b34-4886838b1331,299,,,SRC-HFNU-2024-BMRS,"{""asset_id"":""ASSET-HFNU-2024-BMRS-HTML"",""row"":16,""row_key"":""视觉传达设计|合肥师范学院"",""section"":""分专业报考人数"",""table"":1}"
APPSTAT-96937a90-d0d3-509c-bc05-7a44b9899ab8,OFF-526bb7a2-7cbb-5542-a51a-9e6a4caa60d0,88,,,SRC-HFNU-2024-BMRS,"{""asset_id"":""ASSET-HFNU-2024-BMRS-HTML"",""row"":23,""row_key"":""计算机科学与技术|安徽工业经济职业技术学院"",""section"":""分专业报考人数"",""table"":1}"
APPSTAT-98cc45a3-ab4a-5e06-a292-366bdff02f34,OFF-f6bedd2a-e542-5dd3-b6d1-94f3b4753246,201,,,SRC-HFNU-2024-BMRS,"{""asset_id"":""ASSET-HFNU-2024-BMRS-HTML"",""row"":29,""row_key"":""计算机科学与技术|马鞍山师范高等专科学校"",""section"":""分专业报考人数"",""table"":1}"
APPSTAT-71eb2db0-ae52-5e79-bfdb-63ff9a54c6d6,OFF-e230a334-b7cd-57ef-863f-cf2565ef45d5,101,,,SRC-HFNU-2024-BMRS,"{""asset_id"":""ASSET-HFNU-2024-BMRS-HTML"",""row"":19,""row_key"":""财务管理|安徽工业经济职业技术学院"",""section"":""分专业报考人数"",""table"":1}"
APPSTAT-5edc0c07-03b9-5f0d-bcd5-3f4518069a09,OFF-68a7c64f-fe94-5123-a3db-c94792c44787,274,,,SRC-HFNU-2024-BMRS,"{""asset_id"":""ASSET-HFNU-2024-BMRS-HTML"",""row"":9,""row_key"":""软件工程|合肥师范学院"",""section"":""分专业报考人数"",""table"":1}"
APPSTAT-3c7e0b28-c2ef-5b1c-8765-9dabf43ab63a,OFF-f3b32e27-406d-5c7a-838b-bde8628de9f1,192,,,SRC-HFNU-2024-BMRS,"{""asset_id"":""ASSET-HFNU-2024-BMRS-HTML"",""row"":25,""row_key"":""运动康复|合肥职业技术学院"",""section"":""分专业报考人数"",""table"":1}"
APPSTAT-36e9824f-7e16-5c56-a3b9-c084ba0d858c,OFF-02b45d53-3476-53d0-b88a-b74856070dea,173,,,SRC-HFNU-2024-BMRS,"{""asset_id"":""ASSET-HFNU-2024-BMRS-HTML"",""row"":7,""row_key"":""通信工程|合肥师范学院"",""section"":""分专业报考人数"",""table"":1}"
APPSTAT-64769abd-98d1-559e-8ca8-8967e43def94,OFF-e663011d-a2ba-5dcb-8359-0611b0650a45,86,,,SRC-HFNU-2024-BMRS,"{""asset_id"":""ASSET-HFNU-2024-BMRS-HTML"",""row"":30,""row_key"":""食品质量与安全|马鞍山师范高等专科学校"",""section"":""分专业报考人数"",""table"":1}"
