enrollment_plan_id,offering_id,plan_type,plan_value,value_status,plan_version,announcement_date,is_derived,derivation_method,raw_value,source_id,source_locator
PLAN-191e1dc9-2c9f-53f1-a40b-8e95b56546b0,OFF-3999de16-3537-573e-9704-e82f3cb0409f,total,120,explicit_value,original,2024-03-21,false,,120,SRC-HFNU-2024-ZC,"{""row_key"":""互联网金融"",""section"":""招生专业计划"",""table"":1,""url"":""https://zsb.hfnu.edu.cn/info/1003/2715.htm""}"
PLAN-312cf52c-6e49-5c0a-ab2c-492aec0f6d0a,OFF-3999de16-3537-573e-9704-e82f3cb0409f,retired_soldier_culture_exam_exempt,10,explicit_value,original,2024-03-21,false,,10,SRC-HFNU-2024-ZC,"{""row_key"":""互联网金融"",""section"":""招生专业计划"",""table"":1,""url"":""https://zsb.hfnu.edu.cn/info/1003/2715.htm""}"
PLAN-c396f8c7-a70d-598e-b56d-5270771e2605,OFF-3999de16-3537-573e-9704-e82f3cb0409f,retired_soldier_non_exempt,2,explicit_value,original,2024-03-21,false,,2,SRC-HFNU-2024-ZC,"{""row_key"":""互联网金融"",""section"":""招生专业计划"",""table"":1,""url"":""https://zsb.hfnu.edu.cn/info/1003/2715.htm""}"
PLAN-5b208390-5799-5b8d-b2c9-f39b5e604a68,OFF-3999de16-3537-573e-9704-e82f3cb0409f,registered_poor_family,10,explicit_value,original,2024-03-21,false,,10,SRC-HFNU-2024-ZC,"{""row_key"":""互联网金融"",""section"":""招生专业计划"",""table"":1,""url"":""https://zsb.hfnu.edu.cn/info/1003/2715.htm""}"
PLAN-582fcacc-15c1-5196-8c1f-228daea36e5d,OFF-227f8508-ec1f-5fc5-b9b6-43ba177e5400,total,120,explicit_value,original,2024-03-21,false,,120,SRC-HFNU-2024-ZC,"{""row_key"":""人力资源管理"",""section"":""招生专业计划"",""table"":1,""url"":""https://zsb.hfnu.edu.cn/info/1003/2715.htm""}"
PLAN-ed9900b9-7fd8-52f2-8019-35923add0ea8,OFF-227f8508-ec1f-5fc5-b9b6-43ba177e5400,retired_soldier_culture_exam_exempt,10,explicit_value,original,2024-03-21,false,,10,SRC-HFNU-2024-ZC,"{""row_key"":""人力资源管理"",""section"":""招生专业计划"",""table"":1,""url"":""https://zsb.hfnu.edu.cn/info/1003/2715.htm""}"
PLAN-d216ac9d-072f-5947-b735-c9e820e8c7ca,OFF-227f8508-ec1f-5fc5-b9b6-43ba177e5400,retired_soldier_non_exempt,2,explicit_value,original,2024-03-21,false,,2,SRC-HFNU-2024-ZC,"{""row_key"":""人力资源管理"",""section"":""招生专业计划"",""table"":1,""url"":""https://zsb.hfnu.edu.cn/info/1003/2715.htm""}"
PLAN-a374a84d-8668-584f-b07d-292246433b90,OFF-227f8508-ec1f-5fc5-b9b6-43ba177e5400,registered_poor_family,10,explicit_value,original,2024-03-21,false,,10,SRC-HFNU-2024-ZC,"{""row_key"":""人力资源管理"",""section"":""招生专业计划"",""table"":1,""url"":""https://zsb.hfnu.edu.cn/info/1003/2715.htm""}"
PLAN-79b229d3-46ce-5b57-a5f7-60b77ca789d6,OFF-8153285e-8b08-59c0-95da-4b14770854e4,total,30,explicit_value,original,2024-03-21,false,,30,SRC-HFNU-2024-ZC,"{""row_key"":""制药工程"",""section"":""招生专业计划"",""table"":1,""url"":""https://zsb.hfnu.edu.cn/info/1003/2715.htm""}"
PLAN-87904a37-9188-59ce-861a-d2cf0ebec8f8,OFF-8153285e-8b08-59c0-95da-4b14770854e4,retired_soldier_culture_exam_exempt,2,explicit_value,original,2024-03-21,false,,2,SRC-HFNU-2024-ZC,"{""row_key"":""制药工程"",""section"":""招生专业计划"",""table"":1,""url"":""https://zsb.hfnu.edu.cn/info/1003/2715.htm""}"
PLAN-3df17f2c-ccb3-56b8-b7c6-fa4a2fe81dd1,OFF-8153285e-8b08-59c0-95da-4b14770854e4,retired_soldier_non_exempt,1,explicit_value,original,2024-03-21,false,,1,SRC-HFNU-2024-ZC,"{""row_key"":""制药工程"",""section"":""招生专业计划"",""table"":1,""url"":""https://zsb.hfnu.edu.cn/info/1003/2715.htm""}"
PLAN-d171e042-d462-5d23-bf27-76646cd63376,OFF-8153285e-8b08-59c0-95da-4b14770854e4,registered_poor_family,2,explicit_value,original,2024-03-21,false,,2,SRC-HFNU-2024-ZC,"{""row_key"":""制药工程"",""section"":""招生专业计划"",""table"":1,""url"":""https://zsb.hfnu.edu.cn/info/1003/2715.htm""}"
PLAN-c4e1a75b-d242-55c2-891c-9e2f2624c78a,OFF-466442ff-30db-54dc-838c-f7fca01e0584,total,30,explicit_value,original,2024-03-21,false,,30,SRC-HFNU-2024-ZC,"{""row_key"":""动画"",""section"":""招生专业计划"",""table"":1,""url"":""https://zsb.hfnu.edu.cn/info/1003/2715.htm""}"
PLAN-5edf8b18-6610-5510-8b36-6cde903b1878,OFF-466442ff-30db-54dc-838c-f7fca01e0584,retired_soldier_culture_exam_exempt,2,explicit_value,original,2024-03-21,false,,2,SRC-HFNU-2024-ZC,"{""row_key"":""动画"",""section"":""招生专业计划"",""table"":1,""url"":""https://zsb.hfnu.edu.cn/info/1003/2715.htm""}"
PLAN-91ba84f5-59c4-5c98-b786-be90f2a3a60b,OFF-466442ff-30db-54dc-838c-f7fca01e0584,retired_soldier_non_exempt,1,explicit_value,original,2024-03-21,false,,1,SRC-HFNU-2024-ZC,"{""row_key"":""动画"",""section"":""招生专业计划"",""table"":1,""url"":""https://zsb.hfnu.edu.cn/info/1003/2715.htm""}"
PLAN-a45010a5-01a3-5aa9-908a-c18b551f76ee,OFF-466442ff-30db-54dc-838c-f7fca01e0584,registered_poor_family,2,explicit_value,original,2024-03-21,false,,2,SRC-HFNU-2024-ZC,"{""row_key"":""动画"",""section"":""招生专业计划"",""table"":1,""url"":""https://zsb.hfnu.edu.cn/info/1003/2715.htm""}"
PLAN-fd75d000-864a-595a-a4ba-b452a51b45ee,OFF-19b89cef-9ee2-5b13-8029-ec7d83c2e38b,total,120,explicit_value,original,2024-03-21,false,,120,SRC-HFNU-2024-ZC,"{""row_key"":""化学工程与工艺"",""section"":""招生专业计划"",""table"":1,""url"":""https://zsb.hfnu.edu.cn/info/1003/2715.htm""}"
PLAN-791952ed-5f46-58f0-88e0-26a31e61df57,OFF-19b89cef-9ee2-5b13-8029-ec7d83c2e38b,retired_soldier_culture_exam_exempt,10,explicit_value,original,2024-03-21,false,,10,SRC-HFNU-2024-ZC,"{""row_key"":""化学工程与工艺"",""section"":""招生专业计划"",""table"":1,""url"":""https://zsb.hfnu.edu.cn/info/1003/2715.htm""}"
PLAN-1d330b78-f03e-52da-bc87-9a855e854fe8,OFF-19b89cef-9ee2-5b13-8029-ec7d83c2e38b,retired_soldier_non_exempt,2,explicit_value,original,2024-03-21,false,,2,SRC-HFNU-2024-ZC,"{""row_key"":""化学工程与工艺"",""section"":""招生专业计划"",""table"":1,""url"":""https://zsb.hfnu.edu.cn/info/1003/2715.htm""}"
PLAN-e997b402-46c7-5219-8497-770726af0443,OFF-19b89cef-9ee2-5b13-8029-ec7d83c2e38b,registered_poor_family,10,explicit_value,original,2024-03-21,false,,10,SRC-HFNU-2024-ZC,"{""row_key"":""化学工程与工艺"",""section"":""招生专业计划"",""table"":1,""url"":""https://zsb.hfnu.edu.cn/info/1003/2715.htm""}"
PLAN-566c7f68-b90c-5c24-85d7-c8673e7ed168,OFF-a7bf120a-dc4a-5ec9-aced-e4651a795afe,total,120,explicit_value,original,2024-03-21,false,,120,SRC-HFNU-2024-ZC,"{""row_key"":""商务英语"",""section"":""招生专业计划"",""table"":1,""url"":""https://zsb.hfnu.edu.cn/info/1003/2715.htm""}"
PLAN-be5b574d-72c4-54aa-ab55-df1438902edb,OFF-a7bf120a-dc4a-5ec9-aced-e4651a795afe,retired_soldier_culture_exam_exempt,10,explicit_value,original,2024-03-21,false,,10,SRC-HFNU-2024-ZC,"{""row_key"":""商务英语"",""section"":""招生专业计划"",""table"":1,""url"":""https://zsb.hfnu.edu.cn/info/1003/2715.htm""}"
PLAN-d7cd9c5e-8c21-5d89-b0dc-51e2edf8db79,OFF-a7bf120a-dc4a-5ec9-aced-e4651a795afe,retired_soldier_non_exempt,2,explicit_value,original,2024-03-21,false,,2,SRC-HFNU-2024-ZC,"{""row_key"":""商务英语"",""section"":""招生专业计划"",""table"":1,""url"":""https://zsb.hfnu.edu.cn/info/1003/2715.htm""}"
PLAN-3b456202-13cb-5684-9e79-efcac39e9332,OFF-a7bf120a-dc4a-5ec9-aced-e4651a795afe,registered_poor_family,10,explicit_value,original,2024-03-21,false,,10,SRC-HFNU-2024-ZC,"{""row_key"":""商务英语"",""section"":""招生专业计划"",""table"":1,""url"":""https://zsb.hfnu.edu.cn/info/1003/2715.htm""}"
PLAN-4192e1ad-d689-5188-a3f2-6caa0886a290,OFF-0cea55c4-0162-5c49-adf4-b170df56aca6,total,120,explicit_value,original,2024-03-21,false,,120,SRC-HFNU-2024-ZC,"{""row_key"":""学前教育"",""section"":""招生专业计划"",""table"":1,""url"":""https://zsb.hfnu.edu.cn/info/1003/2715.htm""}"
PLAN-0a189379-b150-59f4-b601-173f07e79941,OFF-0cea55c4-0162-5c49-adf4-b170df56aca6,retired_soldier_culture_exam_exempt,10,explicit_value,original,2024-03-21,false,,10,SRC-HFNU-2024-ZC,"{""row_key"":""学前教育"",""section"":""招生专业计划"",""table"":1,""url"":""https://zsb.hfnu.edu.cn/info/1003/2715.htm""}"
PLAN-55635815-72bd-5496-ac22-fb6af9a650a0,OFF-0cea55c4-0162-5c49-adf4-b170df56aca6,retired_soldier_non_exempt,2,explicit_value,original,2024-03-21,false,,2,SRC-HFNU-2024-ZC,"{""row_key"":""学前教育"",""section"":""招生专业计划"",""table"":1,""url"":""https://zsb.hfnu.edu.cn/info/1003/2715.htm""}"
PLAN-fbff8970-a811-580e-ae50-f7c896c40263,OFF-0cea55c4-0162-5c49-adf4-b170df56aca6,registered_poor_family,10,explicit_value,original,2024-03-21,false,,10,SRC-HFNU-2024-ZC,"{""row_key"":""学前教育"",""section"":""招生专业计划"",""table"":1,""url"":""https://zsb.hfnu.edu.cn/info/1003/2715.htm""}"
PLAN-44a7adb6-5b32-52ba-9ba9-2e0728d4cfcc,OFF-9ede7d69-d5cc-5ccb-8967-b105266703a9,total,60,explicit_value,original,2024-03-21,false,,60,SRC-HFNU-2024-ZC,"{""row_key"":""小学教育"",""section"":""招生专业计划"",""table"":1,""url"":""https://zsb.hfnu.edu.cn/info/1003/2715.htm""}"
PLAN-023a2d1b-4635-59ec-bc5d-a28b3fdcfcaa,OFF-9ede7d69-d5cc-5ccb-8967-b105266703a9,retired_soldier_culture_exam_exempt,4,explicit_value,original,2024-03-21,false,,4,SRC-HFNU-2024-ZC,"{""row_key"":""小学教育"",""section"":""招生专业计划"",""table"":1,""url"":""https://zsb.hfnu.edu.cn/info/1003/2715.htm""}"
PLAN-db79eed1-f8bc-5482-b922-295989a4acae,OFF-9ede7d69-d5cc-5ccb-8967-b105266703a9,retired_soldier_non_exempt,2,explicit_value,original,2024-03-21,false,,2,SRC-HFNU-2024-ZC,"{""row_key"":""小学教育"",""section"":""招生专业计划"",""table"":1,""url"":""https://zsb.hfnu.edu.cn/info/1003/2715.htm""}"
PLAN-dc72e519-6de3-5339-b650-f12a8ab0d63d,OFF-9ede7d69-d5cc-5ccb-8967-b105266703a9,registered_poor_family,4,explicit_value,original,2024-03-21,false,,4,SRC-HFNU-2024-ZC,"{""row_key"":""小学教育"",""section"":""招生专业计划"",""table"":1,""url"":""https://zsb.hfnu.edu.cn/info/1003/2715.htm""}"
PLAN-76e466d0-67a7-5185-80c6-90d8e204f6ed,OFF-bd3de362-2399-561b-a7c9-2e5227676c3a,total,40,explicit_value,original,2024-03-21,false,,40,SRC-HFNU-2024-ZC,"{""row_key"":""市场营销"",""section"":""招生专业计划"",""table"":1,""url"":""https://zsb.hfnu.edu.cn/info/1003/2715.htm""}"
PLAN-c5d7d7c2-71d9-5b56-9e53-1c3495946fbe,OFF-bd3de362-2399-561b-a7c9-2e5227676c3a,retired_soldier_culture_exam_exempt,3,explicit_value,original,2024-03-21,false,,3,SRC-HFNU-2024-ZC,"{""row_key"":""市场营销"",""section"":""招生专业计划"",""table"":1,""url"":""https://zsb.hfnu.edu.cn/info/1003/2715.htm""}"
PLAN-021cca32-885a-514d-9112-7425ef2aae74,OFF-bd3de362-2399-561b-a7c9-2e5227676c3a,retired_soldier_non_exempt,1,explicit_value,original,2024-03-21,false,,1,SRC-HFNU-2024-ZC,"{""row_key"":""市场营销"",""section"":""招生专业计划"",""table"":1,""url"":""https://zsb.hfnu.edu.cn/info/1003/2715.htm""}"
PLAN-0fc4a086-201c-5ede-b39b-666c9df5fcc5,OFF-bd3de362-2399-561b-a7c9-2e5227676c3a,registered_poor_family,3,explicit_value,original,2024-03-21,false,,3,SRC-HFNU-2024-ZC,"{""row_key"":""市场营销"",""section"":""招生专业计划"",""table"":1,""url"":""https://zsb.hfnu.edu.cn/info/1003/2715.htm""}"
PLAN-41adcb45-961b-5ce9-a477-42f118f08398,OFF-f76c6c80-b9d0-5782-a18b-0ea301825262,total,120,explicit_value,original,2024-03-21,false,,120,SRC-HFNU-2024-ZC,"{""row_key"":""数据科学与大数据技术"",""section"":""招生专业计划"",""table"":1,""url"":""https://zsb.hfnu.edu.cn/info/1003/2715.htm""}"
PLAN-028e3962-770a-506b-a15f-2e71ab0bdbdd,OFF-f76c6c80-b9d0-5782-a18b-0ea301825262,retired_soldier_culture_exam_exempt,10,explicit_value,original,2024-03-21,false,,10,SRC-HFNU-2024-ZC,"{""row_key"":""数据科学与大数据技术"",""section"":""招生专业计划"",""table"":1,""url"":""https://zsb.hfnu.edu.cn/info/1003/2715.htm""}"
PLAN-1af7db6f-5b5b-5c62-aa30-a25f35dca5a2,OFF-f76c6c80-b9d0-5782-a18b-0ea301825262,retired_soldier_non_exempt,2,explicit_value,original,2024-03-21,false,,2,SRC-HFNU-2024-ZC,"{""row_key"":""数据科学与大数据技术"",""section"":""招生专业计划"",""table"":1,""url"":""https://zsb.hfnu.edu.cn/info/1003/2715.htm""}"
PLAN-bf39f59a-5e30-5217-9893-eafe43426009,OFF-f76c6c80-b9d0-5782-a18b-0ea301825262,registered_poor_family,10,explicit_value,original,2024-03-21,false,,10,SRC-HFNU-2024-ZC,"{""row_key"":""数据科学与大数据技术"",""section"":""招生专业计划"",""table"":1,""url"":""https://zsb.hfnu.edu.cn/info/1003/2715.htm""}"
PLAN-4c19ef61-eb84-5086-ab6a-a0e8c35b214b,OFF-69e46ff6-0cb7-5333-8024-1be76ba32d9e,total,120,explicit_value,original,2024-03-21,false,,120,SRC-HFNU-2024-ZC,"{""row_key"":""新能源材料与器件"",""section"":""招生专业计划"",""table"":1,""url"":""https://zsb.hfnu.edu.cn/info/1003/2715.htm""}"
PLAN-d5aba53a-0746-5a0a-81f0-d8f4a733f8d3,OFF-69e46ff6-0cb7-5333-8024-1be76ba32d9e,retired_soldier_culture_exam_exempt,10,explicit_value,original,2024-03-21,false,,10,SRC-HFNU-2024-ZC,"{""row_key"":""新能源材料与器件"",""section"":""招生专业计划"",""table"":1,""url"":""https://zsb.hfnu.edu.cn/info/1003/2715.htm""}"
PLAN-78ed5335-2945-567e-b974-3d859c741467,OFF-69e46ff6-0cb7-5333-8024-1be76ba32d9e,retired_soldier_non_exempt,2,explicit_value,original,2024-03-21,false,,2,SRC-HFNU-2024-ZC,"{""row_key"":""新能源材料与器件"",""section"":""招生专业计划"",""table"":1,""url"":""https://zsb.hfnu.edu.cn/info/1003/2715.htm""}"
PLAN-dacbd2b3-840f-5d8f-b822-2399b7945332,OFF-69e46ff6-0cb7-5333-8024-1be76ba32d9e,registered_poor_family,10,explicit_value,original,2024-03-21,false,,10,SRC-HFNU-2024-ZC,"{""row_key"":""新能源材料与器件"",""section"":""招生专业计划"",""table"":1,""url"":""https://zsb.hfnu.edu.cn/info/1003/2715.htm""}"
PLAN-87de0198-e4bc-5b7e-8f3b-4eb689b65c6c,OFF-6ea19789-72a7-5a48-aeaa-57ccaa31b7c1,total,30,explicit_value,original,2024-03-21,false,,30,SRC-HFNU-2024-ZC,"{""row_key"":""服装与服饰设计"",""section"":""招生专业计划"",""table"":1,""url"":""https://zsb.hfnu.edu.cn/info/1003/2715.htm""}"
PLAN-fbc4e37b-62aa-571b-b1ce-31b1f857c90d,OFF-6ea19789-72a7-5a48-aeaa-57ccaa31b7c1,retired_soldier_culture_exam_exempt,2,explicit_value,original,2024-03-21,false,,2,SRC-HFNU-2024-ZC,"{""row_key"":""服装与服饰设计"",""section"":""招生专业计划"",""table"":1,""url"":""https://zsb.hfnu.edu.cn/info/1003/2715.htm""}"
PLAN-829d64c1-49b4-5142-8f08-1961e6e5e7ee,OFF-6ea19789-72a7-5a48-aeaa-57ccaa31b7c1,retired_soldier_non_exempt,1,explicit_value,original,2024-03-21,false,,1,SRC-HFNU-2024-ZC,"{""row_key"":""服装与服饰设计"",""section"":""招生专业计划"",""table"":1,""url"":""https://zsb.hfnu.edu.cn/info/1003/2715.htm""}"
PLAN-4e0a927a-7136-5715-b0c7-8a2ba6e25546,OFF-6ea19789-72a7-5a48-aeaa-57ccaa31b7c1,registered_poor_family,2,explicit_value,original,2024-03-21,false,,2,SRC-HFNU-2024-ZC,"{""row_key"":""服装与服饰设计"",""section"":""招生专业计划"",""table"":1,""url"":""https://zsb.hfnu.edu.cn/info/1003/2715.htm""}"
PLAN-57040205-3165-5334-a751-11617a23b772,OFF-73444fc2-6c3c-55cc-ba0f-e19ab7460a72,total,120,explicit_value,original,2024-03-21,false,,120,SRC-HFNU-2024-ZC,"{""row_key"":""材料科学与工程"",""section"":""招生专业计划"",""table"":1,""url"":""https://zsb.hfnu.edu.cn/info/1003/2715.htm""}"
PLAN-65c97921-c186-5c4c-8aaf-66a215f45a48,OFF-73444fc2-6c3c-55cc-ba0f-e19ab7460a72,retired_soldier_culture_exam_exempt,10,explicit_value,original,2024-03-21,false,,10,SRC-HFNU-2024-ZC,"{""row_key"":""材料科学与工程"",""section"":""招生专业计划"",""table"":1,""url"":""https://zsb.hfnu.edu.cn/info/1003/2715.htm""}"
PLAN-d589f04b-2579-5ab6-afc0-d19c2fcdcea8,OFF-73444fc2-6c3c-55cc-ba0f-e19ab7460a72,retired_soldier_non_exempt,2,explicit_value,original,2024-03-21,false,,2,SRC-HFNU-2024-ZC,"{""row_key"":""材料科学与工程"",""section"":""招生专业计划"",""table"":1,""url"":""https://zsb.hfnu.edu.cn/info/1003/2715.htm""}"
PLAN-86e63407-e5fc-5148-b159-ea6d662c5ed0,OFF-73444fc2-6c3c-55cc-ba0f-e19ab7460a72,registered_poor_family,10,explicit_value,original,2024-03-21,false,,10,SRC-HFNU-2024-ZC,"{""row_key"":""材料科学与工程"",""section"":""招生专业计划"",""table"":1,""url"":""https://zsb.hfnu.edu.cn/info/1003/2715.htm""}"
PLAN-04256fda-aa9c-5ca3-946a-944b7d465431,OFF-b1bacb76-fa85-533b-9dba-b5d3f6107662,total,80,explicit_value,original,2024-03-21,false,,80,SRC-HFNU-2024-ZC,"{""row_key"":""环境设计"",""section"":""招生专业计划"",""table"":1,""url"":""https://zsb.hfnu.edu.cn/info/1003/2715.htm""}"
PLAN-7dd7f37c-eb44-54a3-a6fc-2a09b47ee5c2,OFF-b1bacb76-fa85-533b-9dba-b5d3f6107662,retired_soldier_culture_exam_exempt,6,explicit_value,original,2024-03-21,false,,6,SRC-HFNU-2024-ZC,"{""row_key"":""环境设计"",""section"":""招生专业计划"",""table"":1,""url"":""https://zsb.hfnu.edu.cn/info/1003/2715.htm""}"
PLAN-6ce99b33-8f0f-52c9-9c51-aca4cc51df7f,OFF-b1bacb76-fa85-533b-9dba-b5d3f6107662,retired_soldier_non_exempt,2,explicit_value,original,2024-03-21,false,,2,SRC-HFNU-2024-ZC,"{""row_key"":""环境设计"",""section"":""招生专业计划"",""table"":1,""url"":""https://zsb.hfnu.edu.cn/info/1003/2715.htm""}"
PLAN-a5334d49-1ebb-5216-bb11-5270bc382544,OFF-b1bacb76-fa85-533b-9dba-b5d3f6107662,registered_poor_family,6,explicit_value,original,2024-03-21,false,,6,SRC-HFNU-2024-ZC,"{""row_key"":""环境设计"",""section"":""招生专业计划"",""table"":1,""url"":""https://zsb.hfnu.edu.cn/info/1003/2715.htm""}"
PLAN-f23902f6-55eb-570a-8497-14aaf46b5ff9,OFF-af318d31-e77c-53ab-be9f-571d14f8bc96,total,120,explicit_value,original,2024-03-21,false,,120,SRC-HFNU-2024-ZC,"{""row_key"":""生物制药"",""section"":""招生专业计划"",""table"":1,""url"":""https://zsb.hfnu.edu.cn/info/1003/2715.htm""}"
PLAN-d7b74f2c-b2fd-5713-bee9-30d9617f8ec5,OFF-af318d31-e77c-53ab-be9f-571d14f8bc96,retired_soldier_culture_exam_exempt,10,explicit_value,original,2024-03-21,false,,10,SRC-HFNU-2024-ZC,"{""row_key"":""生物制药"",""section"":""招生专业计划"",""table"":1,""url"":""https://zsb.hfnu.edu.cn/info/1003/2715.htm""}"
PLAN-af15d750-8ea4-54e3-a87d-bbd575bda9c5,OFF-af318d31-e77c-53ab-be9f-571d14f8bc96,retired_soldier_non_exempt,2,explicit_value,original,2024-03-21,false,,2,SRC-HFNU-2024-ZC,"{""row_key"":""生物制药"",""section"":""招生专业计划"",""table"":1,""url"":""https://zsb.hfnu.edu.cn/info/1003/2715.htm""}"
PLAN-7d67ff44-27f0-51a6-9e67-8f27393ae7c2,OFF-af318d31-e77c-53ab-be9f-571d14f8bc96,registered_poor_family,10,explicit_value,original,2024-03-21,false,,10,SRC-HFNU-2024-ZC,"{""row_key"":""生物制药"",""section"":""招生专业计划"",""table"":1,""url"":""https://zsb.hfnu.edu.cn/info/1003/2715.htm""}"
PLAN-b508e41e-09a2-5d6f-84e2-cb200330e488,OFF-cf5f58a7-03e9-528e-9334-2c2054574cb4,total,120,explicit_value,original,2024-03-21,false,,120,SRC-HFNU-2024-ZC,"{""row_key"":""电子信息工程"",""section"":""招生专业计划"",""table"":1,""url"":""https://zsb.hfnu.edu.cn/info/1003/2715.htm""}"
PLAN-00d70a6a-c28f-55fc-8bc8-8b6b707dc5e7,OFF-cf5f58a7-03e9-528e-9334-2c2054574cb4,retired_soldier_culture_exam_exempt,10,explicit_value,original,2024-03-21,false,,10,SRC-HFNU-2024-ZC,"{""row_key"":""电子信息工程"",""section"":""招生专业计划"",""table"":1,""url"":""https://zsb.hfnu.edu.cn/info/1003/2715.htm""}"
PLAN-b2eb8f9f-8332-5f5d-a2e5-fc458a3e5419,OFF-cf5f58a7-03e9-528e-9334-2c2054574cb4,retired_soldier_non_exempt,2,explicit_value,original,2024-03-21,false,,2,SRC-HFNU-2024-ZC,"{""row_key"":""电子信息工程"",""section"":""招生专业计划"",""table"":1,""url"":""https://zsb.hfnu.edu.cn/info/1003/2715.htm""}"
PLAN-dea95deb-e274-5b37-b771-dd61174de338,OFF-cf5f58a7-03e9-528e-9334-2c2054574cb4,registered_poor_family,10,explicit_value,original,2024-03-21,false,,10,SRC-HFNU-2024-ZC,"{""row_key"":""电子信息工程"",""section"":""招生专业计划"",""table"":1,""url"":""https://zsb.hfnu.edu.cn/info/1003/2715.htm""}"
PLAN-6a5378ab-ebb5-5348-891d-869c8f1695f6,OFF-7918aed3-8a9b-5618-ab5a-9eb8a382781b,total,40,explicit_value,original,2024-03-21,false,,40,SRC-HFNU-2024-ZC,"{""row_key"":""电气工程及其自动化"",""section"":""招生专业计划"",""table"":1,""url"":""https://zsb.hfnu.edu.cn/info/1003/2715.htm""}"
PLAN-6ebecaef-811a-5668-b5ae-b602ee193e29,OFF-7918aed3-8a9b-5618-ab5a-9eb8a382781b,retired_soldier_culture_exam_exempt,3,explicit_value,original,2024-03-21,false,,3,SRC-HFNU-2024-ZC,"{""row_key"":""电气工程及其自动化"",""section"":""招生专业计划"",""table"":1,""url"":""https://zsb.hfnu.edu.cn/info/1003/2715.htm""}"
PLAN-ef1979d3-8d34-54f3-98b0-6148edc930c0,OFF-7918aed3-8a9b-5618-ab5a-9eb8a382781b,retired_soldier_non_exempt,1,explicit_value,original,2024-03-21,false,,1,SRC-HFNU-2024-ZC,"{""row_key"":""电气工程及其自动化"",""section"":""招生专业计划"",""table"":1,""url"":""https://zsb.hfnu.edu.cn/info/1003/2715.htm""}"
PLAN-ae3e5901-43af-5d75-9beb-314cf3f2dc8c,OFF-7918aed3-8a9b-5618-ab5a-9eb8a382781b,registered_poor_family,3,explicit_value,original,2024-03-21,false,,3,SRC-HFNU-2024-ZC,"{""row_key"":""电气工程及其自动化"",""section"":""招生专业计划"",""table"":1,""url"":""https://zsb.hfnu.edu.cn/info/1003/2715.htm""}"
PLAN-a6cde4cd-9c7d-5e3e-a0fb-5679520f1813,OFF-c945fa15-9041-5415-913b-66750f82e0ad,total,60,explicit_value,original,2024-03-21,false,,60,SRC-HFNU-2024-ZC,"{""row_key"":""电气工程及其自动化"",""section"":""招生专业计划"",""table"":1,""url"":""https://zsb.hfnu.edu.cn/info/1003/2715.htm""}"
PLAN-059d5ce8-ae8d-5186-8d1e-9eae2c2d54aa,OFF-c945fa15-9041-5415-913b-66750f82e0ad,retired_soldier_culture_exam_exempt,4,explicit_value,original,2024-03-21,false,,4,SRC-HFNU-2024-ZC,"{""row_key"":""电气工程及其自动化"",""section"":""招生专业计划"",""table"":1,""url"":""https://zsb.hfnu.edu.cn/info/1003/2715.htm""}"
PLAN-fe9fca65-e285-5496-a2e9-6fbc65be2249,OFF-c945fa15-9041-5415-913b-66750f82e0ad,retired_soldier_non_exempt,2,explicit_value,original,2024-03-21,false,,2,SRC-HFNU-2024-ZC,"{""row_key"":""电气工程及其自动化"",""section"":""招生专业计划"",""table"":1,""url"":""https://zsb.hfnu.edu.cn/info/1003/2715.htm""}"
PLAN-8afc6c5a-4504-55e4-a653-440099a2ea0a,OFF-c945fa15-9041-5415-913b-66750f82e0ad,registered_poor_family,4,explicit_value,original,2024-03-21,false,,4,SRC-HFNU-2024-ZC,"{""row_key"":""电气工程及其自动化"",""section"":""招生专业计划"",""table"":1,""url"":""https://zsb.hfnu.edu.cn/info/1003/2715.htm""}"
PLAN-f6bfbb31-78a1-5a04-891d-f2f1698262c3,OFF-a16f69bd-4821-507f-b34c-12e9fe334e0e,total,120,explicit_value,original,2024-03-21,false,,120,SRC-HFNU-2024-ZC,"{""row_key"":""经济统计学"",""section"":""招生专业计划"",""table"":1,""url"":""https://zsb.hfnu.edu.cn/info/1003/2715.htm""}"
PLAN-31f4ce7d-5cec-57f8-9a86-77f21860b20f,OFF-a16f69bd-4821-507f-b34c-12e9fe334e0e,retired_soldier_culture_exam_exempt,10,explicit_value,original,2024-03-21,false,,10,SRC-HFNU-2024-ZC,"{""row_key"":""经济统计学"",""section"":""招生专业计划"",""table"":1,""url"":""https://zsb.hfnu.edu.cn/info/1003/2715.htm""}"
PLAN-e894923d-8ae5-5067-b82e-00d41eb99ed9,OFF-a16f69bd-4821-507f-b34c-12e9fe334e0e,retired_soldier_non_exempt,2,explicit_value,original,2024-03-21,false,,2,SRC-HFNU-2024-ZC,"{""row_key"":""经济统计学"",""section"":""招生专业计划"",""table"":1,""url"":""https://zsb.hfnu.edu.cn/info/1003/2715.htm""}"
PLAN-1e7741b7-8e48-5025-9699-b3d174ac6979,OFF-a16f69bd-4821-507f-b34c-12e9fe334e0e,registered_poor_family,10,explicit_value,original,2024-03-21,false,,10,SRC-HFNU-2024-ZC,"{""row_key"":""经济统计学"",""section"":""招生专业计划"",""table"":1,""url"":""https://zsb.hfnu.edu.cn/info/1003/2715.htm""}"
PLAN-bd9120e1-a00c-506d-aa5d-12130f959726,OFF-b367c94d-0b02-55e7-b8ec-4af69600c0ee,total,120,explicit_value,original,2024-03-21,false,,120,SRC-HFNU-2024-ZC,"{""row_key"":""网络与新媒体"",""section"":""招生专业计划"",""table"":1,""url"":""https://zsb.hfnu.edu.cn/info/1003/2715.htm""}"
PLAN-5401652a-47c2-5291-a501-0a2bb81ad450,OFF-b367c94d-0b02-55e7-b8ec-4af69600c0ee,retired_soldier_culture_exam_exempt,10,explicit_value,original,2024-03-21,false,,10,SRC-HFNU-2024-ZC,"{""row_key"":""网络与新媒体"",""section"":""招生专业计划"",""table"":1,""url"":""https://zsb.hfnu.edu.cn/info/1003/2715.htm""}"
PLAN-713b2711-537e-5337-924d-6b46bec723fe,OFF-b367c94d-0b02-55e7-b8ec-4af69600c0ee,retired_soldier_non_exempt,2,explicit_value,original,2024-03-21,false,,2,SRC-HFNU-2024-ZC,"{""row_key"":""网络与新媒体"",""section"":""招生专业计划"",""table"":1,""url"":""https://zsb.hfnu.edu.cn/info/1003/2715.htm""}"
PLAN-aa5a5fb6-703f-5341-9628-514cbf254a96,OFF-b367c94d-0b02-55e7-b8ec-4af69600c0ee,registered_poor_family,10,explicit_value,original,2024-03-21,false,,10,SRC-HFNU-2024-ZC,"{""row_key"":""网络与新媒体"",""section"":""招生专业计划"",""table"":1,""url"":""https://zsb.hfnu.edu.cn/info/1003/2715.htm""}"
PLAN-c37877ec-fa85-59e2-8b63-e0c53cd2b67b,OFF-a02655f6-3bc4-5d92-b4ff-839b057ccd76,total,40,explicit_value,original,2024-03-21,false,,40,SRC-HFNU-2024-ZC,"{""row_key"":""网络工程"",""section"":""招生专业计划"",""table"":1,""url"":""https://zsb.hfnu.edu.cn/info/1003/2715.htm""}"
PLAN-e3795b60-a728-5947-94c9-57b0ca585cfd,OFF-a02655f6-3bc4-5d92-b4ff-839b057ccd76,retired_soldier_culture_exam_exempt,3,explicit_value,original,2024-03-21,false,,3,SRC-HFNU-2024-ZC,"{""row_key"":""网络工程"",""section"":""招生专业计划"",""table"":1,""url"":""https://zsb.hfnu.edu.cn/info/1003/2715.htm""}"
PLAN-e030e4c6-0bcc-5e6d-b456-636f4e5f8955,OFF-a02655f6-3bc4-5d92-b4ff-839b057ccd76,retired_soldier_non_exempt,1,explicit_value,original,2024-03-21,false,,1,SRC-HFNU-2024-ZC,"{""row_key"":""网络工程"",""section"":""招生专业计划"",""table"":1,""url"":""https://zsb.hfnu.edu.cn/info/1003/2715.htm""}"
PLAN-e3f01cb1-1dea-5e95-9c42-a72e22e6b848,OFF-a02655f6-3bc4-5d92-b4ff-839b057ccd76,registered_poor_family,3,explicit_value,original,2024-03-21,false,,3,SRC-HFNU-2024-ZC,"{""row_key"":""网络工程"",""section"":""招生专业计划"",""table"":1,""url"":""https://zsb.hfnu.edu.cn/info/1003/2715.htm""}"
PLAN-164a1edc-0a05-5ce3-bfa7-569125cdf408,OFF-68ee766e-a958-5e4d-908d-864ee94290aa,total,140,explicit_value,original,2024-03-21,false,,140,SRC-HFNU-2024-ZC,"{""row_key"":""药物制剂"",""section"":""招生专业计划"",""table"":1,""url"":""https://zsb.hfnu.edu.cn/info/1003/2715.htm""}"
PLAN-b382c566-7693-5ccd-b522-dbd3d357b3d7,OFF-68ee766e-a958-5e4d-908d-864ee94290aa,retired_soldier_culture_exam_exempt,11,explicit_value,original,2024-03-21,false,,11,SRC-HFNU-2024-ZC,"{""row_key"":""药物制剂"",""section"":""招生专业计划"",""table"":1,""url"":""https://zsb.hfnu.edu.cn/info/1003/2715.htm""}"
PLAN-1b306d51-ecee-54a9-955d-2e361fe3b9d5,OFF-68ee766e-a958-5e4d-908d-864ee94290aa,retired_soldier_non_exempt,3,explicit_value,original,2024-03-21,false,,3,SRC-HFNU-2024-ZC,"{""row_key"":""药物制剂"",""section"":""招生专业计划"",""table"":1,""url"":""https://zsb.hfnu.edu.cn/info/1003/2715.htm""}"
PLAN-9aab7e80-a611-5549-814a-4426e5cd8ef8,OFF-68ee766e-a958-5e4d-908d-864ee94290aa,registered_poor_family,11,explicit_value,original,2024-03-21,false,,11,SRC-HFNU-2024-ZC,"{""row_key"":""药物制剂"",""section"":""招生专业计划"",""table"":1,""url"":""https://zsb.hfnu.edu.cn/info/1003/2715.htm""}"
PLAN-03c0e9e4-acd4-5466-b25f-5f3c8c354d82,OFF-43881998-59b5-5099-8b34-4886838b1331,total,60,explicit_value,original,2024-03-21,false,,60,SRC-HFNU-2024-ZC,"{""row_key"":""视觉传达设计"",""section"":""招生专业计划"",""table"":1,""url"":""https://zsb.hfnu.edu.cn/info/1003/2715.htm""}"
PLAN-970d9ce9-9e88-5d23-a14d-9493ff133116,OFF-43881998-59b5-5099-8b34-4886838b1331,retired_soldier_culture_exam_exempt,4,explicit_value,original,2024-03-21,false,,4,SRC-HFNU-2024-ZC,"{""row_key"":""视觉传达设计"",""section"":""招生专业计划"",""table"":1,""url"":""https://zsb.hfnu.edu.cn/info/1003/2715.htm""}"
PLAN-5ef9cedc-2e35-53cf-9eea-fde92ffbff8b,OFF-43881998-59b5-5099-8b34-4886838b1331,retired_soldier_non_exempt,2,explicit_value,original,2024-03-21,false,,2,SRC-HFNU-2024-ZC,"{""row_key"":""视觉传达设计"",""section"":""招生专业计划"",""table"":1,""url"":""https://zsb.hfnu.edu.cn/info/1003/2715.htm""}"
PLAN-f4eaabb8-2049-5a57-820b-c9c31075179b,OFF-43881998-59b5-5099-8b34-4886838b1331,registered_poor_family,4,explicit_value,original,2024-03-21,false,,4,SRC-HFNU-2024-ZC,"{""row_key"":""视觉传达设计"",""section"":""招生专业计划"",""table"":1,""url"":""https://zsb.hfnu.edu.cn/info/1003/2715.htm""}"
PLAN-28a134d5-b107-5b44-b70c-c0687a315808,OFF-526bb7a2-7cbb-5542-a51a-9e6a4caa60d0,total,40,explicit_value,original,2024-03-21,false,,40,SRC-HFNU-2024-ZC,"{""row_key"":""计算机科学与技术"",""section"":""招生专业计划"",""table"":1,""url"":""https://zsb.hfnu.edu.cn/info/1003/2715.htm""}"
PLAN-7a453a32-c3ea-5841-8c53-23771a616f57,OFF-526bb7a2-7cbb-5542-a51a-9e6a4caa60d0,retired_soldier_culture_exam_exempt,3,explicit_value,original,2024-03-21,false,,3,SRC-HFNU-2024-ZC,"{""row_key"":""计算机科学与技术"",""section"":""招生专业计划"",""table"":1,""url"":""https://zsb.hfnu.edu.cn/info/1003/2715.htm""}"
PLAN-3c1078e9-c35d-588c-a70e-517bc014b363,OFF-526bb7a2-7cbb-5542-a51a-9e6a4caa60d0,retired_soldier_non_exempt,1,explicit_value,original,2024-03-21,false,,1,SRC-HFNU-2024-ZC,"{""row_key"":""计算机科学与技术"",""section"":""招生专业计划"",""table"":1,""url"":""https://zsb.hfnu.edu.cn/info/1003/2715.htm""}"
PLAN-4630fc78-99ca-5dee-a21d-5f9c718cc3e8,OFF-526bb7a2-7cbb-5542-a51a-9e6a4caa60d0,registered_poor_family,3,explicit_value,original,2024-03-21,false,,3,SRC-HFNU-2024-ZC,"{""row_key"":""计算机科学与技术"",""section"":""招生专业计划"",""table"":1,""url"":""https://zsb.hfnu.edu.cn/info/1003/2715.htm""}"
PLAN-3f8ecf4b-a3a0-5ea6-87df-7c172ef2c26e,OFF-f6bedd2a-e542-5dd3-b6d1-94f3b4753246,total,120,explicit_value,original,2024-03-21,false,,120,SRC-HFNU-2024-ZC,"{""row_key"":""计算机科学与技术"",""section"":""招生专业计划"",""table"":1,""url"":""https://zsb.hfnu.edu.cn/info/1003/2715.htm""}"
PLAN-21d3c960-7de4-5b00-9399-8b3d9cddd576,OFF-f6bedd2a-e542-5dd3-b6d1-94f3b4753246,retired_soldier_culture_exam_exempt,10,explicit_value,original,2024-03-21,false,,10,SRC-HFNU-2024-ZC,"{""row_key"":""计算机科学与技术"",""section"":""招生专业计划"",""table"":1,""url"":""https://zsb.hfnu.edu.cn/info/1003/2715.htm""}"
PLAN-238036d0-f3d4-51a8-9e80-4580590d40b0,OFF-f6bedd2a-e542-5dd3-b6d1-94f3b4753246,retired_soldier_non_exempt,2,explicit_value,original,2024-03-21,false,,2,SRC-HFNU-2024-ZC,"{""row_key"":""计算机科学与技术"",""section"":""招生专业计划"",""table"":1,""url"":""https://zsb.hfnu.edu.cn/info/1003/2715.htm""}"
PLAN-3b46277a-bef2-5ebc-aac1-61b713d68319,OFF-f6bedd2a-e542-5dd3-b6d1-94f3b4753246,registered_poor_family,10,explicit_value,original,2024-03-21,false,,10,SRC-HFNU-2024-ZC,"{""row_key"":""计算机科学与技术"",""section"":""招生专业计划"",""table"":1,""url"":""https://zsb.hfnu.edu.cn/info/1003/2715.htm""}"
PLAN-07ec9492-1db9-5662-b5ee-173bbb083aba,OFF-e230a334-b7cd-57ef-863f-cf2565ef45d5,total,40,explicit_value,original,2024-03-21,false,,40,SRC-HFNU-2024-ZC,"{""row_key"":""财务管理"",""section"":""招生专业计划"",""table"":1,""url"":""https://zsb.hfnu.edu.cn/info/1003/2715.htm""}"
PLAN-f5847f03-32ef-50e8-8492-b48247b4bd3a,OFF-e230a334-b7cd-57ef-863f-cf2565ef45d5,retired_soldier_culture_exam_exempt,3,explicit_value,original,2024-03-21,false,,3,SRC-HFNU-2024-ZC,"{""row_key"":""财务管理"",""section"":""招生专业计划"",""table"":1,""url"":""https://zsb.hfnu.edu.cn/info/1003/2715.htm""}"
PLAN-ce3b96ee-3edd-504a-a9cd-6abbfc653ba5,OFF-e230a334-b7cd-57ef-863f-cf2565ef45d5,retired_soldier_non_exempt,1,explicit_value,original,2024-03-21,false,,1,SRC-HFNU-2024-ZC,"{""row_key"":""财务管理"",""section"":""招生专业计划"",""table"":1,""url"":""https://zsb.hfnu.edu.cn/info/1003/2715.htm""}"
PLAN-e6252ccb-bcf6-51ce-ab01-a005ed1e9f13,OFF-e230a334-b7cd-57ef-863f-cf2565ef45d5,registered_poor_family,3,explicit_value,original,2024-03-21,false,,3,SRC-HFNU-2024-ZC,"{""row_key"":""财务管理"",""section"":""招生专业计划"",""table"":1,""url"":""https://zsb.hfnu.edu.cn/info/1003/2715.htm""}"
PLAN-2953d2c2-e1cb-5b73-b563-47ecb9239b36,OFF-68a7c64f-fe94-5123-a3db-c94792c44787,total,120,explicit_value,original,2024-03-21,false,,120,SRC-HFNU-2024-ZC,"{""row_key"":""软件工程"",""section"":""招生专业计划"",""table"":1,""url"":""https://zsb.hfnu.edu.cn/info/1003/2715.htm""}"
PLAN-143b0fe7-669f-5287-9817-f04a149adfba,OFF-68a7c64f-fe94-5123-a3db-c94792c44787,retired_soldier_culture_exam_exempt,10,explicit_value,original,2024-03-21,false,,10,SRC-HFNU-2024-ZC,"{""row_key"":""软件工程"",""section"":""招生专业计划"",""table"":1,""url"":""https://zsb.hfnu.edu.cn/info/1003/2715.htm""}"
PLAN-0a7a22f3-59a1-5b2b-a4a7-e6d580b9a68b,OFF-68a7c64f-fe94-5123-a3db-c94792c44787,retired_soldier_non_exempt,2,explicit_value,original,2024-03-21,false,,2,SRC-HFNU-2024-ZC,"{""row_key"":""软件工程"",""section"":""招生专业计划"",""table"":1,""url"":""https://zsb.hfnu.edu.cn/info/1003/2715.htm""}"
PLAN-45d5887f-028a-5a53-a289-a22d4dede8f4,OFF-68a7c64f-fe94-5123-a3db-c94792c44787,registered_poor_family,10,explicit_value,original,2024-03-21,false,,10,SRC-HFNU-2024-ZC,"{""row_key"":""软件工程"",""section"":""招生专业计划"",""table"":1,""url"":""https://zsb.hfnu.edu.cn/info/1003/2715.htm""}"
PLAN-ef2e37e4-89f9-5d8c-b4ec-e77fca1c1747,OFF-f3b32e27-406d-5c7a-838b-bde8628de9f1,total,30,explicit_value,original,2024-03-21,false,,30,SRC-HFNU-2024-ZC,"{""row_key"":""运动康复"",""section"":""招生专业计划"",""table"":1,""url"":""https://zsb.hfnu.edu.cn/info/1003/2715.htm""}"
PLAN-8d030d0a-2945-5227-9140-a74f13a8019e,OFF-f3b32e27-406d-5c7a-838b-bde8628de9f1,retired_soldier_culture_exam_exempt,2,explicit_value,original,2024-03-21,false,,2,SRC-HFNU-2024-ZC,"{""row_key"":""运动康复"",""section"":""招生专业计划"",""table"":1,""url"":""https://zsb.hfnu.edu.cn/info/1003/2715.htm""}"
PLAN-2085f3bb-3368-54f2-b7b5-7da2215a1b54,OFF-f3b32e27-406d-5c7a-838b-bde8628de9f1,retired_soldier_non_exempt,1,explicit_value,original,2024-03-21,false,,1,SRC-HFNU-2024-ZC,"{""row_key"":""运动康复"",""section"":""招生专业计划"",""table"":1,""url"":""https://zsb.hfnu.edu.cn/info/1003/2715.htm""}"
PLAN-7b6b1d1b-0fd1-5945-92be-27af453bfb10,OFF-f3b32e27-406d-5c7a-838b-bde8628de9f1,registered_poor_family,2,explicit_value,original,2024-03-21,false,,2,SRC-HFNU-2024-ZC,"{""row_key"":""运动康复"",""section"":""招生专业计划"",""table"":1,""url"":""https://zsb.hfnu.edu.cn/info/1003/2715.htm""}"
PLAN-e9976403-1221-5b1b-b727-25e454edca82,OFF-02b45d53-3476-53d0-b88a-b74856070dea,total,120,explicit_value,original,2024-03-21,false,,120,SRC-HFNU-2024-ZC,"{""row_key"":""通信工程"",""section"":""招生专业计划"",""table"":1,""url"":""https://zsb.hfnu.edu.cn/info/1003/2715.htm""}"
PLAN-5e5d9d32-0946-5ba5-8fcf-c230921fea52,OFF-02b45d53-3476-53d0-b88a-b74856070dea,retired_soldier_culture_exam_exempt,10,explicit_value,original,2024-03-21,false,,10,SRC-HFNU-2024-ZC,"{""row_key"":""通信工程"",""section"":""招生专业计划"",""table"":1,""url"":""https://zsb.hfnu.edu.cn/info/1003/2715.htm""}"
PLAN-96e8db9f-9f55-5ad0-bd14-bbf4722eaae1,OFF-02b45d53-3476-53d0-b88a-b74856070dea,retired_soldier_non_exempt,2,explicit_value,original,2024-03-21,false,,2,SRC-HFNU-2024-ZC,"{""row_key"":""通信工程"",""section"":""招生专业计划"",""table"":1,""url"":""https://zsb.hfnu.edu.cn/info/1003/2715.htm""}"
PLAN-962444ab-44bf-50b5-8eb8-56b69ebf212b,OFF-02b45d53-3476-53d0-b88a-b74856070dea,registered_poor_family,10,explicit_value,original,2024-03-21,false,,10,SRC-HFNU-2024-ZC,"{""row_key"":""通信工程"",""section"":""招生专业计划"",""table"":1,""url"":""https://zsb.hfnu.edu.cn/info/1003/2715.htm""}"
PLAN-22f632bc-9785-510d-89d8-981a36e22970,OFF-e663011d-a2ba-5dcb-8359-0611b0650a45,total,80,explicit_value,original,2024-03-21,false,,80,SRC-HFNU-2024-ZC,"{""row_key"":""食品质量与安全"",""section"":""招生专业计划"",""table"":1,""url"":""https://zsb.hfnu.edu.cn/info/1003/2715.htm""}"
PLAN-06b0d106-db63-5e0b-8536-a26efc517ab1,OFF-e663011d-a2ba-5dcb-8359-0611b0650a45,retired_soldier_culture_exam_exempt,6,explicit_value,original,2024-03-21,false,,6,SRC-HFNU-2024-ZC,"{""row_key"":""食品质量与安全"",""section"":""招生专业计划"",""table"":1,""url"":""https://zsb.hfnu.edu.cn/info/1003/2715.htm""}"
PLAN-ebb250f1-3a7c-555c-ac26-281dc10534ed,OFF-e663011d-a2ba-5dcb-8359-0611b0650a45,retired_soldier_non_exempt,2,explicit_value,original,2024-03-21,false,,2,SRC-HFNU-2024-ZC,"{""row_key"":""食品质量与安全"",""section"":""招生专业计划"",""table"":1,""url"":""https://zsb.hfnu.edu.cn/info/1003/2715.htm""}"
PLAN-9e4d995f-f3f8-5f5d-a000-d34697ef4f02,OFF-e663011d-a2ba-5dcb-8359-0611b0650a45,registered_poor_family,6,explicit_value,original,2024-03-21,false,,6,SRC-HFNU-2024-ZC,"{""row_key"":""食品质量与安全"",""section"":""招生专业计划"",""table"":1,""url"":""https://zsb.hfnu.edu.cn/info/1003/2715.htm""}"
PLAN-e7f8bdbe-6b16-52a8-a581-088d0e5bf327,OFF-ee877d74-77a2-5a43-aaad-c3d9b68adeeb,total,90,explicit_value,original,2025-03-18,false,,90,SRC-HFNU-2025-ZC,"{""asset_id"":""ASSET-HFNU-2025-ZC-PDF"",""page"":1,""row_key"":""互联网金融"",""section"":""招生专业计划""}"
PLAN-222aed2d-016a-5ea8-a8ca-ca644fbe858d,OFF-ee877d74-77a2-5a43-aaad-c3d9b68adeeb,retired_soldier_culture_exam_exempt,7,explicit_value,original,2025-03-18,false,,7,SRC-HFNU-2025-ZC,"{""asset_id"":""ASSET-HFNU-2025-ZC-PDF"",""page"":1,""row_key"":""互联网金融"",""section"":""招生专业计划""}"
PLAN-ece71f7b-d7f0-5122-b847-319165d8550e,OFF-ee877d74-77a2-5a43-aaad-c3d9b68adeeb,retired_soldier_non_exempt,2,explicit_value,original,2025-03-18,false,,2,SRC-HFNU-2025-ZC,"{""asset_id"":""ASSET-HFNU-2025-ZC-PDF"",""page"":1,""row_key"":""互联网金融"",""section"":""招生专业计划""}"
PLAN-58e94a95-6dfb-591a-92e0-a664a30cc331,OFF-ee877d74-77a2-5a43-aaad-c3d9b68adeeb,registered_poor_family,7,explicit_value,original,2025-03-18,false,,7,SRC-HFNU-2025-ZC,"{""asset_id"":""ASSET-HFNU-2025-ZC-PDF"",""page"":1,""row_key"":""互联网金融"",""section"":""招生专业计划""}"
PLAN-e9fcef37-9e8c-57fd-8301-5b0469432be0,OFF-ac7cbd8e-206a-5240-a567-a5a7094a89a6,total,120,explicit_value,original,2025-03-18,false,,120,SRC-HFNU-2025-ZC,"{""asset_id"":""ASSET-HFNU-2025-ZC-PDF"",""page"":1,""row_key"":""人力资源管理"",""section"":""招生专业计划""}"
PLAN-b4244605-7420-51b2-9947-1df0e3d5bd42,OFF-ac7cbd8e-206a-5240-a567-a5a7094a89a6,retired_soldier_culture_exam_exempt,10,explicit_value,original,2025-03-18,false,,10,SRC-HFNU-2025-ZC,"{""asset_id"":""ASSET-HFNU-2025-ZC-PDF"",""page"":1,""row_key"":""人力资源管理"",""section"":""招生专业计划""}"
PLAN-60d82025-141b-5544-97f8-e4c1b5471692,OFF-ac7cbd8e-206a-5240-a567-a5a7094a89a6,retired_soldier_non_exempt,3,explicit_value,original,2025-03-18,false,,3,SRC-HFNU-2025-ZC,"{""asset_id"":""ASSET-HFNU-2025-ZC-PDF"",""page"":1,""row_key"":""人力资源管理"",""section"":""招生专业计划""}"
PLAN-77ac19fb-74fb-5366-8705-1e4c50df94cd,OFF-ac7cbd8e-206a-5240-a567-a5a7094a89a6,registered_poor_family,10,explicit_value,original,2025-03-18,false,,10,SRC-HFNU-2025-ZC,"{""asset_id"":""ASSET-HFNU-2025-ZC-PDF"",""page"":1,""row_key"":""人力资源管理"",""section"":""招生专业计划""}"
PLAN-4f898ca1-0632-55d7-8af6-b38fce6d08ad,OFF-70426cfa-cb5f-5ebf-9cec-47bff666b8a6,total,40,explicit_value,original,2025-03-18,false,,40,SRC-HFNU-2025-ZC,"{""asset_id"":""ASSET-HFNU-2025-ZC-PDF"",""page"":2,""row_key"":""制药工程"",""section"":""招生专业计划""}"
PLAN-d0987882-7670-5f32-9245-b7f8dd577563,OFF-70426cfa-cb5f-5ebf-9cec-47bff666b8a6,retired_soldier_culture_exam_exempt,3,explicit_value,original,2025-03-18,false,,3,SRC-HFNU-2025-ZC,"{""asset_id"":""ASSET-HFNU-2025-ZC-PDF"",""page"":2,""row_key"":""制药工程"",""section"":""招生专业计划""}"
PLAN-65e7bbef-d47d-54bf-9403-24560001dd5e,OFF-70426cfa-cb5f-5ebf-9cec-47bff666b8a6,retired_soldier_non_exempt,1,explicit_value,original,2025-03-18,false,,1,SRC-HFNU-2025-ZC,"{""asset_id"":""ASSET-HFNU-2025-ZC-PDF"",""page"":2,""row_key"":""制药工程"",""section"":""招生专业计划""}"
PLAN-76c01b3e-75a4-5dfa-a94b-a415ba4284ca,OFF-70426cfa-cb5f-5ebf-9cec-47bff666b8a6,registered_poor_family,3,explicit_value,original,2025-03-18,false,,3,SRC-HFNU-2025-ZC,"{""asset_id"":""ASSET-HFNU-2025-ZC-PDF"",""page"":2,""row_key"":""制药工程"",""section"":""招生专业计划""}"
PLAN-ed5b22c3-cced-52c7-ab00-dc26cca59cfa,OFF-d70fe871-a472-57c0-b4d0-ced8d3f3a94d,total,50,explicit_value,original,2025-03-18,false,,50,SRC-HFNU-2025-ZC,"{""asset_id"":""ASSET-HFNU-2025-ZC-PDF"",""page"":1,""row_key"":""动画"",""section"":""招生专业计划""}"
PLAN-a6481119-78e8-5690-8d66-60446084cac3,OFF-d70fe871-a472-57c0-b4d0-ced8d3f3a94d,retired_soldier_culture_exam_exempt,4,explicit_value,original,2025-03-18,false,,4,SRC-HFNU-2025-ZC,"{""asset_id"":""ASSET-HFNU-2025-ZC-PDF"",""page"":1,""row_key"":""动画"",""section"":""招生专业计划""}"
PLAN-622decc1-e19d-597d-af6c-2b678290f5ef,OFF-d70fe871-a472-57c0-b4d0-ced8d3f3a94d,retired_soldier_non_exempt,1,explicit_value,original,2025-03-18,false,,1,SRC-HFNU-2025-ZC,"{""asset_id"":""ASSET-HFNU-2025-ZC-PDF"",""page"":1,""row_key"":""动画"",""section"":""招生专业计划""}"
PLAN-6096b909-0d73-5ef4-9206-61a9402c0bd0,OFF-d70fe871-a472-57c0-b4d0-ced8d3f3a94d,registered_poor_family,4,explicit_value,original,2025-03-18,false,,4,SRC-HFNU-2025-ZC,"{""asset_id"":""ASSET-HFNU-2025-ZC-PDF"",""page"":1,""row_key"":""动画"",""section"":""招生专业计划""}"
PLAN-c06c6f81-c6af-5fb6-b668-fc566d610077,OFF-eb901ade-1582-59ed-b662-5fa35151aea8,total,100,explicit_value,original,2025-03-18,false,,100,SRC-HFNU-2025-ZC,"{""asset_id"":""ASSET-HFNU-2025-ZC-PDF"",""page"":1,""row_key"":""化学工程与工艺"",""section"":""招生专业计划""}"
PLAN-78dbaf03-3d00-57d9-b0b6-d04857b7efa7,OFF-eb901ade-1582-59ed-b662-5fa35151aea8,retired_soldier_culture_exam_exempt,8,explicit_value,original,2025-03-18,false,,8,SRC-HFNU-2025-ZC,"{""asset_id"":""ASSET-HFNU-2025-ZC-PDF"",""page"":1,""row_key"":""化学工程与工艺"",""section"":""招生专业计划""}"
PLAN-c186c8e2-9cf2-52c0-8414-404658a0f78e,OFF-eb901ade-1582-59ed-b662-5fa35151aea8,retired_soldier_non_exempt,2,explicit_value,original,2025-03-18,false,,2,SRC-HFNU-2025-ZC,"{""asset_id"":""ASSET-HFNU-2025-ZC-PDF"",""page"":1,""row_key"":""化学工程与工艺"",""section"":""招生专业计划""}"
PLAN-713d0fd0-7f1d-5355-a4ed-e4287f59f80d,OFF-eb901ade-1582-59ed-b662-5fa35151aea8,registered_poor_family,8,explicit_value,original,2025-03-18,false,,8,SRC-HFNU-2025-ZC,"{""asset_id"":""ASSET-HFNU-2025-ZC-PDF"",""page"":1,""row_key"":""化学工程与工艺"",""section"":""招生专业计划""}"
PLAN-47af7652-a98a-554b-b2fa-fdd44beba0b4,OFF-7287c027-0d00-5e01-b7fa-a178b4115993,total,120,explicit_value,original,2025-03-18,false,,120,SRC-HFNU-2025-ZC,"{""asset_id"":""ASSET-HFNU-2025-ZC-PDF"",""page"":1,""row_key"":""商务英语"",""section"":""招生专业计划""}"
PLAN-54b22e37-020a-5e39-a863-ff90eda8b5bb,OFF-7287c027-0d00-5e01-b7fa-a178b4115993,retired_soldier_culture_exam_exempt,10,explicit_value,original,2025-03-18,false,,10,SRC-HFNU-2025-ZC,"{""asset_id"":""ASSET-HFNU-2025-ZC-PDF"",""page"":1,""row_key"":""商务英语"",""section"":""招生专业计划""}"
PLAN-32840eca-c9e5-5172-9e09-4d0f65b3d8d3,OFF-7287c027-0d00-5e01-b7fa-a178b4115993,retired_soldier_non_exempt,2,explicit_value,original,2025-03-18,false,,2,SRC-HFNU-2025-ZC,"{""asset_id"":""ASSET-HFNU-2025-ZC-PDF"",""page"":1,""row_key"":""商务英语"",""section"":""招生专业计划""}"
PLAN-7b3290c3-03ae-57c9-a64d-605aeb7b423a,OFF-7287c027-0d00-5e01-b7fa-a178b4115993,registered_poor_family,10,explicit_value,original,2025-03-18,false,,10,SRC-HFNU-2025-ZC,"{""asset_id"":""ASSET-HFNU-2025-ZC-PDF"",""page"":1,""row_key"":""商务英语"",""section"":""招生专业计划""}"
PLAN-ac6fdeb8-cd4c-5ae7-90b4-41c9adef0c8f,OFF-f7cf4875-1738-5873-8140-fa33698b4a49,total,50,explicit_value,original,2025-03-18,false,,50,SRC-HFNU-2025-ZC,"{""asset_id"":""ASSET-HFNU-2025-ZC-PDF"",""page"":1,""row_key"":""学前教育"",""section"":""招生专业计划""}"
PLAN-a08f2a85-765e-5968-8243-7a43f0caa386,OFF-f7cf4875-1738-5873-8140-fa33698b4a49,retired_soldier_culture_exam_exempt,4,explicit_value,original,2025-03-18,false,,4,SRC-HFNU-2025-ZC,"{""asset_id"":""ASSET-HFNU-2025-ZC-PDF"",""page"":1,""row_key"":""学前教育"",""section"":""招生专业计划""}"
PLAN-2f875141-1258-5d35-ad4c-0b314fd30c10,OFF-f7cf4875-1738-5873-8140-fa33698b4a49,retired_soldier_non_exempt,1,explicit_value,original,2025-03-18,false,,1,SRC-HFNU-2025-ZC,"{""asset_id"":""ASSET-HFNU-2025-ZC-PDF"",""page"":1,""row_key"":""学前教育"",""section"":""招生专业计划""}"
PLAN-71c1853d-7fa2-5676-8620-a0aae8cb321d,OFF-f7cf4875-1738-5873-8140-fa33698b4a49,registered_poor_family,4,explicit_value,original,2025-03-18,false,,4,SRC-HFNU-2025-ZC,"{""asset_id"":""ASSET-HFNU-2025-ZC-PDF"",""page"":1,""row_key"":""学前教育"",""section"":""招生专业计划""}"
PLAN-f86ae3bd-5226-50f1-90a0-fadd94cd62c3,OFF-2670da63-525d-5269-bfda-680ffd7c43df,total,70,explicit_value,original,2025-03-18,false,,70,SRC-HFNU-2025-ZC,"{""asset_id"":""ASSET-HFNU-2025-ZC-PDF"",""page"":2,""row_key"":""小学教育"",""section"":""招生专业计划""}"
PLAN-65970b1a-5065-551b-a9ad-150604ca50b3,OFF-2670da63-525d-5269-bfda-680ffd7c43df,retired_soldier_culture_exam_exempt,5,explicit_value,original,2025-03-18,false,,5,SRC-HFNU-2025-ZC,"{""asset_id"":""ASSET-HFNU-2025-ZC-PDF"",""page"":2,""row_key"":""小学教育"",""section"":""招生专业计划""}"
PLAN-fe4fadef-dd25-5568-a4f0-440ec7a0fa8f,OFF-2670da63-525d-5269-bfda-680ffd7c43df,retired_soldier_non_exempt,1,explicit_value,original,2025-03-18,false,,1,SRC-HFNU-2025-ZC,"{""asset_id"":""ASSET-HFNU-2025-ZC-PDF"",""page"":2,""row_key"":""小学教育"",""section"":""招生专业计划""}"
PLAN-743b66eb-1696-583d-adaf-eda6fc9054f6,OFF-2670da63-525d-5269-bfda-680ffd7c43df,registered_poor_family,5,explicit_value,original,2025-03-18,false,,5,SRC-HFNU-2025-ZC,"{""asset_id"":""ASSET-HFNU-2025-ZC-PDF"",""page"":2,""row_key"":""小学教育"",""section"":""招生专业计划""}"
PLAN-c150ab38-c37d-52ba-8d5b-f0ba63531553,OFF-10da287f-721c-591b-84f9-c024dfba0526,total,120,explicit_value,original,2025-03-18,false,,120,SRC-HFNU-2025-ZC,"{""asset_id"":""ASSET-HFNU-2025-ZC-PDF"",""page"":1,""row_key"":""市场营销"",""section"":""招生专业计划""}"
PLAN-e17db142-1edc-5c6b-bd76-a3457b099c2a,OFF-10da287f-721c-591b-84f9-c024dfba0526,retired_soldier_culture_exam_exempt,10,explicit_value,original,2025-03-18,false,,10,SRC-HFNU-2025-ZC,"{""asset_id"":""ASSET-HFNU-2025-ZC-PDF"",""page"":1,""row_key"":""市场营销"",""section"":""招生专业计划""}"
PLAN-ce2a39fc-c003-59eb-a467-6e9963b33637,OFF-10da287f-721c-591b-84f9-c024dfba0526,retired_soldier_non_exempt,3,explicit_value,original,2025-03-18,false,,3,SRC-HFNU-2025-ZC,"{""asset_id"":""ASSET-HFNU-2025-ZC-PDF"",""page"":1,""row_key"":""市场营销"",""section"":""招生专业计划""}"
PLAN-32cd8a6d-96f5-5764-b9a8-a9375bbc5d37,OFF-10da287f-721c-591b-84f9-c024dfba0526,registered_poor_family,10,explicit_value,original,2025-03-18,false,,10,SRC-HFNU-2025-ZC,"{""asset_id"":""ASSET-HFNU-2025-ZC-PDF"",""page"":1,""row_key"":""市场营销"",""section"":""招生专业计划""}"
PLAN-ea57edb2-6735-51fb-964d-09b4b64b3318,OFF-d1fdddb8-3959-5232-8dd2-e6691d2efe54,total,120,explicit_value,original,2025-03-18,false,,120,SRC-HFNU-2025-ZC,"{""asset_id"":""ASSET-HFNU-2025-ZC-PDF"",""page"":1,""row_key"":""数据科学与大数据技术"",""section"":""招生专业计划""}"
PLAN-6bbb3ae3-ccff-5108-a182-8cd52a46c9e1,OFF-d1fdddb8-3959-5232-8dd2-e6691d2efe54,retired_soldier_culture_exam_exempt,10,explicit_value,original,2025-03-18,false,,10,SRC-HFNU-2025-ZC,"{""asset_id"":""ASSET-HFNU-2025-ZC-PDF"",""page"":1,""row_key"":""数据科学与大数据技术"",""section"":""招生专业计划""}"
PLAN-d8fcc6d9-992f-5bc0-bb09-26f309ad7e6c,OFF-d1fdddb8-3959-5232-8dd2-e6691d2efe54,retired_soldier_non_exempt,2,explicit_value,original,2025-03-18,false,,2,SRC-HFNU-2025-ZC,"{""asset_id"":""ASSET-HFNU-2025-ZC-PDF"",""page"":1,""row_key"":""数据科学与大数据技术"",""section"":""招生专业计划""}"
PLAN-83d3c25e-edf4-5411-8bce-2ef95b1ba246,OFF-d1fdddb8-3959-5232-8dd2-e6691d2efe54,registered_poor_family,10,explicit_value,original,2025-03-18,false,,10,SRC-HFNU-2025-ZC,"{""asset_id"":""ASSET-HFNU-2025-ZC-PDF"",""page"":1,""row_key"":""数据科学与大数据技术"",""section"":""招生专业计划""}"
PLAN-c40923df-2378-5493-b982-104c3edc8b7c,OFF-bf19fd0c-6d2a-5c49-a4e3-cdef0e385264,total,100,explicit_value,original,2025-03-18,false,,100,SRC-HFNU-2025-ZC,"{""asset_id"":""ASSET-HFNU-2025-ZC-PDF"",""page"":1,""row_key"":""新能源材料与器件"",""section"":""招生专业计划""}"
PLAN-3364347c-811d-55d2-ab45-afccd3542206,OFF-bf19fd0c-6d2a-5c49-a4e3-cdef0e385264,retired_soldier_culture_exam_exempt,8,explicit_value,original,2025-03-18,false,,8,SRC-HFNU-2025-ZC,"{""asset_id"":""ASSET-HFNU-2025-ZC-PDF"",""page"":1,""row_key"":""新能源材料与器件"",""section"":""招生专业计划""}"
PLAN-95f66af7-24a5-58f5-8b2b-35010a12ca3f,OFF-bf19fd0c-6d2a-5c49-a4e3-cdef0e385264,retired_soldier_non_exempt,2,explicit_value,original,2025-03-18,false,,2,SRC-HFNU-2025-ZC,"{""asset_id"":""ASSET-HFNU-2025-ZC-PDF"",""page"":1,""row_key"":""新能源材料与器件"",""section"":""招生专业计划""}"
PLAN-bc0b8512-8449-59b7-acc2-3abcfec5958d,OFF-bf19fd0c-6d2a-5c49-a4e3-cdef0e385264,registered_poor_family,8,explicit_value,original,2025-03-18,false,,8,SRC-HFNU-2025-ZC,"{""asset_id"":""ASSET-HFNU-2025-ZC-PDF"",""page"":1,""row_key"":""新能源材料与器件"",""section"":""招生专业计划""}"
PLAN-bd5867a5-3150-5f81-8164-1cb2729cdc97,OFF-e559f09a-a0f8-5b5d-94d4-725138d914b2,total,50,explicit_value,original,2025-03-18,false,,50,SRC-HFNU-2025-ZC,"{""asset_id"":""ASSET-HFNU-2025-ZC-PDF"",""page"":1,""row_key"":""服装与服饰设计"",""section"":""招生专业计划""}"
PLAN-301af6e3-5626-5094-a52a-52f841042295,OFF-e559f09a-a0f8-5b5d-94d4-725138d914b2,retired_soldier_culture_exam_exempt,4,explicit_value,original,2025-03-18,false,,4,SRC-HFNU-2025-ZC,"{""asset_id"":""ASSET-HFNU-2025-ZC-PDF"",""page"":1,""row_key"":""服装与服饰设计"",""section"":""招生专业计划""}"
PLAN-62d2a127-bfe2-5e40-9092-cdc1be29f936,OFF-e559f09a-a0f8-5b5d-94d4-725138d914b2,retired_soldier_non_exempt,1,explicit_value,original,2025-03-18,false,,1,SRC-HFNU-2025-ZC,"{""asset_id"":""ASSET-HFNU-2025-ZC-PDF"",""page"":1,""row_key"":""服装与服饰设计"",""section"":""招生专业计划""}"
PLAN-f2783e3a-129d-53e7-a5bf-80cba3811a00,OFF-e559f09a-a0f8-5b5d-94d4-725138d914b2,registered_poor_family,4,explicit_value,original,2025-03-18,false,,4,SRC-HFNU-2025-ZC,"{""asset_id"":""ASSET-HFNU-2025-ZC-PDF"",""page"":1,""row_key"":""服装与服饰设计"",""section"":""招生专业计划""}"
PLAN-d3fed317-2cac-590b-9819-c71fa4243dac,OFF-5ec7e8f4-ac71-5dd2-93b5-4fc4e62b163a,total,80,explicit_value,original,2025-03-18,false,,80,SRC-HFNU-2025-ZC,"{""asset_id"":""ASSET-HFNU-2025-ZC-PDF"",""page"":2,""row_key"":""环境设计"",""section"":""招生专业计划""}"
PLAN-fb08b28b-bdb1-5f44-bf1b-e053a36191d9,OFF-5ec7e8f4-ac71-5dd2-93b5-4fc4e62b163a,retired_soldier_culture_exam_exempt,7,explicit_value,original,2025-03-18,false,,7,SRC-HFNU-2025-ZC,"{""asset_id"":""ASSET-HFNU-2025-ZC-PDF"",""page"":2,""row_key"":""环境设计"",""section"":""招生专业计划""}"
PLAN-d517069c-c5a3-5a33-9d04-12e143ad0a54,OFF-5ec7e8f4-ac71-5dd2-93b5-4fc4e62b163a,retired_soldier_non_exempt,2,explicit_value,original,2025-03-18,false,,2,SRC-HFNU-2025-ZC,"{""asset_id"":""ASSET-HFNU-2025-ZC-PDF"",""page"":2,""row_key"":""环境设计"",""section"":""招生专业计划""}"
PLAN-65b529f3-2329-5fd8-a961-db21bcb3c62f,OFF-5ec7e8f4-ac71-5dd2-93b5-4fc4e62b163a,registered_poor_family,7,explicit_value,original,2025-03-18,false,,7,SRC-HFNU-2025-ZC,"{""asset_id"":""ASSET-HFNU-2025-ZC-PDF"",""page"":2,""row_key"":""环境设计"",""section"":""招生专业计划""}"
PLAN-ce9b3b0b-f7e7-5a30-a84d-8043bba8fbee,OFF-04f85e7e-af42-5407-8a0e-a693acff2204,total,120,explicit_value,original,2025-03-18,false,,120,SRC-HFNU-2025-ZC,"{""asset_id"":""ASSET-HFNU-2025-ZC-PDF"",""page"":1,""row_key"":""生物制药"",""section"":""招生专业计划""}"
PLAN-4359dfad-b10f-5067-b91a-a561d4a144a1,OFF-04f85e7e-af42-5407-8a0e-a693acff2204,retired_soldier_culture_exam_exempt,10,explicit_value,original,2025-03-18,false,,10,SRC-HFNU-2025-ZC,"{""asset_id"":""ASSET-HFNU-2025-ZC-PDF"",""page"":1,""row_key"":""生物制药"",""section"":""招生专业计划""}"
PLAN-643127db-a100-5dd0-838f-575911ff8224,OFF-04f85e7e-af42-5407-8a0e-a693acff2204,retired_soldier_non_exempt,2,explicit_value,original,2025-03-18,false,,2,SRC-HFNU-2025-ZC,"{""asset_id"":""ASSET-HFNU-2025-ZC-PDF"",""page"":1,""row_key"":""生物制药"",""section"":""招生专业计划""}"
PLAN-34ae8512-f356-583c-979b-87a2aeb7f011,OFF-04f85e7e-af42-5407-8a0e-a693acff2204,registered_poor_family,10,explicit_value,original,2025-03-18,false,,10,SRC-HFNU-2025-ZC,"{""asset_id"":""ASSET-HFNU-2025-ZC-PDF"",""page"":1,""row_key"":""生物制药"",""section"":""招生专业计划""}"
PLAN-092212e0-fe23-5b57-9cf2-3e89d3ee9b6f,OFF-b8788e79-b864-5a26-9daa-e497db780f14,total,120,explicit_value,original,2025-03-18,false,,120,SRC-HFNU-2025-ZC,"{""asset_id"":""ASSET-HFNU-2025-ZC-PDF"",""page"":1,""row_key"":""电子信息工程"",""section"":""招生专业计划""}"
PLAN-7f2b2332-31b3-5e9c-bf56-2e9342d44323,OFF-b8788e79-b864-5a26-9daa-e497db780f14,retired_soldier_culture_exam_exempt,10,explicit_value,original,2025-03-18,false,,10,SRC-HFNU-2025-ZC,"{""asset_id"":""ASSET-HFNU-2025-ZC-PDF"",""page"":1,""row_key"":""电子信息工程"",""section"":""招生专业计划""}"
PLAN-954a1b81-30ee-5167-abdc-58efaf282ef6,OFF-b8788e79-b864-5a26-9daa-e497db780f14,retired_soldier_non_exempt,2,explicit_value,original,2025-03-18,false,,2,SRC-HFNU-2025-ZC,"{""asset_id"":""ASSET-HFNU-2025-ZC-PDF"",""page"":1,""row_key"":""电子信息工程"",""section"":""招生专业计划""}"
PLAN-c2062ef4-7e96-5ea9-8ab7-c01c6047efb3,OFF-b8788e79-b864-5a26-9daa-e497db780f14,registered_poor_family,10,explicit_value,original,2025-03-18,false,,10,SRC-HFNU-2025-ZC,"{""asset_id"":""ASSET-HFNU-2025-ZC-PDF"",""page"":1,""row_key"":""电子信息工程"",""section"":""招生专业计划""}"
PLAN-f8a621f6-8301-56e9-896a-d475fc853e49,OFF-cc6a882c-f039-574d-b144-d75f15fa1663,total,40,explicit_value,original,2025-03-18,false,,40,SRC-HFNU-2025-ZC,"{""asset_id"":""ASSET-HFNU-2025-ZC-PDF"",""page"":2,""row_key"":""电气工程及其自动化"",""section"":""招生专业计划""}"
PLAN-eb310ef8-aaee-56cc-853b-9be2eac72261,OFF-cc6a882c-f039-574d-b144-d75f15fa1663,retired_soldier_culture_exam_exempt,3,explicit_value,original,2025-03-18,false,,3,SRC-HFNU-2025-ZC,"{""asset_id"":""ASSET-HFNU-2025-ZC-PDF"",""page"":2,""row_key"":""电气工程及其自动化"",""section"":""招生专业计划""}"
PLAN-9af53cda-5a54-5e19-90d5-b84d9ad5ac3f,OFF-cc6a882c-f039-574d-b144-d75f15fa1663,retired_soldier_non_exempt,1,explicit_value,original,2025-03-18,false,,1,SRC-HFNU-2025-ZC,"{""asset_id"":""ASSET-HFNU-2025-ZC-PDF"",""page"":2,""row_key"":""电气工程及其自动化"",""section"":""招生专业计划""}"
PLAN-1d19bcd9-3b9a-5e8b-a137-9f814e5b7090,OFF-cc6a882c-f039-574d-b144-d75f15fa1663,registered_poor_family,3,explicit_value,original,2025-03-18,false,,3,SRC-HFNU-2025-ZC,"{""asset_id"":""ASSET-HFNU-2025-ZC-PDF"",""page"":2,""row_key"":""电气工程及其自动化"",""section"":""招生专业计划""}"
PLAN-e467132e-6348-51aa-b89f-6fb598a4ecbb,OFF-ebbf4cce-ddbc-5db3-a9b8-1bc92ce768fa,total,40,explicit_value,original,2025-03-18,false,,40,SRC-HFNU-2025-ZC,"{""asset_id"":""ASSET-HFNU-2025-ZC-PDF"",""page"":2,""row_key"":""电气工程及其自动化"",""section"":""招生专业计划""}"
PLAN-87747bac-0395-50de-8467-288df358b71d,OFF-ebbf4cce-ddbc-5db3-a9b8-1bc92ce768fa,retired_soldier_culture_exam_exempt,3,explicit_value,original,2025-03-18,false,,3,SRC-HFNU-2025-ZC,"{""asset_id"":""ASSET-HFNU-2025-ZC-PDF"",""page"":2,""row_key"":""电气工程及其自动化"",""section"":""招生专业计划""}"
PLAN-82108aab-f9c4-532e-bb61-ed6adcc1de40,OFF-ebbf4cce-ddbc-5db3-a9b8-1bc92ce768fa,retired_soldier_non_exempt,1,explicit_value,original,2025-03-18,false,,1,SRC-HFNU-2025-ZC,"{""asset_id"":""ASSET-HFNU-2025-ZC-PDF"",""page"":2,""row_key"":""电气工程及其自动化"",""section"":""招生专业计划""}"
PLAN-03678bac-b578-5e82-94ac-ae6304464228,OFF-ebbf4cce-ddbc-5db3-a9b8-1bc92ce768fa,registered_poor_family,3,explicit_value,original,2025-03-18,false,,3,SRC-HFNU-2025-ZC,"{""asset_id"":""ASSET-HFNU-2025-ZC-PDF"",""page"":2,""row_key"":""电气工程及其自动化"",""section"":""招生专业计划""}"
PLAN-b9acc94a-8112-5734-8081-7666f624e13f,OFF-981c401f-94da-52b7-87f2-ed006b1e9651,total,120,explicit_value,original,2025-03-18,false,,120,SRC-HFNU-2025-ZC,"{""asset_id"":""ASSET-HFNU-2025-ZC-PDF"",""page"":1,""row_key"":""经济统计学"",""section"":""招生专业计划""}"
PLAN-b7967bd9-e688-58ca-83b8-dcd1828441c9,OFF-981c401f-94da-52b7-87f2-ed006b1e9651,retired_soldier_culture_exam_exempt,10,explicit_value,original,2025-03-18,false,,10,SRC-HFNU-2025-ZC,"{""asset_id"":""ASSET-HFNU-2025-ZC-PDF"",""page"":1,""row_key"":""经济统计学"",""section"":""招生专业计划""}"
PLAN-c9adaf93-29f5-5d98-9164-56434bc252df,OFF-981c401f-94da-52b7-87f2-ed006b1e9651,retired_soldier_non_exempt,2,explicit_value,original,2025-03-18,false,,2,SRC-HFNU-2025-ZC,"{""asset_id"":""ASSET-HFNU-2025-ZC-PDF"",""page"":1,""row_key"":""经济统计学"",""section"":""招生专业计划""}"
PLAN-d4b46ce1-24c0-5e4a-a7e1-4454937a3b1d,OFF-981c401f-94da-52b7-87f2-ed006b1e9651,registered_poor_family,10,explicit_value,original,2025-03-18,false,,10,SRC-HFNU-2025-ZC,"{""asset_id"":""ASSET-HFNU-2025-ZC-PDF"",""page"":1,""row_key"":""经济统计学"",""section"":""招生专业计划""}"
PLAN-665694de-dd15-5106-bf7c-dd597e713708,OFF-55269db6-f19f-5372-a38c-6ae31eebe98b,total,120,explicit_value,original,2025-03-18,false,,120,SRC-HFNU-2025-ZC,"{""asset_id"":""ASSET-HFNU-2025-ZC-PDF"",""page"":1,""row_key"":""网络与新媒体"",""section"":""招生专业计划""}"
PLAN-289b2ff9-1379-5a6d-8b28-d1c021211df2,OFF-55269db6-f19f-5372-a38c-6ae31eebe98b,retired_soldier_culture_exam_exempt,10,explicit_value,original,2025-03-18,false,,10,SRC-HFNU-2025-ZC,"{""asset_id"":""ASSET-HFNU-2025-ZC-PDF"",""page"":1,""row_key"":""网络与新媒体"",""section"":""招生专业计划""}"
PLAN-aa13f3a3-b635-5acd-b38e-1477022bdd83,OFF-55269db6-f19f-5372-a38c-6ae31eebe98b,retired_soldier_non_exempt,2,explicit_value,original,2025-03-18,false,,2,SRC-HFNU-2025-ZC,"{""asset_id"":""ASSET-HFNU-2025-ZC-PDF"",""page"":1,""row_key"":""网络与新媒体"",""section"":""招生专业计划""}"
PLAN-805032cf-fe8f-526a-ba8b-ca9d78581ab3,OFF-55269db6-f19f-5372-a38c-6ae31eebe98b,registered_poor_family,10,explicit_value,original,2025-03-18,false,,10,SRC-HFNU-2025-ZC,"{""asset_id"":""ASSET-HFNU-2025-ZC-PDF"",""page"":1,""row_key"":""网络与新媒体"",""section"":""招生专业计划""}"
PLAN-e1a7f4c2-df1f-555f-804f-da6dc2ab9b4e,OFF-45d1327c-80ea-5ca8-8b10-462eb5251e9b,total,80,explicit_value,original,2025-03-18,false,,80,SRC-HFNU-2025-ZC,"{""asset_id"":""ASSET-HFNU-2025-ZC-PDF"",""page"":2,""row_key"":""网络工程"",""section"":""招生专业计划""}"
PLAN-533fb620-262b-565b-b8cc-684ff45dd7ff,OFF-45d1327c-80ea-5ca8-8b10-462eb5251e9b,retired_soldier_culture_exam_exempt,6,explicit_value,original,2025-03-18,false,,6,SRC-HFNU-2025-ZC,"{""asset_id"":""ASSET-HFNU-2025-ZC-PDF"",""page"":2,""row_key"":""网络工程"",""section"":""招生专业计划""}"
PLAN-75859690-396d-5189-a9fd-7f4a0a0197ed,OFF-45d1327c-80ea-5ca8-8b10-462eb5251e9b,retired_soldier_non_exempt,2,explicit_value,original,2025-03-18,false,,2,SRC-HFNU-2025-ZC,"{""asset_id"":""ASSET-HFNU-2025-ZC-PDF"",""page"":2,""row_key"":""网络工程"",""section"":""招生专业计划""}"
PLAN-cc442f0a-1e6d-5ac9-ab9d-d62ab0e06c98,OFF-45d1327c-80ea-5ca8-8b10-462eb5251e9b,registered_poor_family,6,explicit_value,original,2025-03-18,false,,6,SRC-HFNU-2025-ZC,"{""asset_id"":""ASSET-HFNU-2025-ZC-PDF"",""page"":2,""row_key"":""网络工程"",""section"":""招生专业计划""}"
PLAN-6a063d32-8d64-5296-8f47-ea38723d052b,OFF-3ccce3a7-5b44-54d1-893d-9f9bda87a0ad,total,40,explicit_value,original,2025-03-18,false,,40,SRC-HFNU-2025-ZC,"{""asset_id"":""ASSET-HFNU-2025-ZC-PDF"",""page"":2,""row_key"":""网络工程"",""section"":""招生专业计划""}"
PLAN-76a3fc0d-a709-5c44-bdae-fefa39ba1787,OFF-3ccce3a7-5b44-54d1-893d-9f9bda87a0ad,retired_soldier_culture_exam_exempt,3,explicit_value,original,2025-03-18,false,,3,SRC-HFNU-2025-ZC,"{""asset_id"":""ASSET-HFNU-2025-ZC-PDF"",""page"":2,""row_key"":""网络工程"",""section"":""招生专业计划""}"
PLAN-555f9cee-4767-5a39-92b7-521ce61f2917,OFF-3ccce3a7-5b44-54d1-893d-9f9bda87a0ad,retired_soldier_non_exempt,1,explicit_value,original,2025-03-18,false,,1,SRC-HFNU-2025-ZC,"{""asset_id"":""ASSET-HFNU-2025-ZC-PDF"",""page"":2,""row_key"":""网络工程"",""section"":""招生专业计划""}"
PLAN-214ae544-25f0-5bd0-8a96-cb84df05e5e5,OFF-3ccce3a7-5b44-54d1-893d-9f9bda87a0ad,registered_poor_family,3,explicit_value,original,2025-03-18,false,,3,SRC-HFNU-2025-ZC,"{""asset_id"":""ASSET-HFNU-2025-ZC-PDF"",""page"":2,""row_key"":""网络工程"",""section"":""招生专业计划""}"
PLAN-d1c7017a-7149-5904-8b9e-a2f56aec117a,OFF-249190d6-2a57-548d-80ee-85bb19eaeffb,total,140,explicit_value,original,2025-03-18,false,,140,SRC-HFNU-2025-ZC,"{""asset_id"":""ASSET-HFNU-2025-ZC-PDF"",""page"":1,""row_key"":""药物制剂"",""section"":""招生专业计划""}"
PLAN-177571bc-aec1-5c1c-80b6-78144ca6f882,OFF-249190d6-2a57-548d-80ee-85bb19eaeffb,retired_soldier_culture_exam_exempt,11,explicit_value,original,2025-03-18,false,,11,SRC-HFNU-2025-ZC,"{""asset_id"":""ASSET-HFNU-2025-ZC-PDF"",""page"":1,""row_key"":""药物制剂"",""section"":""招生专业计划""}"
PLAN-533d66e8-723a-5cfa-b17a-8680c3077e3b,OFF-249190d6-2a57-548d-80ee-85bb19eaeffb,retired_soldier_non_exempt,3,explicit_value,original,2025-03-18,false,,3,SRC-HFNU-2025-ZC,"{""asset_id"":""ASSET-HFNU-2025-ZC-PDF"",""page"":1,""row_key"":""药物制剂"",""section"":""招生专业计划""}"
PLAN-582cae72-7d84-54ff-8ae8-958b0f7c304a,OFF-249190d6-2a57-548d-80ee-85bb19eaeffb,registered_poor_family,11,explicit_value,original,2025-03-18,false,,11,SRC-HFNU-2025-ZC,"{""asset_id"":""ASSET-HFNU-2025-ZC-PDF"",""page"":1,""row_key"":""药物制剂"",""section"":""招生专业计划""}"
PLAN-eaf36c88-76af-5ae7-a264-2e8e65b6e2cf,OFF-f2de9dad-6dee-5d54-9504-c7e6001dd687,total,80,explicit_value,original,2025-03-18,false,,80,SRC-HFNU-2025-ZC,"{""asset_id"":""ASSET-HFNU-2025-ZC-PDF"",""page"":1,""row_key"":""视觉传达设计"",""section"":""招生专业计划""}"
PLAN-8e29ef1a-da00-5300-abee-1ee78db3701c,OFF-f2de9dad-6dee-5d54-9504-c7e6001dd687,retired_soldier_culture_exam_exempt,7,explicit_value,original,2025-03-18,false,,7,SRC-HFNU-2025-ZC,"{""asset_id"":""ASSET-HFNU-2025-ZC-PDF"",""page"":1,""row_key"":""视觉传达设计"",""section"":""招生专业计划""}"
PLAN-b5b9742a-0b58-5f75-bd39-1330d88d0628,OFF-f2de9dad-6dee-5d54-9504-c7e6001dd687,retired_soldier_non_exempt,2,explicit_value,original,2025-03-18,false,,2,SRC-HFNU-2025-ZC,"{""asset_id"":""ASSET-HFNU-2025-ZC-PDF"",""page"":1,""row_key"":""视觉传达设计"",""section"":""招生专业计划""}"
PLAN-229f7eaf-6cc3-5035-a6f7-9f5196987812,OFF-f2de9dad-6dee-5d54-9504-c7e6001dd687,registered_poor_family,7,explicit_value,original,2025-03-18,false,,7,SRC-HFNU-2025-ZC,"{""asset_id"":""ASSET-HFNU-2025-ZC-PDF"",""page"":1,""row_key"":""视觉传达设计"",""section"":""招生专业计划""}"
PLAN-71f54110-de2e-5169-8fb2-3178273f973f,OFF-0bb45844-6c2e-5bfd-93c5-0652eb596a10,total,40,explicit_value,original,2025-03-18,false,,40,SRC-HFNU-2025-ZC,"{""asset_id"":""ASSET-HFNU-2025-ZC-PDF"",""page"":2,""row_key"":""计算机科学与技术"",""section"":""招生专业计划""}"
PLAN-4449798a-02f9-5f8d-a20f-c1c877257354,OFF-0bb45844-6c2e-5bfd-93c5-0652eb596a10,retired_soldier_culture_exam_exempt,3,explicit_value,original,2025-03-18,false,,3,SRC-HFNU-2025-ZC,"{""asset_id"":""ASSET-HFNU-2025-ZC-PDF"",""page"":2,""row_key"":""计算机科学与技术"",""section"":""招生专业计划""}"
PLAN-3840e1e7-33ed-5932-b3b2-09ab3ea46ac0,OFF-0bb45844-6c2e-5bfd-93c5-0652eb596a10,retired_soldier_non_exempt,1,explicit_value,original,2025-03-18,false,,1,SRC-HFNU-2025-ZC,"{""asset_id"":""ASSET-HFNU-2025-ZC-PDF"",""page"":2,""row_key"":""计算机科学与技术"",""section"":""招生专业计划""}"
PLAN-c60dcd91-a864-5a6b-b7a0-8b3e38953e6a,OFF-0bb45844-6c2e-5bfd-93c5-0652eb596a10,registered_poor_family,3,explicit_value,original,2025-03-18,false,,3,SRC-HFNU-2025-ZC,"{""asset_id"":""ASSET-HFNU-2025-ZC-PDF"",""page"":2,""row_key"":""计算机科学与技术"",""section"":""招生专业计划""}"
PLAN-a900f852-3619-5f17-9410-e82ce32f408b,OFF-cd6346ab-06d2-5a63-877c-6af9c98e69b4,total,70,explicit_value,original,2025-03-18,false,,70,SRC-HFNU-2025-ZC,"{""asset_id"":""ASSET-HFNU-2025-ZC-PDF"",""page"":2,""row_key"":""计算机科学与技术"",""section"":""招生专业计划""}"
PLAN-f33b8e73-a877-5db7-9ec0-4ed17de7b71c,OFF-cd6346ab-06d2-5a63-877c-6af9c98e69b4,retired_soldier_culture_exam_exempt,5,explicit_value,original,2025-03-18,false,,5,SRC-HFNU-2025-ZC,"{""asset_id"":""ASSET-HFNU-2025-ZC-PDF"",""page"":2,""row_key"":""计算机科学与技术"",""section"":""招生专业计划""}"
PLAN-16142120-b368-5b1e-a4b8-2b343c696281,OFF-cd6346ab-06d2-5a63-877c-6af9c98e69b4,retired_soldier_non_exempt,1,explicit_value,original,2025-03-18,false,,1,SRC-HFNU-2025-ZC,"{""asset_id"":""ASSET-HFNU-2025-ZC-PDF"",""page"":2,""row_key"":""计算机科学与技术"",""section"":""招生专业计划""}"
PLAN-b74fe5b9-0feb-5d80-b35b-f635033706e1,OFF-cd6346ab-06d2-5a63-877c-6af9c98e69b4,registered_poor_family,5,explicit_value,original,2025-03-18,false,,5,SRC-HFNU-2025-ZC,"{""asset_id"":""ASSET-HFNU-2025-ZC-PDF"",""page"":2,""row_key"":""计算机科学与技术"",""section"":""招生专业计划""}"
PLAN-230b853d-796f-573c-a069-5fd3979a304f,OFF-5155a81e-6102-5953-907c-d22bbb779ceb,total,40,explicit_value,original,2025-03-18,false,,40,SRC-HFNU-2025-ZC,"{""asset_id"":""ASSET-HFNU-2025-ZC-PDF"",""page"":2,""row_key"":""财务管理"",""section"":""招生专业计划""}"
PLAN-aec23a57-2020-5f42-a3b7-84159da208db,OFF-5155a81e-6102-5953-907c-d22bbb779ceb,retired_soldier_culture_exam_exempt,3,explicit_value,original,2025-03-18,false,,3,SRC-HFNU-2025-ZC,"{""asset_id"":""ASSET-HFNU-2025-ZC-PDF"",""page"":2,""row_key"":""财务管理"",""section"":""招生专业计划""}"
PLAN-0a90afb9-67fa-503a-8d59-ee12adbd2202,OFF-5155a81e-6102-5953-907c-d22bbb779ceb,retired_soldier_non_exempt,1,explicit_value,original,2025-03-18,false,,1,SRC-HFNU-2025-ZC,"{""asset_id"":""ASSET-HFNU-2025-ZC-PDF"",""page"":2,""row_key"":""财务管理"",""section"":""招生专业计划""}"
PLAN-f76d3e73-605c-5c04-9cc0-4ef3c2a2b452,OFF-5155a81e-6102-5953-907c-d22bbb779ceb,registered_poor_family,3,explicit_value,original,2025-03-18,false,,3,SRC-HFNU-2025-ZC,"{""asset_id"":""ASSET-HFNU-2025-ZC-PDF"",""page"":2,""row_key"":""财务管理"",""section"":""招生专业计划""}"
PLAN-56b61e8c-893f-5eb3-a5f4-133e5b56189c,OFF-18610e45-1bdf-590a-adf8-bb006b55a447,total,120,explicit_value,original,2025-03-18,false,,120,SRC-HFNU-2025-ZC,"{""asset_id"":""ASSET-HFNU-2025-ZC-PDF"",""page"":1,""row_key"":""软件工程"",""section"":""招生专业计划""}"
PLAN-fa50f9e3-df43-5b44-b4a2-9da43a5a53b6,OFF-18610e45-1bdf-590a-adf8-bb006b55a447,retired_soldier_culture_exam_exempt,10,explicit_value,original,2025-03-18,false,,10,SRC-HFNU-2025-ZC,"{""asset_id"":""ASSET-HFNU-2025-ZC-PDF"",""page"":1,""row_key"":""软件工程"",""section"":""招生专业计划""}"
PLAN-543634fe-de93-5e7e-9e81-b67a835b2390,OFF-18610e45-1bdf-590a-adf8-bb006b55a447,retired_soldier_non_exempt,2,explicit_value,original,2025-03-18,false,,2,SRC-HFNU-2025-ZC,"{""asset_id"":""ASSET-HFNU-2025-ZC-PDF"",""page"":1,""row_key"":""软件工程"",""section"":""招生专业计划""}"
PLAN-57b8e37e-34c7-5bc2-a9f0-35c1a943a46e,OFF-18610e45-1bdf-590a-adf8-bb006b55a447,registered_poor_family,10,explicit_value,original,2025-03-18,false,,10,SRC-HFNU-2025-ZC,"{""asset_id"":""ASSET-HFNU-2025-ZC-PDF"",""page"":1,""row_key"":""软件工程"",""section"":""招生专业计划""}"
PLAN-9f9909c1-06c5-544c-baa5-ce5fed5e3126,OFF-0788d4dc-8e36-5757-99fc-ab9c330165df,total,100,explicit_value,original,2025-03-18,false,,100,SRC-HFNU-2025-ZC,"{""asset_id"":""ASSET-HFNU-2025-ZC-PDF"",""page"":2,""row_key"":""运动康复"",""section"":""招生专业计划""}"
PLAN-f4ee4b01-59f9-5145-87c7-90d6a7b4f283,OFF-0788d4dc-8e36-5757-99fc-ab9c330165df,retired_soldier_culture_exam_exempt,7,explicit_value,original,2025-03-18,false,,7,SRC-HFNU-2025-ZC,"{""asset_id"":""ASSET-HFNU-2025-ZC-PDF"",""page"":2,""row_key"":""运动康复"",""section"":""招生专业计划""}"
PLAN-11c26b83-9114-5dd4-a47a-0fca1391c1cf,OFF-0788d4dc-8e36-5757-99fc-ab9c330165df,retired_soldier_non_exempt,2,explicit_value,original,2025-03-18,false,,2,SRC-HFNU-2025-ZC,"{""asset_id"":""ASSET-HFNU-2025-ZC-PDF"",""page"":2,""row_key"":""运动康复"",""section"":""招生专业计划""}"
PLAN-1a7935d4-1a6b-5635-9573-06d06d9b5db3,OFF-0788d4dc-8e36-5757-99fc-ab9c330165df,registered_poor_family,7,explicit_value,original,2025-03-18,false,,7,SRC-HFNU-2025-ZC,"{""asset_id"":""ASSET-HFNU-2025-ZC-PDF"",""page"":2,""row_key"":""运动康复"",""section"":""招生专业计划""}"
PLAN-9e7ffbec-acaa-585b-a025-c8111ff3f4dc,OFF-78a74943-64de-553c-b84a-6945a440d026,total,120,explicit_value,original,2025-03-18,false,,120,SRC-HFNU-2025-ZC,"{""asset_id"":""ASSET-HFNU-2025-ZC-PDF"",""page"":1,""row_key"":""通信工程"",""section"":""招生专业计划""}"
PLAN-55e38472-da9c-5877-87d7-1365e9259c19,OFF-78a74943-64de-553c-b84a-6945a440d026,retired_soldier_culture_exam_exempt,10,explicit_value,original,2025-03-18,false,,10,SRC-HFNU-2025-ZC,"{""asset_id"":""ASSET-HFNU-2025-ZC-PDF"",""page"":1,""row_key"":""通信工程"",""section"":""招生专业计划""}"
PLAN-e43cbc7f-1b52-5c65-aad1-36de731ebca4,OFF-78a74943-64de-553c-b84a-6945a440d026,retired_soldier_non_exempt,2,explicit_value,original,2025-03-18,false,,2,SRC-HFNU-2025-ZC,"{""asset_id"":""ASSET-HFNU-2025-ZC-PDF"",""page"":1,""row_key"":""通信工程"",""section"":""招生专业计划""}"
PLAN-638a8777-27a1-58be-90b5-3f36a33ef2bb,OFF-78a74943-64de-553c-b84a-6945a440d026,registered_poor_family,10,explicit_value,original,2025-03-18,false,,10,SRC-HFNU-2025-ZC,"{""asset_id"":""ASSET-HFNU-2025-ZC-PDF"",""page"":1,""row_key"":""通信工程"",""section"":""招生专业计划""}"
PLAN-09cdd776-e46d-5034-8afc-961254a9c996,OFF-d57b0c09-7fc6-5bb1-a874-75a41f80b550,total,30,explicit_value,original,2025-03-18,false,,30,SRC-HFNU-2025-ZC,"{""asset_id"":""ASSET-HFNU-2025-ZC-PDF"",""page"":1,""row_key"":""音乐学"",""section"":""招生专业计划""}"
PLAN-e8242220-5030-5f12-bcb2-6fdfef0f59f1,OFF-d57b0c09-7fc6-5bb1-a874-75a41f80b550,retired_soldier_culture_exam_exempt,2,explicit_value,original,2025-03-18,false,,2,SRC-HFNU-2025-ZC,"{""asset_id"":""ASSET-HFNU-2025-ZC-PDF"",""page"":1,""row_key"":""音乐学"",""section"":""招生专业计划""}"
PLAN-f8f0c877-eca9-5605-9af9-10380eb15f54,OFF-d57b0c09-7fc6-5bb1-a874-75a41f80b550,retired_soldier_non_exempt,1,explicit_value,original,2025-03-18,false,,1,SRC-HFNU-2025-ZC,"{""asset_id"":""ASSET-HFNU-2025-ZC-PDF"",""page"":1,""row_key"":""音乐学"",""section"":""招生专业计划""}"
PLAN-d80abe1a-7b55-5444-92c4-c19b790c1cd4,OFF-d57b0c09-7fc6-5bb1-a874-75a41f80b550,registered_poor_family,2,explicit_value,original,2025-03-18,false,,2,SRC-HFNU-2025-ZC,"{""asset_id"":""ASSET-HFNU-2025-ZC-PDF"",""page"":1,""row_key"":""音乐学"",""section"":""招生专业计划""}"
PLAN-6e1bc0a7-91db-5d8d-bfc5-fa8f54688a9e,OFF-705c408c-f84f-5fb3-88cb-1e1c6bcb8639,total,70,explicit_value,original,2025-03-18,false,,70,SRC-HFNU-2025-ZC,"{""asset_id"":""ASSET-HFNU-2025-ZC-PDF"",""page"":2,""row_key"":""食品质量与安全"",""section"":""招生专业计划""}"
PLAN-41997ee2-9574-58b0-ad8d-672e96960a63,OFF-705c408c-f84f-5fb3-88cb-1e1c6bcb8639,retired_soldier_culture_exam_exempt,5,explicit_value,original,2025-03-18,false,,5,SRC-HFNU-2025-ZC,"{""asset_id"":""ASSET-HFNU-2025-ZC-PDF"",""page"":2,""row_key"":""食品质量与安全"",""section"":""招生专业计划""}"
PLAN-94113386-9bd7-5bf9-98de-6d4b31e88263,OFF-705c408c-f84f-5fb3-88cb-1e1c6bcb8639,retired_soldier_non_exempt,1,explicit_value,original,2025-03-18,false,,1,SRC-HFNU-2025-ZC,"{""asset_id"":""ASSET-HFNU-2025-ZC-PDF"",""page"":2,""row_key"":""食品质量与安全"",""section"":""招生专业计划""}"
PLAN-ed40e71f-b152-5a89-83ad-c913666fb5c0,OFF-705c408c-f84f-5fb3-88cb-1e1c6bcb8639,registered_poor_family,5,explicit_value,original,2025-03-18,false,,5,SRC-HFNU-2025-ZC,"{""asset_id"":""ASSET-HFNU-2025-ZC-PDF"",""page"":2,""row_key"":""食品质量与安全"",""section"":""招生专业计划""}"
PLAN-a837f463-4448-5748-b244-727f88c97188,OFF-55f04809-af03-5402-920f-2356cf993aac,total,60,explicit_value,original,2026-03-18,false,,60,SRC-HFNU-2026-ZC,"{""asset_id"":""ASSET-HFNU-2026-ZC-PDF"",""page"":1,""row_key"":""互联网金融"",""section"":""招生专业计划""}"
PLAN-55ee1b1c-3f07-5339-a8c4-0d3a8792e6bd,OFF-55f04809-af03-5402-920f-2356cf993aac,retired_soldier_culture_exam_exempt,,blank_in_source,original,2026-03-18,false,,,SRC-HFNU-2026-ZC,"{""asset_id"":""ASSET-HFNU-2026-ZC-PDF"",""page"":1,""row_key"":""互联网金融"",""section"":""招生专业计划""}"
PLAN-1eadf11a-8d94-5380-919a-d91d8de28e2c,OFF-55f04809-af03-5402-920f-2356cf993aac,retired_soldier_non_exempt,,blank_in_source,original,2026-03-18,false,,,SRC-HFNU-2026-ZC,"{""asset_id"":""ASSET-HFNU-2026-ZC-PDF"",""page"":1,""row_key"":""互联网金融"",""section"":""招生专业计划""}"
PLAN-c38ce730-49fa-521d-82bc-7b9ae7488122,OFF-55f04809-af03-5402-920f-2356cf993aac,registered_poor_family,5,explicit_value,original,2026-03-18,false,,5,SRC-HFNU-2026-ZC,"{""asset_id"":""ASSET-HFNU-2026-ZC-PDF"",""page"":1,""row_key"":""互联网金融"",""section"":""招生专业计划""}"
PLAN-a2888fb4-c3f7-5a04-a0ef-a946cd832836,OFF-a5dd4961-959d-5b4d-a579-a70ceabb328e,total,100,explicit_value,original,2026-03-18,false,,100,SRC-HFNU-2026-ZC,"{""asset_id"":""ASSET-HFNU-2026-ZC-PDF"",""page"":1,""row_key"":""人力资源管理"",""section"":""招生专业计划""}"
PLAN-09c0e998-b45a-5dc2-a195-1b8482268093,OFF-a5dd4961-959d-5b4d-a579-a70ceabb328e,retired_soldier_culture_exam_exempt,12,explicit_value,original,2026-03-18,false,,12,SRC-HFNU-2026-ZC,"{""asset_id"":""ASSET-HFNU-2026-ZC-PDF"",""page"":1,""row_key"":""人力资源管理"",""section"":""招生专业计划""}"
PLAN-157179b4-6a2a-5646-b8bf-75b05afb9c27,OFF-a5dd4961-959d-5b4d-a579-a70ceabb328e,retired_soldier_non_exempt,2,explicit_value,original,2026-03-18,false,,2,SRC-HFNU-2026-ZC,"{""asset_id"":""ASSET-HFNU-2026-ZC-PDF"",""page"":1,""row_key"":""人力资源管理"",""section"":""招生专业计划""}"
PLAN-f8c1c450-7a7c-5284-8663-c3ba82e0235a,OFF-a5dd4961-959d-5b4d-a579-a70ceabb328e,registered_poor_family,9,explicit_value,original,2026-03-18,false,,9,SRC-HFNU-2026-ZC,"{""asset_id"":""ASSET-HFNU-2026-ZC-PDF"",""page"":1,""row_key"":""人力资源管理"",""section"":""招生专业计划""}"
PLAN-b0b6d1c5-345d-551d-9637-bb62d0daf5ea,OFF-4da1d572-b70e-54bf-9990-5eed30613bca,total,50,explicit_value,original,2026-03-18,false,,50,SRC-HFNU-2026-ZC,"{""asset_id"":""ASSET-HFNU-2026-ZC-PDF"",""page"":1,""row_key"":""动画"",""section"":""招生专业计划""}"
PLAN-0b5f01ec-3ba1-5879-a82f-0abda02428c2,OFF-4da1d572-b70e-54bf-9990-5eed30613bca,retired_soldier_culture_exam_exempt,5,explicit_value,original,2026-03-18,false,,5,SRC-HFNU-2026-ZC,"{""asset_id"":""ASSET-HFNU-2026-ZC-PDF"",""page"":1,""row_key"":""动画"",""section"":""招生专业计划""}"
PLAN-c5a8f12e-642f-5a3f-8a87-638436affcc6,OFF-4da1d572-b70e-54bf-9990-5eed30613bca,retired_soldier_non_exempt,,blank_in_source,original,2026-03-18,false,,,SRC-HFNU-2026-ZC,"{""asset_id"":""ASSET-HFNU-2026-ZC-PDF"",""page"":1,""row_key"":""动画"",""section"":""招生专业计划""}"
PLAN-f483ea35-6214-5210-b793-856a32065a0a,OFF-4da1d572-b70e-54bf-9990-5eed30613bca,registered_poor_family,4,explicit_value,original,2026-03-18,false,,4,SRC-HFNU-2026-ZC,"{""asset_id"":""ASSET-HFNU-2026-ZC-PDF"",""page"":1,""row_key"":""动画"",""section"":""招生专业计划""}"
PLAN-a1a3213b-4cf1-5a8a-8372-268573649c70,OFF-36968f67-2082-553e-8754-6252767775ce,total,100,explicit_value,original,2026-03-18,false,,100,SRC-HFNU-2026-ZC,"{""asset_id"":""ASSET-HFNU-2026-ZC-PDF"",""page"":1,""row_key"":""化学工程与工艺"",""section"":""招生专业计划""}"
PLAN-cd76c452-e2c4-5c75-bd3f-855690271f38,OFF-36968f67-2082-553e-8754-6252767775ce,retired_soldier_culture_exam_exempt,6,explicit_value,original,2026-03-18,false,,6,SRC-HFNU-2026-ZC,"{""asset_id"":""ASSET-HFNU-2026-ZC-PDF"",""page"":1,""row_key"":""化学工程与工艺"",""section"":""招生专业计划""}"
PLAN-039dda1b-2e8c-527b-8012-3029980a4b7c,OFF-36968f67-2082-553e-8754-6252767775ce,retired_soldier_non_exempt,2,explicit_value,original,2026-03-18,false,,2,SRC-HFNU-2026-ZC,"{""asset_id"":""ASSET-HFNU-2026-ZC-PDF"",""page"":1,""row_key"":""化学工程与工艺"",""section"":""招生专业计划""}"
PLAN-c30f84aa-27c4-5668-a5dc-5dd0fbc4a8c0,OFF-36968f67-2082-553e-8754-6252767775ce,registered_poor_family,6,explicit_value,original,2026-03-18,false,,6,SRC-HFNU-2026-ZC,"{""asset_id"":""ASSET-HFNU-2026-ZC-PDF"",""page"":1,""row_key"":""化学工程与工艺"",""section"":""招生专业计划""}"
PLAN-849c1285-bb0c-56d8-8b54-65efdf2e3456,OFF-a32033ea-d17c-5f12-bb75-9a68fc234b39,total,110,explicit_value,original,2026-03-18,false,,110,SRC-HFNU-2026-ZC,"{""asset_id"":""ASSET-HFNU-2026-ZC-PDF"",""page"":1,""row_key"":""商务英语"",""section"":""招生专业计划""}"
PLAN-9dfe5ade-26e7-5dfb-8742-48792f8db315,OFF-a32033ea-d17c-5f12-bb75-9a68fc234b39,retired_soldier_culture_exam_exempt,7,explicit_value,original,2026-03-18,false,,7,SRC-HFNU-2026-ZC,"{""asset_id"":""ASSET-HFNU-2026-ZC-PDF"",""page"":1,""row_key"":""商务英语"",""section"":""招生专业计划""}"
PLAN-54646ea2-6f26-5b19-bce3-80244c184656,OFF-a32033ea-d17c-5f12-bb75-9a68fc234b39,retired_soldier_non_exempt,1,explicit_value,original,2026-03-18,false,,1,SRC-HFNU-2026-ZC,"{""asset_id"":""ASSET-HFNU-2026-ZC-PDF"",""page"":1,""row_key"":""商务英语"",""section"":""招生专业计划""}"
PLAN-48556f2a-ce9f-59a0-b9ad-dd85dabc7a3e,OFF-a32033ea-d17c-5f12-bb75-9a68fc234b39,registered_poor_family,8,explicit_value,original,2026-03-18,false,,8,SRC-HFNU-2026-ZC,"{""asset_id"":""ASSET-HFNU-2026-ZC-PDF"",""page"":1,""row_key"":""商务英语"",""section"":""招生专业计划""}"
PLAN-d12f5640-b739-5c02-9f77-f64de48ffd0f,OFF-a0a75204-65b8-5059-921f-1534ddbde620,total,50,explicit_value,original,2026-03-18,false,,50,SRC-HFNU-2026-ZC,"{""asset_id"":""ASSET-HFNU-2026-ZC-PDF"",""page"":1,""row_key"":""学前教育"",""section"":""招生专业计划""}"
PLAN-2aaa74d4-f828-512f-a72d-0fda971959e8,OFF-a0a75204-65b8-5059-921f-1534ddbde620,retired_soldier_culture_exam_exempt,4,explicit_value,original,2026-03-18,false,,4,SRC-HFNU-2026-ZC,"{""asset_id"":""ASSET-HFNU-2026-ZC-PDF"",""page"":1,""row_key"":""学前教育"",""section"":""招生专业计划""}"
PLAN-f87dc0b7-9259-5c5c-b20a-29a46f4f78a4,OFF-a0a75204-65b8-5059-921f-1534ddbde620,retired_soldier_non_exempt,,blank_in_source,original,2026-03-18,false,,,SRC-HFNU-2026-ZC,"{""asset_id"":""ASSET-HFNU-2026-ZC-PDF"",""page"":1,""row_key"":""学前教育"",""section"":""招生专业计划""}"
PLAN-aab97149-1f63-5c1a-ad09-4557e452f3f1,OFF-a0a75204-65b8-5059-921f-1534ddbde620,registered_poor_family,6,explicit_value,original,2026-03-18,false,,6,SRC-HFNU-2026-ZC,"{""asset_id"":""ASSET-HFNU-2026-ZC-PDF"",""page"":1,""row_key"":""学前教育"",""section"":""招生专业计划""}"
PLAN-f5850c1d-decc-56de-b902-d1575163e1c3,OFF-f452a414-b935-520d-aa10-04def9d00944,total,60,explicit_value,original,2026-03-18,false,,60,SRC-HFNU-2026-ZC,"{""asset_id"":""ASSET-HFNU-2026-ZC-PDF"",""page"":2,""row_key"":""小学教育"",""section"":""招生专业计划""}"
PLAN-78091518-cc98-5b06-bf45-d257dc7b757b,OFF-f452a414-b935-520d-aa10-04def9d00944,retired_soldier_culture_exam_exempt,4,explicit_value,original,2026-03-18,false,,4,SRC-HFNU-2026-ZC,"{""asset_id"":""ASSET-HFNU-2026-ZC-PDF"",""page"":2,""row_key"":""小学教育"",""section"":""招生专业计划""}"
PLAN-aef2abec-b5a8-55e8-a0d2-716265d34457,OFF-f452a414-b935-520d-aa10-04def9d00944,retired_soldier_non_exempt,,blank_in_source,original,2026-03-18,false,,,SRC-HFNU-2026-ZC,"{""asset_id"":""ASSET-HFNU-2026-ZC-PDF"",""page"":2,""row_key"":""小学教育"",""section"":""招生专业计划""}"
PLAN-dd39f640-a346-571f-9f42-1ee20b8efa9a,OFF-f452a414-b935-520d-aa10-04def9d00944,registered_poor_family,7,explicit_value,original,2026-03-18,false,,7,SRC-HFNU-2026-ZC,"{""asset_id"":""ASSET-HFNU-2026-ZC-PDF"",""page"":2,""row_key"":""小学教育"",""section"":""招生专业计划""}"
PLAN-a3905250-240a-5526-bc45-fc5da4f949d0,OFF-4812c188-85b3-520b-ad45-6cb879dea86f,total,100,explicit_value,original,2026-03-18,false,,100,SRC-HFNU-2026-ZC,"{""asset_id"":""ASSET-HFNU-2026-ZC-PDF"",""page"":1,""row_key"":""市场营销"",""section"":""招生专业计划""}"
PLAN-e0dd1719-617c-55ae-a0b3-ee051c41b08b,OFF-4812c188-85b3-520b-ad45-6cb879dea86f,retired_soldier_culture_exam_exempt,12,explicit_value,original,2026-03-18,false,,12,SRC-HFNU-2026-ZC,"{""asset_id"":""ASSET-HFNU-2026-ZC-PDF"",""page"":1,""row_key"":""市场营销"",""section"":""招生专业计划""}"
PLAN-1999b731-149d-58b3-9df8-b491b64834f6,OFF-4812c188-85b3-520b-ad45-6cb879dea86f,retired_soldier_non_exempt,1,explicit_value,original,2026-03-18,false,,1,SRC-HFNU-2026-ZC,"{""asset_id"":""ASSET-HFNU-2026-ZC-PDF"",""page"":1,""row_key"":""市场营销"",""section"":""招生专业计划""}"
PLAN-82f59fc6-bbf0-5c4f-975f-98d6771c07df,OFF-4812c188-85b3-520b-ad45-6cb879dea86f,registered_poor_family,8,explicit_value,original,2026-03-18,false,,8,SRC-HFNU-2026-ZC,"{""asset_id"":""ASSET-HFNU-2026-ZC-PDF"",""page"":1,""row_key"":""市场营销"",""section"":""招生专业计划""}"
PLAN-48520331-7070-5a8f-8c0c-2baf555b5d45,OFF-bcf67dd3-ee10-5b16-ac09-42636f865bd0,total,80,explicit_value,original,2026-03-18,false,,80,SRC-HFNU-2026-ZC,"{""asset_id"":""ASSET-HFNU-2026-ZC-PDF"",""page"":1,""row_key"":""新能源材料与器件"",""section"":""招生专业计划""}"
PLAN-1eef52c7-0d05-5055-aebf-f3fca45f69db,OFF-bcf67dd3-ee10-5b16-ac09-42636f865bd0,retired_soldier_culture_exam_exempt,10,explicit_value,original,2026-03-18,false,,10,SRC-HFNU-2026-ZC,"{""asset_id"":""ASSET-HFNU-2026-ZC-PDF"",""page"":1,""row_key"":""新能源材料与器件"",""section"":""招生专业计划""}"
PLAN-6a96c1d3-39b3-5f8f-8a2d-a0f1d2c2cbdb,OFF-bcf67dd3-ee10-5b16-ac09-42636f865bd0,retired_soldier_non_exempt,1,explicit_value,original,2026-03-18,false,,1,SRC-HFNU-2026-ZC,"{""asset_id"":""ASSET-HFNU-2026-ZC-PDF"",""page"":1,""row_key"":""新能源材料与器件"",""section"":""招生专业计划""}"
PLAN-e0296d16-9149-5568-bb0a-ee106ff8e839,OFF-bcf67dd3-ee10-5b16-ac09-42636f865bd0,registered_poor_family,4,explicit_value,original,2026-03-18,false,,4,SRC-HFNU-2026-ZC,"{""asset_id"":""ASSET-HFNU-2026-ZC-PDF"",""page"":1,""row_key"":""新能源材料与器件"",""section"":""招生专业计划""}"
PLAN-05eb9acc-a52d-5c56-92ae-8d72432bb9ab,OFF-7c49d94d-dcf1-5297-938c-f78353bf9dbe,total,30,explicit_value,original,2026-03-18,false,,30,SRC-HFNU-2026-ZC,"{""asset_id"":""ASSET-HFNU-2026-ZC-PDF"",""page"":1,""row_key"":""服装与服饰设计"",""section"":""招生专业计划""}"
PLAN-f060fb28-0e90-5244-9010-cf0f7ca0e984,OFF-7c49d94d-dcf1-5297-938c-f78353bf9dbe,retired_soldier_culture_exam_exempt,,blank_in_source,original,2026-03-18,false,,,SRC-HFNU-2026-ZC,"{""asset_id"":""ASSET-HFNU-2026-ZC-PDF"",""page"":1,""row_key"":""服装与服饰设计"",""section"":""招生专业计划""}"
PLAN-df16afff-a54c-54ed-9a49-e2fc3ff4b541,OFF-7c49d94d-dcf1-5297-938c-f78353bf9dbe,retired_soldier_non_exempt,,blank_in_source,original,2026-03-18,false,,,SRC-HFNU-2026-ZC,"{""asset_id"":""ASSET-HFNU-2026-ZC-PDF"",""page"":1,""row_key"":""服装与服饰设计"",""section"":""招生专业计划""}"
PLAN-1dc4944c-7595-550e-8ce1-68f1d4934dce,OFF-7c49d94d-dcf1-5297-938c-f78353bf9dbe,registered_poor_family,2,explicit_value,original,2026-03-18,false,,2,SRC-HFNU-2026-ZC,"{""asset_id"":""ASSET-HFNU-2026-ZC-PDF"",""page"":1,""row_key"":""服装与服饰设计"",""section"":""招生专业计划""}"
PLAN-090ac823-a2e9-5f04-a4eb-08eea6276043,OFF-c565073a-48ab-5762-a843-56926b366e8c,total,50,explicit_value,original,2026-03-18,false,,50,SRC-HFNU-2026-ZC,"{""asset_id"":""ASSET-HFNU-2026-ZC-PDF"",""page"":2,""row_key"":""环境设计"",""section"":""招生专业计划""}"
PLAN-0fc99284-42b7-5880-9622-bb54add9f25e,OFF-c565073a-48ab-5762-a843-56926b366e8c,retired_soldier_culture_exam_exempt,4,explicit_value,original,2026-03-18,false,,4,SRC-HFNU-2026-ZC,"{""asset_id"":""ASSET-HFNU-2026-ZC-PDF"",""page"":2,""row_key"":""环境设计"",""section"":""招生专业计划""}"
PLAN-0ec279d7-fb64-5f0f-9d17-7b5a99f1a788,OFF-c565073a-48ab-5762-a843-56926b366e8c,retired_soldier_non_exempt,,blank_in_source,original,2026-03-18,false,,,SRC-HFNU-2026-ZC,"{""asset_id"":""ASSET-HFNU-2026-ZC-PDF"",""page"":2,""row_key"":""环境设计"",""section"":""招生专业计划""}"
PLAN-0521c5b6-ddb5-57eb-82d6-85a163618b78,OFF-c565073a-48ab-5762-a843-56926b366e8c,registered_poor_family,4,explicit_value,original,2026-03-18,false,,4,SRC-HFNU-2026-ZC,"{""asset_id"":""ASSET-HFNU-2026-ZC-PDF"",""page"":2,""row_key"":""环境设计"",""section"":""招生专业计划""}"
PLAN-f798cff2-d99a-5c04-97d8-b58370741460,OFF-6c4195f9-eb3b-5a10-81b8-a94abecd140f,total,100,explicit_value,original,2026-03-18,false,,100,SRC-HFNU-2026-ZC,"{""asset_id"":""ASSET-HFNU-2026-ZC-PDF"",""page"":1,""row_key"":""生物制药"",""section"":""招生专业计划""}"
PLAN-f3f52e0b-9360-59bb-b738-034d662ba79a,OFF-6c4195f9-eb3b-5a10-81b8-a94abecd140f,retired_soldier_culture_exam_exempt,6,explicit_value,original,2026-03-18,false,,6,SRC-HFNU-2026-ZC,"{""asset_id"":""ASSET-HFNU-2026-ZC-PDF"",""page"":1,""row_key"":""生物制药"",""section"":""招生专业计划""}"
PLAN-76ce1446-2913-564b-bb59-e103c4dc1b90,OFF-6c4195f9-eb3b-5a10-81b8-a94abecd140f,retired_soldier_non_exempt,1,explicit_value,original,2026-03-18,false,,1,SRC-HFNU-2026-ZC,"{""asset_id"":""ASSET-HFNU-2026-ZC-PDF"",""page"":1,""row_key"":""生物制药"",""section"":""招生专业计划""}"
PLAN-a3714e6e-a9e4-574d-8ebe-4e18f534f234,OFF-6c4195f9-eb3b-5a10-81b8-a94abecd140f,registered_poor_family,8,explicit_value,original,2026-03-18,false,,8,SRC-HFNU-2026-ZC,"{""asset_id"":""ASSET-HFNU-2026-ZC-PDF"",""page"":1,""row_key"":""生物制药"",""section"":""招生专业计划""}"
PLAN-884742d4-a0a6-560c-bd08-f9915c33bfab,OFF-151e9b32-64e0-53e7-b0e5-503daa63c802,total,100,explicit_value,original,2026-03-18,false,,100,SRC-HFNU-2026-ZC,"{""asset_id"":""ASSET-HFNU-2026-ZC-PDF"",""page"":1,""row_key"":""电子信息工程"",""section"":""招生专业计划""}"
PLAN-03654099-e372-5738-b692-53b0dece2759,OFF-151e9b32-64e0-53e7-b0e5-503daa63c802,retired_soldier_culture_exam_exempt,12,explicit_value,original,2026-03-18,false,,12,SRC-HFNU-2026-ZC,"{""asset_id"":""ASSET-HFNU-2026-ZC-PDF"",""page"":1,""row_key"":""电子信息工程"",""section"":""招生专业计划""}"
PLAN-8dfefe49-7d1b-5a27-a81b-30b60ed51992,OFF-151e9b32-64e0-53e7-b0e5-503daa63c802,retired_soldier_non_exempt,2,explicit_value,original,2026-03-18,false,,2,SRC-HFNU-2026-ZC,"{""asset_id"":""ASSET-HFNU-2026-ZC-PDF"",""page"":1,""row_key"":""电子信息工程"",""section"":""招生专业计划""}"
PLAN-f588c65c-1d29-5872-88ca-265bc84aaf84,OFF-151e9b32-64e0-53e7-b0e5-503daa63c802,registered_poor_family,8,explicit_value,original,2026-03-18,false,,8,SRC-HFNU-2026-ZC,"{""asset_id"":""ASSET-HFNU-2026-ZC-PDF"",""page"":1,""row_key"":""电子信息工程"",""section"":""招生专业计划""}"
PLAN-c095241f-0501-5ebd-bf8e-3dd42796f81a,OFF-18879191-3702-5d84-a8e3-8286c8faaeb2,total,50,explicit_value,original,2026-03-18,false,,50,SRC-HFNU-2026-ZC,"{""asset_id"":""ASSET-HFNU-2026-ZC-PDF"",""page"":2,""row_key"":""电气工程及其自动化"",""section"":""招生专业计划""}"
PLAN-33e97b3f-e6c6-5d0f-bf10-22c6d04e43ea,OFF-18879191-3702-5d84-a8e3-8286c8faaeb2,retired_soldier_culture_exam_exempt,5,explicit_value,original,2026-03-18,false,,5,SRC-HFNU-2026-ZC,"{""asset_id"":""ASSET-HFNU-2026-ZC-PDF"",""page"":2,""row_key"":""电气工程及其自动化"",""section"":""招生专业计划""}"
PLAN-3c8a2ed0-b99b-5d16-95c0-8fab2fe9bfae,OFF-18879191-3702-5d84-a8e3-8286c8faaeb2,retired_soldier_non_exempt,,blank_in_source,original,2026-03-18,false,,,SRC-HFNU-2026-ZC,"{""asset_id"":""ASSET-HFNU-2026-ZC-PDF"",""page"":2,""row_key"":""电气工程及其自动化"",""section"":""招生专业计划""}"
PLAN-d7484d9d-302f-5a2d-81d7-362fa532b72b,OFF-18879191-3702-5d84-a8e3-8286c8faaeb2,registered_poor_family,4,explicit_value,original,2026-03-18,false,,4,SRC-HFNU-2026-ZC,"{""asset_id"":""ASSET-HFNU-2026-ZC-PDF"",""page"":2,""row_key"":""电气工程及其自动化"",""section"":""招生专业计划""}"
PLAN-ddfbb595-8916-51d3-89d8-df0d77d5a13d,OFF-8c6b080e-243d-5459-9ef3-449fbb1c6365,total,50,explicit_value,original,2026-03-18,false,,50,SRC-HFNU-2026-ZC,"{""asset_id"":""ASSET-HFNU-2026-ZC-PDF"",""page"":2,""row_key"":""电气工程及其自动化"",""section"":""招生专业计划""}"
PLAN-9c253b6f-c3b1-5237-85c0-add87549875b,OFF-8c6b080e-243d-5459-9ef3-449fbb1c6365,retired_soldier_culture_exam_exempt,5,explicit_value,original,2026-03-18,false,,5,SRC-HFNU-2026-ZC,"{""asset_id"":""ASSET-HFNU-2026-ZC-PDF"",""page"":2,""row_key"":""电气工程及其自动化"",""section"":""招生专业计划""}"
PLAN-baafa31c-032a-5c59-a790-37b813bfd119,OFF-8c6b080e-243d-5459-9ef3-449fbb1c6365,retired_soldier_non_exempt,,blank_in_source,original,2026-03-18,false,,,SRC-HFNU-2026-ZC,"{""asset_id"":""ASSET-HFNU-2026-ZC-PDF"",""page"":2,""row_key"":""电气工程及其自动化"",""section"":""招生专业计划""}"
PLAN-efd787cc-dd48-597e-b01d-ace1733e2eae,OFF-8c6b080e-243d-5459-9ef3-449fbb1c6365,registered_poor_family,3,explicit_value,original,2026-03-18,false,,3,SRC-HFNU-2026-ZC,"{""asset_id"":""ASSET-HFNU-2026-ZC-PDF"",""page"":2,""row_key"":""电气工程及其自动化"",""section"":""招生专业计划""}"
PLAN-db360c22-8973-5766-8b10-fa355638aadd,OFF-0f51ed51-145c-57bd-916a-08d750831d2a,total,100,explicit_value,original,2026-03-18,false,,100,SRC-HFNU-2026-ZC,"{""asset_id"":""ASSET-HFNU-2026-ZC-PDF"",""page"":1,""row_key"":""经济统计学"",""section"":""招生专业计划""}"
PLAN-2b1b4a98-7e3f-582b-a807-a9a8e4252565,OFF-0f51ed51-145c-57bd-916a-08d750831d2a,retired_soldier_culture_exam_exempt,10,explicit_value,original,2026-03-18,false,,10,SRC-HFNU-2026-ZC,"{""asset_id"":""ASSET-HFNU-2026-ZC-PDF"",""page"":1,""row_key"":""经济统计学"",""section"":""招生专业计划""}"
PLAN-0a80a770-a15f-5dc0-9fb9-2af6dc46c8d9,OFF-0f51ed51-145c-57bd-916a-08d750831d2a,retired_soldier_non_exempt,1,explicit_value,original,2026-03-18,false,,1,SRC-HFNU-2026-ZC,"{""asset_id"":""ASSET-HFNU-2026-ZC-PDF"",""page"":1,""row_key"":""经济统计学"",""section"":""招生专业计划""}"
PLAN-004e2d40-56b6-5428-ba55-0724c149e8b6,OFF-0f51ed51-145c-57bd-916a-08d750831d2a,registered_poor_family,8,explicit_value,original,2026-03-18,false,,8,SRC-HFNU-2026-ZC,"{""asset_id"":""ASSET-HFNU-2026-ZC-PDF"",""page"":1,""row_key"":""经济统计学"",""section"":""招生专业计划""}"
PLAN-a4df2772-dd87-5ed7-bcbc-ba60ece674cf,OFF-89dca1c2-dc14-5f81-85c6-c52e75766c57,total,100,explicit_value,original,2026-03-18,false,,100,SRC-HFNU-2026-ZC,"{""asset_id"":""ASSET-HFNU-2026-ZC-PDF"",""page"":1,""row_key"":""网络与新媒体"",""section"":""招生专业计划""}"
PLAN-2bb6ed85-f0cb-57a4-9f16-39a5331c9eaa,OFF-89dca1c2-dc14-5f81-85c6-c52e75766c57,retired_soldier_culture_exam_exempt,12,explicit_value,original,2026-03-18,false,,12,SRC-HFNU-2026-ZC,"{""asset_id"":""ASSET-HFNU-2026-ZC-PDF"",""page"":1,""row_key"":""网络与新媒体"",""section"":""招生专业计划""}"
PLAN-9dca4c9e-0e4e-517c-aef0-506321a7c00c,OFF-89dca1c2-dc14-5f81-85c6-c52e75766c57,retired_soldier_non_exempt,1,explicit_value,original,2026-03-18,false,,1,SRC-HFNU-2026-ZC,"{""asset_id"":""ASSET-HFNU-2026-ZC-PDF"",""page"":1,""row_key"":""网络与新媒体"",""section"":""招生专业计划""}"
PLAN-9e5f3430-e29b-50c2-b6b1-f4768453b0eb,OFF-89dca1c2-dc14-5f81-85c6-c52e75766c57,registered_poor_family,9,explicit_value,original,2026-03-18,false,,9,SRC-HFNU-2026-ZC,"{""asset_id"":""ASSET-HFNU-2026-ZC-PDF"",""page"":1,""row_key"":""网络与新媒体"",""section"":""招生专业计划""}"
PLAN-01f106a6-b065-5100-9cdf-a8530bdb1ecb,OFF-cf7e9b8f-93e4-5c83-bac4-774a8f40294f,total,50,explicit_value,original,2026-03-18,false,,50,SRC-HFNU-2026-ZC,"{""asset_id"":""ASSET-HFNU-2026-ZC-PDF"",""page"":2,""row_key"":""网络工程"",""section"":""招生专业计划""}"
PLAN-db8550d9-4b20-5441-946b-8fca9fc5c404,OFF-cf7e9b8f-93e4-5c83-bac4-774a8f40294f,retired_soldier_culture_exam_exempt,3,explicit_value,original,2026-03-18,false,,3,SRC-HFNU-2026-ZC,"{""asset_id"":""ASSET-HFNU-2026-ZC-PDF"",""page"":2,""row_key"":""网络工程"",""section"":""招生专业计划""}"
PLAN-039554d8-393a-534d-8771-f1e38a4b86f6,OFF-cf7e9b8f-93e4-5c83-bac4-774a8f40294f,retired_soldier_non_exempt,,blank_in_source,original,2026-03-18,false,,,SRC-HFNU-2026-ZC,"{""asset_id"":""ASSET-HFNU-2026-ZC-PDF"",""page"":2,""row_key"":""网络工程"",""section"":""招生专业计划""}"
PLAN-1a8c0295-5064-5c25-8ae1-0f7a65411591,OFF-cf7e9b8f-93e4-5c83-bac4-774a8f40294f,registered_poor_family,2,explicit_value,original,2026-03-18,false,,2,SRC-HFNU-2026-ZC,"{""asset_id"":""ASSET-HFNU-2026-ZC-PDF"",""page"":2,""row_key"":""网络工程"",""section"":""招生专业计划""}"
PLAN-a91d910d-e746-5b76-bb86-4b7f96548e2a,OFF-5532447a-b352-52ad-b96f-6d25f7a71506,total,120,explicit_value,original,2026-03-18,false,,120,SRC-HFNU-2026-ZC,"{""asset_id"":""ASSET-HFNU-2026-ZC-PDF"",""page"":1,""row_key"":""药物制剂"",""section"":""招生专业计划""}"
PLAN-c3b25428-8095-5eb2-bb9a-4be1e8e8fe66,OFF-5532447a-b352-52ad-b96f-6d25f7a71506,retired_soldier_culture_exam_exempt,8,explicit_value,original,2026-03-18,false,,8,SRC-HFNU-2026-ZC,"{""asset_id"":""ASSET-HFNU-2026-ZC-PDF"",""page"":1,""row_key"":""药物制剂"",""section"":""招生专业计划""}"
PLAN-fc0a6691-75a4-5661-b5fc-d338437d850c,OFF-5532447a-b352-52ad-b96f-6d25f7a71506,retired_soldier_non_exempt,,blank_in_source,original,2026-03-18,false,,,SRC-HFNU-2026-ZC,"{""asset_id"":""ASSET-HFNU-2026-ZC-PDF"",""page"":1,""row_key"":""药物制剂"",""section"":""招生专业计划""}"
PLAN-f0564c2f-e912-5279-9a09-372dad4c4cd3,OFF-5532447a-b352-52ad-b96f-6d25f7a71506,registered_poor_family,8,explicit_value,original,2026-03-18,false,,8,SRC-HFNU-2026-ZC,"{""asset_id"":""ASSET-HFNU-2026-ZC-PDF"",""page"":1,""row_key"":""药物制剂"",""section"":""招生专业计划""}"
PLAN-747dc3d1-f9ba-5775-9128-4000dd3a770d,OFF-09dac911-ccf0-5ae1-8365-5aaf4d660be4,total,60,explicit_value,original,2026-03-18,false,,60,SRC-HFNU-2026-ZC,"{""asset_id"":""ASSET-HFNU-2026-ZC-PDF"",""page"":1,""row_key"":""视觉传达设计"",""section"":""招生专业计划""}"
PLAN-9e795587-f360-570d-8c03-2085ff642a27,OFF-09dac911-ccf0-5ae1-8365-5aaf4d660be4,retired_soldier_culture_exam_exempt,8,explicit_value,original,2026-03-18,false,,8,SRC-HFNU-2026-ZC,"{""asset_id"":""ASSET-HFNU-2026-ZC-PDF"",""page"":1,""row_key"":""视觉传达设计"",""section"":""招生专业计划""}"
PLAN-6e112e70-d6ba-5336-b213-bad174439514,OFF-09dac911-ccf0-5ae1-8365-5aaf4d660be4,retired_soldier_non_exempt,,blank_in_source,original,2026-03-18,false,,,SRC-HFNU-2026-ZC,"{""asset_id"":""ASSET-HFNU-2026-ZC-PDF"",""page"":1,""row_key"":""视觉传达设计"",""section"":""招生专业计划""}"
PLAN-a438afb9-3021-5040-959e-ac50cdd88aa5,OFF-09dac911-ccf0-5ae1-8365-5aaf4d660be4,registered_poor_family,5,explicit_value,original,2026-03-18,false,,5,SRC-HFNU-2026-ZC,"{""asset_id"":""ASSET-HFNU-2026-ZC-PDF"",""page"":1,""row_key"":""视觉传达设计"",""section"":""招生专业计划""}"
PLAN-99db65d7-0ca4-5754-8acf-47ae81481322,OFF-5c47fd31-3b5d-5286-940d-97de923e61ff,total,50,explicit_value,original,2026-03-18,false,,50,SRC-HFNU-2026-ZC,"{""asset_id"":""ASSET-HFNU-2026-ZC-PDF"",""page"":2,""row_key"":""计算机科学与技术"",""section"":""招生专业计划""}"
PLAN-fedc2488-5b9f-5efe-9c63-187fb7d28cdc,OFF-5c47fd31-3b5d-5286-940d-97de923e61ff,retired_soldier_culture_exam_exempt,5,explicit_value,original,2026-03-18,false,,5,SRC-HFNU-2026-ZC,"{""asset_id"":""ASSET-HFNU-2026-ZC-PDF"",""page"":2,""row_key"":""计算机科学与技术"",""section"":""招生专业计划""}"
PLAN-c0b8e2a7-2c3a-5014-ab8e-d360611f4e09,OFF-5c47fd31-3b5d-5286-940d-97de923e61ff,retired_soldier_non_exempt,,blank_in_source,original,2026-03-18,false,,,SRC-HFNU-2026-ZC,"{""asset_id"":""ASSET-HFNU-2026-ZC-PDF"",""page"":2,""row_key"":""计算机科学与技术"",""section"":""招生专业计划""}"
PLAN-41cecb8c-d01d-5ba8-821e-352d42e4bdb4,OFF-5c47fd31-3b5d-5286-940d-97de923e61ff,registered_poor_family,5,explicit_value,original,2026-03-18,false,,5,SRC-HFNU-2026-ZC,"{""asset_id"":""ASSET-HFNU-2026-ZC-PDF"",""page"":2,""row_key"":""计算机科学与技术"",""section"":""招生专业计划""}"
PLAN-9ac80dc9-9465-5f9a-8870-4e0b38d3ba4e,OFF-b37f2332-c2b6-5a0c-b24a-a1e9c0f2f797,total,50,explicit_value,original,2026-03-18,false,,50,SRC-HFNU-2026-ZC,"{""asset_id"":""ASSET-HFNU-2026-ZC-PDF"",""page"":2,""row_key"":""计算机科学与技术"",""section"":""招生专业计划""}"
PLAN-07501551-c05e-591b-a3c0-ea03717d3e98,OFF-b37f2332-c2b6-5a0c-b24a-a1e9c0f2f797,retired_soldier_culture_exam_exempt,5,explicit_value,original,2026-03-18,false,,5,SRC-HFNU-2026-ZC,"{""asset_id"":""ASSET-HFNU-2026-ZC-PDF"",""page"":2,""row_key"":""计算机科学与技术"",""section"":""招生专业计划""}"
PLAN-8bcade8e-7709-5d2c-a7c8-e45f02fb3b2c,OFF-b37f2332-c2b6-5a0c-b24a-a1e9c0f2f797,retired_soldier_non_exempt,,blank_in_source,original,2026-03-18,false,,,SRC-HFNU-2026-ZC,"{""asset_id"":""ASSET-HFNU-2026-ZC-PDF"",""page"":2,""row_key"":""计算机科学与技术"",""section"":""招生专业计划""}"
PLAN-a013cf95-f54f-516f-975b-b1f145237672,OFF-b37f2332-c2b6-5a0c-b24a-a1e9c0f2f797,registered_poor_family,4,explicit_value,original,2026-03-18,false,,4,SRC-HFNU-2026-ZC,"{""asset_id"":""ASSET-HFNU-2026-ZC-PDF"",""page"":2,""row_key"":""计算机科学与技术"",""section"":""招生专业计划""}"
PLAN-31ec4be5-580d-5684-90e0-68f731ac77e9,OFF-ba0cd868-eef6-5b9d-a98b-2a9e60700b49,total,50,explicit_value,original,2026-03-18,false,,50,SRC-HFNU-2026-ZC,"{""asset_id"":""ASSET-HFNU-2026-ZC-PDF"",""page"":2,""row_key"":""财务管理"",""section"":""招生专业计划""}"
PLAN-fb46515b-575a-509f-a61d-ae296bf1d891,OFF-ba0cd868-eef6-5b9d-a98b-2a9e60700b49,retired_soldier_culture_exam_exempt,4,explicit_value,original,2026-03-18,false,,4,SRC-HFNU-2026-ZC,"{""asset_id"":""ASSET-HFNU-2026-ZC-PDF"",""page"":2,""row_key"":""财务管理"",""section"":""招生专业计划""}"
PLAN-576ad6b8-c14c-544e-9413-a2827229b2c8,OFF-ba0cd868-eef6-5b9d-a98b-2a9e60700b49,retired_soldier_non_exempt,,blank_in_source,original,2026-03-18,false,,,SRC-HFNU-2026-ZC,"{""asset_id"":""ASSET-HFNU-2026-ZC-PDF"",""page"":2,""row_key"":""财务管理"",""section"":""招生专业计划""}"
PLAN-5132d517-72ca-5e42-b50e-3604ff5fa26c,OFF-ba0cd868-eef6-5b9d-a98b-2a9e60700b49,registered_poor_family,6,explicit_value,original,2026-03-18,false,,6,SRC-HFNU-2026-ZC,"{""asset_id"":""ASSET-HFNU-2026-ZC-PDF"",""page"":2,""row_key"":""财务管理"",""section"":""招生专业计划""}"
PLAN-3b33970b-a21e-5e90-a9c3-099a860f70da,OFF-ab253dc5-496c-53f8-b0bd-e63bd65c7e39,total,100,explicit_value,original,2026-03-18,false,,100,SRC-HFNU-2026-ZC,"{""asset_id"":""ASSET-HFNU-2026-ZC-PDF"",""page"":1,""row_key"":""软件工程"",""section"":""招生专业计划""}"
PLAN-902b456d-42d2-5cc6-aed2-626b42e477f4,OFF-ab253dc5-496c-53f8-b0bd-e63bd65c7e39,retired_soldier_culture_exam_exempt,12,explicit_value,original,2026-03-18,false,,12,SRC-HFNU-2026-ZC,"{""asset_id"":""ASSET-HFNU-2026-ZC-PDF"",""page"":1,""row_key"":""软件工程"",""section"":""招生专业计划""}"
PLAN-38571285-ac37-5ece-ad4c-c0b3a0a49229,OFF-ab253dc5-496c-53f8-b0bd-e63bd65c7e39,retired_soldier_non_exempt,2,explicit_value,original,2026-03-18,false,,2,SRC-HFNU-2026-ZC,"{""asset_id"":""ASSET-HFNU-2026-ZC-PDF"",""page"":1,""row_key"":""软件工程"",""section"":""招生专业计划""}"
PLAN-600fa2bc-c013-52a4-9ddb-777fe41e3ff3,OFF-ab253dc5-496c-53f8-b0bd-e63bd65c7e39,registered_poor_family,9,explicit_value,original,2026-03-18,false,,9,SRC-HFNU-2026-ZC,"{""asset_id"":""ASSET-HFNU-2026-ZC-PDF"",""page"":1,""row_key"":""软件工程"",""section"":""招生专业计划""}"
PLAN-a89955e5-26ba-5ea2-b8c4-be0ae3f22d8b,OFF-f19fdbba-2852-5d77-ac44-b9d178ca7b7c,total,50,explicit_value,original,2026-03-18,false,,50,SRC-HFNU-2026-ZC,"{""asset_id"":""ASSET-HFNU-2026-ZC-PDF"",""page"":1,""row_key"":""运动康复"",""section"":""招生专业计划""}"
PLAN-2d8861a9-951e-5c60-bcb1-c25dc389ad5c,OFF-f19fdbba-2852-5d77-ac44-b9d178ca7b7c,retired_soldier_culture_exam_exempt,5,explicit_value,original,2026-03-18,false,,5,SRC-HFNU-2026-ZC,"{""asset_id"":""ASSET-HFNU-2026-ZC-PDF"",""page"":1,""row_key"":""运动康复"",""section"":""招生专业计划""}"
PLAN-2f2a3f85-49f5-5056-9a9c-6fa1f33caad7,OFF-f19fdbba-2852-5d77-ac44-b9d178ca7b7c,retired_soldier_non_exempt,,blank_in_source,original,2026-03-18,false,,,SRC-HFNU-2026-ZC,"{""asset_id"":""ASSET-HFNU-2026-ZC-PDF"",""page"":1,""row_key"":""运动康复"",""section"":""招生专业计划""}"
PLAN-988d6dbd-49e0-555d-9b88-7c05aff3afc1,OFF-f19fdbba-2852-5d77-ac44-b9d178ca7b7c,registered_poor_family,2,explicit_value,original,2026-03-18,false,,2,SRC-HFNU-2026-ZC,"{""asset_id"":""ASSET-HFNU-2026-ZC-PDF"",""page"":1,""row_key"":""运动康复"",""section"":""招生专业计划""}"
PLAN-0a7b7d9a-77a3-5aed-86a5-65d1450cade1,OFF-35f943d4-6b54-5577-a554-11fe0e9010a1,total,100,explicit_value,original,2026-03-18,false,,100,SRC-HFNU-2026-ZC,"{""asset_id"":""ASSET-HFNU-2026-ZC-PDF"",""page"":1,""row_key"":""通信工程"",""section"":""招生专业计划""}"
PLAN-907ec592-2cd7-5d83-8431-004723dcfc4b,OFF-35f943d4-6b54-5577-a554-11fe0e9010a1,retired_soldier_culture_exam_exempt,12,explicit_value,original,2026-03-18,false,,12,SRC-HFNU-2026-ZC,"{""asset_id"":""ASSET-HFNU-2026-ZC-PDF"",""page"":1,""row_key"":""通信工程"",""section"":""招生专业计划""}"
PLAN-0e287703-664b-5ab0-906b-22620081cba4,OFF-35f943d4-6b54-5577-a554-11fe0e9010a1,retired_soldier_non_exempt,1,explicit_value,original,2026-03-18,false,,1,SRC-HFNU-2026-ZC,"{""asset_id"":""ASSET-HFNU-2026-ZC-PDF"",""page"":1,""row_key"":""通信工程"",""section"":""招生专业计划""}"
PLAN-d9ee277f-41bb-56ac-9849-0afd08cc0825,OFF-35f943d4-6b54-5577-a554-11fe0e9010a1,registered_poor_family,8,explicit_value,original,2026-03-18,false,,8,SRC-HFNU-2026-ZC,"{""asset_id"":""ASSET-HFNU-2026-ZC-PDF"",""page"":1,""row_key"":""通信工程"",""section"":""招生专业计划""}"
PLAN-35480894-2e4e-51e9-bcfc-daf848a0f300,OFF-4dca2114-009e-5ec0-a9ff-8fd097745fad,total,30,explicit_value,original,2026-03-18,false,,30,SRC-HFNU-2026-ZC,"{""asset_id"":""ASSET-HFNU-2026-ZC-PDF"",""page"":1,""row_key"":""音乐学"",""section"":""招生专业计划""}"
PLAN-acbffa60-6aff-5b5b-bb48-d775a143b258,OFF-4dca2114-009e-5ec0-a9ff-8fd097745fad,retired_soldier_culture_exam_exempt,,blank_in_source,original,2026-03-18,false,,,SRC-HFNU-2026-ZC,"{""asset_id"":""ASSET-HFNU-2026-ZC-PDF"",""page"":1,""row_key"":""音乐学"",""section"":""招生专业计划""}"
PLAN-8b60a422-3a05-5e63-bb15-03c666347389,OFF-4dca2114-009e-5ec0-a9ff-8fd097745fad,retired_soldier_non_exempt,,blank_in_source,original,2026-03-18,false,,,SRC-HFNU-2026-ZC,"{""asset_id"":""ASSET-HFNU-2026-ZC-PDF"",""page"":1,""row_key"":""音乐学"",""section"":""招生专业计划""}"
PLAN-8a8700ed-945e-5256-8e1f-91d12f3e65db,OFF-4dca2114-009e-5ec0-a9ff-8fd097745fad,registered_poor_family,,blank_in_source,original,2026-03-18,false,,,SRC-HFNU-2026-ZC,"{""asset_id"":""ASSET-HFNU-2026-ZC-PDF"",""page"":1,""row_key"":""音乐学"",""section"":""招生专业计划""}"
PLAN-3b6a28fe-6882-58bf-94a1-373b473c2a1c,OFF-39654e83-9c6e-5ee9-9adf-6ee13330c87e,total,50,explicit_value,original,2026-03-18,false,,50,SRC-HFNU-2026-ZC,"{""asset_id"":""ASSET-HFNU-2026-ZC-PDF"",""page"":2,""row_key"":""食品质量与安全"",""section"":""招生专业计划""}"
PLAN-a37a6792-ea17-5828-8408-725e54197a3a,OFF-39654e83-9c6e-5ee9-9adf-6ee13330c87e,retired_soldier_culture_exam_exempt,4,explicit_value,original,2026-03-18,false,,4,SRC-HFNU-2026-ZC,"{""asset_id"":""ASSET-HFNU-2026-ZC-PDF"",""page"":2,""row_key"":""食品质量与安全"",""section"":""招生专业计划""}"
PLAN-43c609f2-64a5-5a53-babb-91c3c78a7ab2,OFF-39654e83-9c6e-5ee9-9adf-6ee13330c87e,retired_soldier_non_exempt,,blank_in_source,original,2026-03-18,false,,,SRC-HFNU-2026-ZC,"{""asset_id"":""ASSET-HFNU-2026-ZC-PDF"",""page"":2,""row_key"":""食品质量与安全"",""section"":""招生专业计划""}"
PLAN-9cab1314-4bcb-5f84-abad-fedd059ffb1e,OFF-39654e83-9c6e-5ee9-9adf-6ee13330c87e,registered_poor_family,4,explicit_value,original,2026-03-18,false,,4,SRC-HFNU-2026-ZC,"{""asset_id"":""ASSET-HFNU-2026-ZC-PDF"",""page"":2,""row_key"":""食品质量与安全"",""section"":""招生专业计划""}"
