exam_subject_id,program_year_id,year,subject_slot,subject_id,subject_name_raw,subject_name_std,score_max,exam_duration_minutes,exam_method,source_id,source_locator
EXAM-79954894-8df8-5d19-8b15-0504422f52e6,PY-b8d32ee2-1f35-5e7c-9e2d-8f37ad59d33b,2024,professional_1,SUBJ-7c29394f-52b0-5931-b0b3-625d7861212e,微观经济学,微观经济学,150,,笔试,SRC-HFNU-2024-ZC,"{""row_key"":""互联网金融"",""section"":""考试科目"",""table"":3,""url"":""https://zsb.hfnu.edu.cn/info/1003/2715.htm""}"
EXAM-9b34bf45-0ada-5ead-805f-be2acb68bd2e,PY-b8d32ee2-1f35-5e7c-9e2d-8f37ad59d33b,2024,professional_2,SUBJ-be5405f8-d905-514f-8b29-cc10f36c78ef,会计学原理,会计学原理,150,,笔试,SRC-HFNU-2024-ZC,"{""row_key"":""互联网金融"",""section"":""考试科目"",""table"":3,""url"":""https://zsb.hfnu.edu.cn/info/1003/2715.htm""}"
EXAM-8f4c13fd-6c4d-5423-a6b2-c1d1b70528b9,PY-b8d32ee2-1f35-5e7c-9e2d-8f37ad59d33b,2024,public_1,SUBJ-d88b6f0d-ab2d-511e-bbc2-2ff6a8d9b607,大学语文,大学语文,150,120,笔试,SRC-HFNU-2024-ZC,"{""row_key"":""互联网金融"",""section"":""考试科目"",""table"":3,""url"":""https://zsb.hfnu.edu.cn/info/1003/2715.htm""}"
EXAM-1b8535ba-c80e-5f5a-b03c-33deee67e6df,PY-b8d32ee2-1f35-5e7c-9e2d-8f37ad59d33b,2024,public_2,SUBJ-519af401-8795-53ed-8ca6-c732ca62949c,英语,英语,150,90,笔试,SRC-HFNU-2024-ZC,"{""row_key"":""互联网金融"",""section"":""考试科目"",""table"":3,""url"":""https://zsb.hfnu.edu.cn/info/1003/2715.htm""}"
EXAM-0dfcae3e-1b0d-5757-a1b1-47c9521bd19c,PY-d3e1e604-5dfe-5940-9aac-c7ed5481a96b,2024,professional_1,SUBJ-225d4839-edc0-58f4-a894-f24182a6ca56,管理学原理,管理学原理,150,,笔试,SRC-HFNU-2024-ZC,"{""row_key"":""人力资源管理"",""section"":""考试科目"",""table"":3,""url"":""https://zsb.hfnu.edu.cn/info/1003/2715.htm""}"
EXAM-bfd72507-4576-5765-99f7-57300d90e385,PY-d3e1e604-5dfe-5940-9aac-c7ed5481a96b,2024,professional_2,SUBJ-be5405f8-d905-514f-8b29-cc10f36c78ef,会计学原理,会计学原理,150,,笔试,SRC-HFNU-2024-ZC,"{""row_key"":""人力资源管理"",""section"":""考试科目"",""table"":3,""url"":""https://zsb.hfnu.edu.cn/info/1003/2715.htm""}"
EXAM-9e21382d-24f0-513c-9ce9-dc285c929c61,PY-d3e1e604-5dfe-5940-9aac-c7ed5481a96b,2024,public_1,SUBJ-d88b6f0d-ab2d-511e-bbc2-2ff6a8d9b607,大学语文,大学语文,150,120,笔试,SRC-HFNU-2024-ZC,"{""row_key"":""人力资源管理"",""section"":""考试科目"",""table"":3,""url"":""https://zsb.hfnu.edu.cn/info/1003/2715.htm""}"
EXAM-ec8914d7-af64-5678-9021-0ec37eade30a,PY-d3e1e604-5dfe-5940-9aac-c7ed5481a96b,2024,public_2,SUBJ-519af401-8795-53ed-8ca6-c732ca62949c,英语,英语,150,90,笔试,SRC-HFNU-2024-ZC,"{""row_key"":""人力资源管理"",""section"":""考试科目"",""table"":3,""url"":""https://zsb.hfnu.edu.cn/info/1003/2715.htm""}"
EXAM-340c5486-9d69-59f3-8dbb-f81e58d0a2a9,PY-dd8c6616-cd6a-5b67-8db5-f4954648d30c,2024,professional_1,SUBJ-af265a9a-3576-5139-8e32-0df76de6f524,基础无机化学,基础无机化学,150,,笔试,SRC-HFNU-2024-ZC,"{""row_key"":""制药工程"",""section"":""考试科目"",""table"":3,""url"":""https://zsb.hfnu.edu.cn/info/1003/2715.htm""}"
EXAM-debea3eb-8a56-58b5-9c9b-e7b794231606,PY-dd8c6616-cd6a-5b67-8db5-f4954648d30c,2024,professional_2,SUBJ-f064f3e9-8008-5e68-86f5-1e55c4ebf102,基础分析化学,基础分析化学,150,,笔试,SRC-HFNU-2024-ZC,"{""row_key"":""制药工程"",""section"":""考试科目"",""table"":3,""url"":""https://zsb.hfnu.edu.cn/info/1003/2715.htm""}"
EXAM-feacc1c1-eb0e-5815-8b1c-341abba84b5b,PY-dd8c6616-cd6a-5b67-8db5-f4954648d30c,2024,public_1,SUBJ-c1afee7c-2c8b-5b96-8fd0-29904b52131b,高等数学,高等数学,150,120,笔试,SRC-HFNU-2024-ZC,"{""row_key"":""制药工程"",""section"":""考试科目"",""table"":3,""url"":""https://zsb.hfnu.edu.cn/info/1003/2715.htm""}"
EXAM-bd0c9b15-3090-51be-921d-a63c074f0516,PY-dd8c6616-cd6a-5b67-8db5-f4954648d30c,2024,public_2,SUBJ-519af401-8795-53ed-8ca6-c732ca62949c,英语,英语,150,90,笔试,SRC-HFNU-2024-ZC,"{""row_key"":""制药工程"",""section"":""考试科目"",""table"":3,""url"":""https://zsb.hfnu.edu.cn/info/1003/2715.htm""}"
EXAM-46ff9c87-4638-5833-8dac-f74ee8536b2d,PY-9d21463d-ba3d-5383-9ec8-cb2b45d8c4fe,2024,professional_1,SUBJ-88d1b877-d7e1-5b43-8383-45ccafde7590,人物速写,人物速写,150,,笔试,SRC-HFNU-2024-ZC,"{""row_key"":""动画"",""section"":""考试科目"",""table"":3,""url"":""https://zsb.hfnu.edu.cn/info/1003/2715.htm""}"
EXAM-1a8e2e29-fe03-5ab8-b9ae-6c5e35d46697,PY-9d21463d-ba3d-5383-9ec8-cb2b45d8c4fe,2024,professional_2,SUBJ-01918fe9-ba7a-5bb6-81c1-08ef3a02dec6,插画设计,插画设计,150,,笔试,SRC-HFNU-2024-ZC,"{""row_key"":""动画"",""section"":""考试科目"",""table"":3,""url"":""https://zsb.hfnu.edu.cn/info/1003/2715.htm""}"
EXAM-39b38342-cac0-599a-9c39-c1bdec73d4df,PY-9d21463d-ba3d-5383-9ec8-cb2b45d8c4fe,2024,public_1,SUBJ-d88b6f0d-ab2d-511e-bbc2-2ff6a8d9b607,大学语文,大学语文,150,120,笔试,SRC-HFNU-2024-ZC,"{""row_key"":""动画"",""section"":""考试科目"",""table"":3,""url"":""https://zsb.hfnu.edu.cn/info/1003/2715.htm""}"
EXAM-901e0513-cd99-5c5c-b2d5-694660108040,PY-9d21463d-ba3d-5383-9ec8-cb2b45d8c4fe,2024,public_2,SUBJ-519af401-8795-53ed-8ca6-c732ca62949c,英语,英语,150,90,笔试,SRC-HFNU-2024-ZC,"{""row_key"":""动画"",""section"":""考试科目"",""table"":3,""url"":""https://zsb.hfnu.edu.cn/info/1003/2715.htm""}"
EXAM-ee622085-a1ce-520b-9279-a8fd51e252f5,PY-185d8434-ad71-5d84-adff-537a7fe42fd8,2024,professional_1,SUBJ-af265a9a-3576-5139-8e32-0df76de6f524,基础无机化学,基础无机化学,150,,笔试,SRC-HFNU-2024-ZC,"{""row_key"":""化学工程与工艺"",""section"":""考试科目"",""table"":3,""url"":""https://zsb.hfnu.edu.cn/info/1003/2715.htm""}"
EXAM-f965bd22-3cf5-5b5e-affa-d923ea17cff6,PY-185d8434-ad71-5d84-adff-537a7fe42fd8,2024,professional_2,SUBJ-f064f3e9-8008-5e68-86f5-1e55c4ebf102,基础分析化学,基础分析化学,150,,笔试,SRC-HFNU-2024-ZC,"{""row_key"":""化学工程与工艺"",""section"":""考试科目"",""table"":3,""url"":""https://zsb.hfnu.edu.cn/info/1003/2715.htm""}"
EXAM-604bcf8e-0854-53e6-990b-20336fec227d,PY-185d8434-ad71-5d84-adff-537a7fe42fd8,2024,public_1,SUBJ-c1afee7c-2c8b-5b96-8fd0-29904b52131b,高等数学,高等数学,150,120,笔试,SRC-HFNU-2024-ZC,"{""row_key"":""化学工程与工艺"",""section"":""考试科目"",""table"":3,""url"":""https://zsb.hfnu.edu.cn/info/1003/2715.htm""}"
EXAM-57252de8-fc9b-5c29-8c10-43410ce9100e,PY-185d8434-ad71-5d84-adff-537a7fe42fd8,2024,public_2,SUBJ-519af401-8795-53ed-8ca6-c732ca62949c,英语,英语,150,90,笔试,SRC-HFNU-2024-ZC,"{""row_key"":""化学工程与工艺"",""section"":""考试科目"",""table"":3,""url"":""https://zsb.hfnu.edu.cn/info/1003/2715.htm""}"
EXAM-d4ff95ed-d2b7-5c54-9522-f3f806fb8172,PY-2c4bd8ce-35e9-594f-a938-a656aa703f5a,2024,professional_1,SUBJ-75b484f9-a807-5e17-bbfd-039deebf492a,综合商务英语,综合商务英语,150,,笔试,SRC-HFNU-2024-ZC,"{""row_key"":""商务英语"",""section"":""考试科目"",""table"":3,""url"":""https://zsb.hfnu.edu.cn/info/1003/2715.htm""}"
EXAM-f809e674-23a3-5410-bea2-1d1011f6098a,PY-2c4bd8ce-35e9-594f-a938-a656aa703f5a,2024,professional_2,SUBJ-f99652b4-233b-513d-bfb1-921b9a24c570,旅游与酒店管理,旅游与酒店管理,150,,笔试,SRC-HFNU-2024-ZC,"{""row_key"":""商务英语"",""section"":""考试科目"",""table"":3,""url"":""https://zsb.hfnu.edu.cn/info/1003/2715.htm""}"
EXAM-43b3fb47-5526-59aa-b42c-56abf13e830e,PY-2c4bd8ce-35e9-594f-a938-a656aa703f5a,2024,public_1,SUBJ-d88b6f0d-ab2d-511e-bbc2-2ff6a8d9b607,大学语文,大学语文,150,120,笔试,SRC-HFNU-2024-ZC,"{""row_key"":""商务英语"",""section"":""考试科目"",""table"":3,""url"":""https://zsb.hfnu.edu.cn/info/1003/2715.htm""}"
EXAM-563e116f-2c88-5418-831e-0166d55380b9,PY-2c4bd8ce-35e9-594f-a938-a656aa703f5a,2024,public_2,SUBJ-519af401-8795-53ed-8ca6-c732ca62949c,英语,英语,150,90,笔试,SRC-HFNU-2024-ZC,"{""row_key"":""商务英语"",""section"":""考试科目"",""table"":3,""url"":""https://zsb.hfnu.edu.cn/info/1003/2715.htm""}"
EXAM-d9444015-7a36-5b62-9cf7-4b1dddbeb2e7,PY-020af4f4-756d-52f1-bedf-da1fb4f791e3,2024,professional_1,SUBJ-02b2bcf6-0a2f-557b-a16f-927e9b10fb56,教育学,教育学,150,,笔试,SRC-HFNU-2024-ZC,"{""row_key"":""学前教育"",""section"":""考试科目"",""table"":3,""url"":""https://zsb.hfnu.edu.cn/info/1003/2715.htm""}"
EXAM-423053a0-a6a5-5b6a-ae91-0a20e05c1aa8,PY-020af4f4-756d-52f1-bedf-da1fb4f791e3,2024,professional_2,SUBJ-ce62e9a7-e2d2-5f09-b201-6cffb1f9685f,心理学,心理学,150,,笔试,SRC-HFNU-2024-ZC,"{""row_key"":""学前教育"",""section"":""考试科目"",""table"":3,""url"":""https://zsb.hfnu.edu.cn/info/1003/2715.htm""}"
EXAM-870a5f5d-a93b-5d46-95d4-effae2b6e05d,PY-020af4f4-756d-52f1-bedf-da1fb4f791e3,2024,public_1,SUBJ-d88b6f0d-ab2d-511e-bbc2-2ff6a8d9b607,大学语文,大学语文,150,120,笔试,SRC-HFNU-2024-ZC,"{""row_key"":""学前教育"",""section"":""考试科目"",""table"":3,""url"":""https://zsb.hfnu.edu.cn/info/1003/2715.htm""}"
EXAM-e33887f7-314f-5c83-b873-21be6cbbe329,PY-020af4f4-756d-52f1-bedf-da1fb4f791e3,2024,public_2,SUBJ-519af401-8795-53ed-8ca6-c732ca62949c,英语,英语,150,90,笔试,SRC-HFNU-2024-ZC,"{""row_key"":""学前教育"",""section"":""考试科目"",""table"":3,""url"":""https://zsb.hfnu.edu.cn/info/1003/2715.htm""}"
EXAM-53371751-461b-53d8-a1dd-15ce2606181b,PY-6c06c71f-3a0c-540c-849d-0db19bc3a05c,2024,professional_1,SUBJ-02b2bcf6-0a2f-557b-a16f-927e9b10fb56,教育学,教育学,150,,笔试,SRC-HFNU-2024-ZC,"{""row_key"":""小学教育"",""section"":""考试科目"",""table"":3,""url"":""https://zsb.hfnu.edu.cn/info/1003/2715.htm""}"
EXAM-0378714b-b5ac-53ed-9647-8b46a93fd1be,PY-6c06c71f-3a0c-540c-849d-0db19bc3a05c,2024,professional_2,SUBJ-ce62e9a7-e2d2-5f09-b201-6cffb1f9685f,心理学,心理学,150,,笔试,SRC-HFNU-2024-ZC,"{""row_key"":""小学教育"",""section"":""考试科目"",""table"":3,""url"":""https://zsb.hfnu.edu.cn/info/1003/2715.htm""}"
EXAM-9e2cce77-c194-5d26-861b-f0fa10ed06b4,PY-6c06c71f-3a0c-540c-849d-0db19bc3a05c,2024,public_1,SUBJ-d88b6f0d-ab2d-511e-bbc2-2ff6a8d9b607,大学语文,大学语文,150,120,笔试,SRC-HFNU-2024-ZC,"{""row_key"":""小学教育"",""section"":""考试科目"",""table"":3,""url"":""https://zsb.hfnu.edu.cn/info/1003/2715.htm""}"
EXAM-d42f5ca4-5e82-5df5-acd0-3f9f535e5297,PY-6c06c71f-3a0c-540c-849d-0db19bc3a05c,2024,public_2,SUBJ-519af401-8795-53ed-8ca6-c732ca62949c,英语,英语,150,90,笔试,SRC-HFNU-2024-ZC,"{""row_key"":""小学教育"",""section"":""考试科目"",""table"":3,""url"":""https://zsb.hfnu.edu.cn/info/1003/2715.htm""}"
EXAM-2b212045-8f1e-5c68-ac07-02c3084f34ae,PY-2ea256ce-e1f9-511b-b897-0b35b9549b96,2024,professional_1,SUBJ-225d4839-edc0-58f4-a894-f24182a6ca56,管理学原理,管理学原理,150,,笔试,SRC-HFNU-2024-ZC,"{""row_key"":""市场营销"",""section"":""考试科目"",""table"":3,""url"":""https://zsb.hfnu.edu.cn/info/1003/2715.htm""}"
EXAM-918ad6d7-376b-58a4-83b2-dd42344c284f,PY-2ea256ce-e1f9-511b-b897-0b35b9549b96,2024,professional_2,SUBJ-be5405f8-d905-514f-8b29-cc10f36c78ef,会计学原理,会计学原理,150,,笔试,SRC-HFNU-2024-ZC,"{""row_key"":""市场营销"",""section"":""考试科目"",""table"":3,""url"":""https://zsb.hfnu.edu.cn/info/1003/2715.htm""}"
EXAM-8f721961-2825-566f-b3eb-fcd2fc5093dc,PY-2ea256ce-e1f9-511b-b897-0b35b9549b96,2024,public_1,SUBJ-d88b6f0d-ab2d-511e-bbc2-2ff6a8d9b607,大学语文,大学语文,150,120,笔试,SRC-HFNU-2024-ZC,"{""row_key"":""市场营销"",""section"":""考试科目"",""table"":3,""url"":""https://zsb.hfnu.edu.cn/info/1003/2715.htm""}"
EXAM-fa1f3d49-0c6b-5a78-b889-fd1493e24756,PY-2ea256ce-e1f9-511b-b897-0b35b9549b96,2024,public_2,SUBJ-519af401-8795-53ed-8ca6-c732ca62949c,英语,英语,150,90,笔试,SRC-HFNU-2024-ZC,"{""row_key"":""市场营销"",""section"":""考试科目"",""table"":3,""url"":""https://zsb.hfnu.edu.cn/info/1003/2715.htm""}"
EXAM-ffdff83a-a34c-5240-850b-b7df5a8d76b9,PY-08a324b9-551b-5fed-b1f0-52e51932edf5,2024,professional_1,SUBJ-1187ecff-f02c-5290-8d46-b7a9749ff165,C语言程序设计,C语言程序设计,150,,笔试,SRC-HFNU-2024-ZC,"{""row_key"":""数据科学与大数据技术"",""section"":""考试科目"",""table"":3,""url"":""https://zsb.hfnu.edu.cn/info/1003/2715.htm""}"
EXAM-95a88b33-a5b5-57ef-b35b-da7492dd7480,PY-08a324b9-551b-5fed-b1f0-52e51932edf5,2024,professional_2,SUBJ-ee125cd5-c186-5634-a89b-cfb306ee74c3,数据结构,数据结构,150,,笔试,SRC-HFNU-2024-ZC,"{""row_key"":""数据科学与大数据技术"",""section"":""考试科目"",""table"":3,""url"":""https://zsb.hfnu.edu.cn/info/1003/2715.htm""}"
EXAM-fb221091-a88a-5bb7-9e44-f02d435ca74f,PY-08a324b9-551b-5fed-b1f0-52e51932edf5,2024,public_1,SUBJ-c1afee7c-2c8b-5b96-8fd0-29904b52131b,高等数学,高等数学,150,120,笔试,SRC-HFNU-2024-ZC,"{""row_key"":""数据科学与大数据技术"",""section"":""考试科目"",""table"":3,""url"":""https://zsb.hfnu.edu.cn/info/1003/2715.htm""}"
EXAM-3fa9dda0-9b19-594e-941d-b7f5dc982c5f,PY-08a324b9-551b-5fed-b1f0-52e51932edf5,2024,public_2,SUBJ-519af401-8795-53ed-8ca6-c732ca62949c,英语,英语,150,90,笔试,SRC-HFNU-2024-ZC,"{""row_key"":""数据科学与大数据技术"",""section"":""考试科目"",""table"":3,""url"":""https://zsb.hfnu.edu.cn/info/1003/2715.htm""}"
EXAM-711e4a93-a415-5885-a2e7-399a518e84e8,PY-b5d0d88d-6d2b-5d5c-b8fa-740cd91b914f,2024,professional_1,SUBJ-dedd1bdc-f56a-52b9-8be2-d3449d5338a1,无机化学,无机化学,150,,笔试,SRC-HFNU-2024-ZC,"{""row_key"":""新能源材料与器件"",""section"":""考试科目"",""table"":3,""url"":""https://zsb.hfnu.edu.cn/info/1003/2715.htm""}"
EXAM-0877aac8-044f-5862-a2e8-44c6e76a8402,PY-b5d0d88d-6d2b-5d5c-b8fa-740cd91b914f,2024,professional_2,SUBJ-4c8d96e4-aca9-5a2b-9627-a8413f8122de,大学物理,大学物理,150,,笔试,SRC-HFNU-2024-ZC,"{""row_key"":""新能源材料与器件"",""section"":""考试科目"",""table"":3,""url"":""https://zsb.hfnu.edu.cn/info/1003/2715.htm""}"
EXAM-b8fecc10-24f0-5a6d-9278-abf16cc178fa,PY-b5d0d88d-6d2b-5d5c-b8fa-740cd91b914f,2024,public_1,SUBJ-c1afee7c-2c8b-5b96-8fd0-29904b52131b,高等数学,高等数学,150,120,笔试,SRC-HFNU-2024-ZC,"{""row_key"":""新能源材料与器件"",""section"":""考试科目"",""table"":3,""url"":""https://zsb.hfnu.edu.cn/info/1003/2715.htm""}"
EXAM-016f6dbe-3df8-524a-9420-7feacea77722,PY-b5d0d88d-6d2b-5d5c-b8fa-740cd91b914f,2024,public_2,SUBJ-519af401-8795-53ed-8ca6-c732ca62949c,英语,英语,150,90,笔试,SRC-HFNU-2024-ZC,"{""row_key"":""新能源材料与器件"",""section"":""考试科目"",""table"":3,""url"":""https://zsb.hfnu.edu.cn/info/1003/2715.htm""}"
EXAM-553e2f58-8cb6-5891-b7ba-f494b3e91fef,PY-a33a19d4-d78c-5342-be85-65c5a9660b96,2024,professional_1,SUBJ-88d1b877-d7e1-5b43-8383-45ccafde7590,人物速写,人物速写,150,,笔试,SRC-HFNU-2024-ZC,"{""row_key"":""服装与服饰设计"",""section"":""考试科目"",""table"":3,""url"":""https://zsb.hfnu.edu.cn/info/1003/2715.htm""}"
EXAM-72968d53-78a7-5b38-a282-c0a94b508ae3,PY-a33a19d4-d78c-5342-be85-65c5a9660b96,2024,professional_2,SUBJ-01918fe9-ba7a-5bb6-81c1-08ef3a02dec6,插画设计,插画设计,150,,笔试,SRC-HFNU-2024-ZC,"{""row_key"":""服装与服饰设计"",""section"":""考试科目"",""table"":3,""url"":""https://zsb.hfnu.edu.cn/info/1003/2715.htm""}"
EXAM-cbd9d293-ace9-56a9-8260-fe82ec5cef2f,PY-a33a19d4-d78c-5342-be85-65c5a9660b96,2024,public_1,SUBJ-d88b6f0d-ab2d-511e-bbc2-2ff6a8d9b607,大学语文,大学语文,150,120,笔试,SRC-HFNU-2024-ZC,"{""row_key"":""服装与服饰设计"",""section"":""考试科目"",""table"":3,""url"":""https://zsb.hfnu.edu.cn/info/1003/2715.htm""}"
EXAM-3c4601ab-064d-520d-92a3-8b9df96f7d9f,PY-a33a19d4-d78c-5342-be85-65c5a9660b96,2024,public_2,SUBJ-519af401-8795-53ed-8ca6-c732ca62949c,英语,英语,150,90,笔试,SRC-HFNU-2024-ZC,"{""row_key"":""服装与服饰设计"",""section"":""考试科目"",""table"":3,""url"":""https://zsb.hfnu.edu.cn/info/1003/2715.htm""}"
EXAM-3fb10faa-11c1-5e56-b037-bbcbb8d0a37d,PY-3a2cd018-7f77-5bc5-9f9c-a1c016453ac4,2024,professional_1,SUBJ-dedd1bdc-f56a-52b9-8be2-d3449d5338a1,无机化学,无机化学,150,,笔试,SRC-HFNU-2024-ZC,"{""row_key"":""材料科学与工程"",""section"":""考试科目"",""table"":3,""url"":""https://zsb.hfnu.edu.cn/info/1003/2715.htm""}"
EXAM-0685043f-659a-5efd-ac81-58a9a81a508b,PY-3a2cd018-7f77-5bc5-9f9c-a1c016453ac4,2024,professional_2,SUBJ-4c8d96e4-aca9-5a2b-9627-a8413f8122de,大学物理,大学物理,150,,笔试,SRC-HFNU-2024-ZC,"{""row_key"":""材料科学与工程"",""section"":""考试科目"",""table"":3,""url"":""https://zsb.hfnu.edu.cn/info/1003/2715.htm""}"
EXAM-8567b865-d63d-5b05-a0dd-f66ab9fd960e,PY-3a2cd018-7f77-5bc5-9f9c-a1c016453ac4,2024,public_1,SUBJ-c1afee7c-2c8b-5b96-8fd0-29904b52131b,高等数学,高等数学,150,120,笔试,SRC-HFNU-2024-ZC,"{""row_key"":""材料科学与工程"",""section"":""考试科目"",""table"":3,""url"":""https://zsb.hfnu.edu.cn/info/1003/2715.htm""}"
EXAM-1bafb0a3-8ed5-586f-ac38-eaeb475faab5,PY-3a2cd018-7f77-5bc5-9f9c-a1c016453ac4,2024,public_2,SUBJ-519af401-8795-53ed-8ca6-c732ca62949c,英语,英语,150,90,笔试,SRC-HFNU-2024-ZC,"{""row_key"":""材料科学与工程"",""section"":""考试科目"",""table"":3,""url"":""https://zsb.hfnu.edu.cn/info/1003/2715.htm""}"
EXAM-433b4b81-2bb7-5b85-ac05-319503aa7b32,PY-cce1b798-d909-5e3a-8e03-49751024827c,2024,professional_1,SUBJ-1c3ae097-7035-5332-8158-78a17463b465,建筑速写,建筑速写,150,,笔试,SRC-HFNU-2024-ZC,"{""row_key"":""环境设计"",""section"":""考试科目"",""table"":3,""url"":""https://zsb.hfnu.edu.cn/info/1003/2715.htm""}"
EXAM-ee2377bb-d1b5-58c4-ab4d-4a15011ccdbc,PY-cce1b798-d909-5e3a-8e03-49751024827c,2024,professional_2,SUBJ-79f29a13-1d52-50f7-b94f-a4a47fddc19b,室内设计表现,室内设计表现,150,,笔试,SRC-HFNU-2024-ZC,"{""row_key"":""环境设计"",""section"":""考试科目"",""table"":3,""url"":""https://zsb.hfnu.edu.cn/info/1003/2715.htm""}"
EXAM-9d7718e0-cf6f-5b2f-9fb9-66013cab72c0,PY-cce1b798-d909-5e3a-8e03-49751024827c,2024,public_1,SUBJ-d88b6f0d-ab2d-511e-bbc2-2ff6a8d9b607,大学语文,大学语文,150,120,笔试,SRC-HFNU-2024-ZC,"{""row_key"":""环境设计"",""section"":""考试科目"",""table"":3,""url"":""https://zsb.hfnu.edu.cn/info/1003/2715.htm""}"
EXAM-5705862e-0613-5ea7-9d3a-a082a43c421b,PY-cce1b798-d909-5e3a-8e03-49751024827c,2024,public_2,SUBJ-519af401-8795-53ed-8ca6-c732ca62949c,英语,英语,150,90,笔试,SRC-HFNU-2024-ZC,"{""row_key"":""环境设计"",""section"":""考试科目"",""table"":3,""url"":""https://zsb.hfnu.edu.cn/info/1003/2715.htm""}"
EXAM-4164db82-87bb-59ed-bde1-d6a001e940ba,PY-383f6bf8-4300-552c-9214-286c5ae05e4c,2024,professional_1,SUBJ-512487a4-1606-5a3e-bbb4-aaa0090673b5,生物化学,生物化学,150,,笔试,SRC-HFNU-2024-ZC,"{""row_key"":""生物制药"",""section"":""考试科目"",""table"":3,""url"":""https://zsb.hfnu.edu.cn/info/1003/2715.htm""}"
EXAM-1ae46128-8586-5533-b656-41120ca39471,PY-383f6bf8-4300-552c-9214-286c5ae05e4c,2024,professional_2,SUBJ-e954d6b6-e336-5243-997a-401c8e1fec54,微生物学,微生物学,150,,笔试,SRC-HFNU-2024-ZC,"{""row_key"":""生物制药"",""section"":""考试科目"",""table"":3,""url"":""https://zsb.hfnu.edu.cn/info/1003/2715.htm""}"
EXAM-e21fcc5d-1af5-5565-8aa7-7e2a2cf24ee8,PY-383f6bf8-4300-552c-9214-286c5ae05e4c,2024,public_1,SUBJ-c1afee7c-2c8b-5b96-8fd0-29904b52131b,高等数学,高等数学,150,120,笔试,SRC-HFNU-2024-ZC,"{""row_key"":""生物制药"",""section"":""考试科目"",""table"":3,""url"":""https://zsb.hfnu.edu.cn/info/1003/2715.htm""}"
EXAM-1d39f351-8603-5ce7-936e-449015a6ece2,PY-383f6bf8-4300-552c-9214-286c5ae05e4c,2024,public_2,SUBJ-519af401-8795-53ed-8ca6-c732ca62949c,英语,英语,150,90,笔试,SRC-HFNU-2024-ZC,"{""row_key"":""生物制药"",""section"":""考试科目"",""table"":3,""url"":""https://zsb.hfnu.edu.cn/info/1003/2715.htm""}"
EXAM-5d7a99bd-1b78-5245-94d7-e3bac1f497fc,PY-efd03451-30c9-5a3b-a3c0-c025f88814d9,2024,professional_1,SUBJ-17c29bcb-031b-5886-9ae6-dbda71e015ef,电路分析基础,电路分析基础,150,,笔试,SRC-HFNU-2024-ZC,"{""row_key"":""电子信息工程"",""section"":""考试科目"",""table"":3,""url"":""https://zsb.hfnu.edu.cn/info/1003/2715.htm""}"
EXAM-1069ef13-bc50-57aa-98be-9410ad0ea43c,PY-efd03451-30c9-5a3b-a3c0-c025f88814d9,2024,professional_2,SUBJ-0210da2c-c125-5f19-9416-37fce69429c7,数字电子技术基础,数字电子技术基础,150,,笔试,SRC-HFNU-2024-ZC,"{""row_key"":""电子信息工程"",""section"":""考试科目"",""table"":3,""url"":""https://zsb.hfnu.edu.cn/info/1003/2715.htm""}"
EXAM-65cf401a-6439-5611-a146-c42862333c66,PY-efd03451-30c9-5a3b-a3c0-c025f88814d9,2024,public_1,SUBJ-c1afee7c-2c8b-5b96-8fd0-29904b52131b,高等数学,高等数学,150,120,笔试,SRC-HFNU-2024-ZC,"{""row_key"":""电子信息工程"",""section"":""考试科目"",""table"":3,""url"":""https://zsb.hfnu.edu.cn/info/1003/2715.htm""}"
EXAM-d3f5836f-3d24-5576-b412-cc9b3f1f8a9d,PY-efd03451-30c9-5a3b-a3c0-c025f88814d9,2024,public_2,SUBJ-519af401-8795-53ed-8ca6-c732ca62949c,英语,英语,150,90,笔试,SRC-HFNU-2024-ZC,"{""row_key"":""电子信息工程"",""section"":""考试科目"",""table"":3,""url"":""https://zsb.hfnu.edu.cn/info/1003/2715.htm""}"
EXAM-37be0fb7-01bc-50bf-a376-681675bd80cc,PY-faa4df75-4caa-5caa-afbc-83d5d9f96562,2024,professional_1,SUBJ-17c29bcb-031b-5886-9ae6-dbda71e015ef,电路分析基础,电路分析基础,150,,笔试,SRC-HFNU-2024-ZC,"{""row_key"":""电气工程及其自动化"",""section"":""考试科目"",""table"":3,""url"":""https://zsb.hfnu.edu.cn/info/1003/2715.htm""}"
EXAM-ced6860d-6f9b-5d84-93b2-8c52df5864ff,PY-faa4df75-4caa-5caa-afbc-83d5d9f96562,2024,professional_2,SUBJ-4aee3f17-a7f7-5623-924a-9ac52a52a137,自动控制原理,自动控制原理,150,,笔试,SRC-HFNU-2024-ZC,"{""row_key"":""电气工程及其自动化"",""section"":""考试科目"",""table"":3,""url"":""https://zsb.hfnu.edu.cn/info/1003/2715.htm""}"
EXAM-4004203d-caf4-5e19-9f12-38648579fdff,PY-faa4df75-4caa-5caa-afbc-83d5d9f96562,2024,public_1,SUBJ-c1afee7c-2c8b-5b96-8fd0-29904b52131b,高等数学,高等数学,150,120,笔试,SRC-HFNU-2024-ZC,"{""row_key"":""电气工程及其自动化"",""section"":""考试科目"",""table"":3,""url"":""https://zsb.hfnu.edu.cn/info/1003/2715.htm""}"
EXAM-1cf9e3a3-ab9c-53b7-a3f7-a41abe06f307,PY-faa4df75-4caa-5caa-afbc-83d5d9f96562,2024,public_2,SUBJ-519af401-8795-53ed-8ca6-c732ca62949c,英语,英语,150,90,笔试,SRC-HFNU-2024-ZC,"{""row_key"":""电气工程及其自动化"",""section"":""考试科目"",""table"":3,""url"":""https://zsb.hfnu.edu.cn/info/1003/2715.htm""}"
EXAM-3970e14c-0a95-5cca-863f-a3f195785875,PY-ef3ba7ca-8a35-567d-8e9b-5e9db870845d,2024,professional_1,SUBJ-64f42f8f-5b59-5019-bd92-5772473a7077,统计学,统计学,150,,笔试,SRC-HFNU-2024-ZC,"{""row_key"":""经济统计学"",""section"":""考试科目"",""table"":3,""url"":""https://zsb.hfnu.edu.cn/info/1003/2715.htm""}"
EXAM-de69829a-980f-5768-bfa8-353ae44e38c9,PY-ef3ba7ca-8a35-567d-8e9b-5e9db870845d,2024,professional_2,SUBJ-7c29394f-52b0-5931-b0b3-625d7861212e,微观经济学,微观经济学,150,,笔试,SRC-HFNU-2024-ZC,"{""row_key"":""经济统计学"",""section"":""考试科目"",""table"":3,""url"":""https://zsb.hfnu.edu.cn/info/1003/2715.htm""}"
EXAM-21e4cfac-969a-54aa-bfc7-a080ac0bc84f,PY-ef3ba7ca-8a35-567d-8e9b-5e9db870845d,2024,public_1,SUBJ-c1afee7c-2c8b-5b96-8fd0-29904b52131b,高等数学,高等数学,150,120,笔试,SRC-HFNU-2024-ZC,"{""row_key"":""经济统计学"",""section"":""考试科目"",""table"":3,""url"":""https://zsb.hfnu.edu.cn/info/1003/2715.htm""}"
EXAM-b9b5ab27-520a-517b-94d6-598ed509525b,PY-ef3ba7ca-8a35-567d-8e9b-5e9db870845d,2024,public_2,SUBJ-519af401-8795-53ed-8ca6-c732ca62949c,英语,英语,150,90,笔试,SRC-HFNU-2024-ZC,"{""row_key"":""经济统计学"",""section"":""考试科目"",""table"":3,""url"":""https://zsb.hfnu.edu.cn/info/1003/2715.htm""}"
EXAM-81c5fe3f-9d4e-58e2-ab66-590a2db03045,PY-99def49b-49c6-5585-b556-8fa88db18d63,2024,professional_1,SUBJ-e352e919-c275-52bb-b3f8-63af79d9e8aa,传播学概论,传播学概论,150,,笔试,SRC-HFNU-2024-ZC,"{""row_key"":""网络与新媒体"",""section"":""考试科目"",""table"":3,""url"":""https://zsb.hfnu.edu.cn/info/1003/2715.htm""}"
EXAM-8e29640c-2b05-582c-9055-a0f55ab97645,PY-99def49b-49c6-5585-b556-8fa88db18d63,2024,professional_2,SUBJ-8e5385a1-a7b4-505d-bf4c-ae5ee1a19c1e,新闻学概论,新闻学概论,150,,笔试,SRC-HFNU-2024-ZC,"{""row_key"":""网络与新媒体"",""section"":""考试科目"",""table"":3,""url"":""https://zsb.hfnu.edu.cn/info/1003/2715.htm""}"
EXAM-a1f8c98d-8298-5d31-9499-bc9eecc8ac28,PY-99def49b-49c6-5585-b556-8fa88db18d63,2024,public_1,SUBJ-d88b6f0d-ab2d-511e-bbc2-2ff6a8d9b607,大学语文,大学语文,150,120,笔试,SRC-HFNU-2024-ZC,"{""row_key"":""网络与新媒体"",""section"":""考试科目"",""table"":3,""url"":""https://zsb.hfnu.edu.cn/info/1003/2715.htm""}"
EXAM-e792e8b4-6b8e-5392-bccd-f0c4cb55b08d,PY-99def49b-49c6-5585-b556-8fa88db18d63,2024,public_2,SUBJ-519af401-8795-53ed-8ca6-c732ca62949c,英语,英语,150,90,笔试,SRC-HFNU-2024-ZC,"{""row_key"":""网络与新媒体"",""section"":""考试科目"",""table"":3,""url"":""https://zsb.hfnu.edu.cn/info/1003/2715.htm""}"
EXAM-679908fa-fb60-5398-b971-1772f62af429,PY-4420be4a-c3a7-513d-8208-0de118ed05c0,2024,professional_1,SUBJ-1187ecff-f02c-5290-8d46-b7a9749ff165,C语言程序设计,C语言程序设计,150,,笔试,SRC-HFNU-2024-ZC,"{""row_key"":""网络工程"",""section"":""考试科目"",""table"":3,""url"":""https://zsb.hfnu.edu.cn/info/1003/2715.htm""}"
EXAM-09204b9f-3117-5d6b-8732-407c2ac1f2e5,PY-4420be4a-c3a7-513d-8208-0de118ed05c0,2024,professional_2,SUBJ-ee125cd5-c186-5634-a89b-cfb306ee74c3,数据结构,数据结构,150,,笔试,SRC-HFNU-2024-ZC,"{""row_key"":""网络工程"",""section"":""考试科目"",""table"":3,""url"":""https://zsb.hfnu.edu.cn/info/1003/2715.htm""}"
EXAM-244a0743-1b7c-54af-80dc-16912206e5c6,PY-4420be4a-c3a7-513d-8208-0de118ed05c0,2024,public_1,SUBJ-c1afee7c-2c8b-5b96-8fd0-29904b52131b,高等数学,高等数学,150,120,笔试,SRC-HFNU-2024-ZC,"{""row_key"":""网络工程"",""section"":""考试科目"",""table"":3,""url"":""https://zsb.hfnu.edu.cn/info/1003/2715.htm""}"
EXAM-4bc691fd-1999-5844-a349-f70ef81aad9d,PY-4420be4a-c3a7-513d-8208-0de118ed05c0,2024,public_2,SUBJ-519af401-8795-53ed-8ca6-c732ca62949c,英语,英语,150,90,笔试,SRC-HFNU-2024-ZC,"{""row_key"":""网络工程"",""section"":""考试科目"",""table"":3,""url"":""https://zsb.hfnu.edu.cn/info/1003/2715.htm""}"
EXAM-4404a237-9518-51e7-9a4e-6da9a5f40ff6,PY-078d9cf4-435d-571c-b89d-6cf5d2426a5b,2024,professional_1,SUBJ-af265a9a-3576-5139-8e32-0df76de6f524,基础无机化学,基础无机化学,150,,笔试,SRC-HFNU-2024-ZC,"{""row_key"":""药物制剂"",""section"":""考试科目"",""table"":3,""url"":""https://zsb.hfnu.edu.cn/info/1003/2715.htm""}"
EXAM-97f2b0ff-f46d-56d3-b713-c54972acabd9,PY-078d9cf4-435d-571c-b89d-6cf5d2426a5b,2024,professional_2,SUBJ-f064f3e9-8008-5e68-86f5-1e55c4ebf102,基础分析化学,基础分析化学,150,,笔试,SRC-HFNU-2024-ZC,"{""row_key"":""药物制剂"",""section"":""考试科目"",""table"":3,""url"":""https://zsb.hfnu.edu.cn/info/1003/2715.htm""}"
EXAM-a1809da5-333a-54e3-9974-ae4a558ace60,PY-078d9cf4-435d-571c-b89d-6cf5d2426a5b,2024,public_1,SUBJ-c1afee7c-2c8b-5b96-8fd0-29904b52131b,高等数学,高等数学,150,120,笔试,SRC-HFNU-2024-ZC,"{""row_key"":""药物制剂"",""section"":""考试科目"",""table"":3,""url"":""https://zsb.hfnu.edu.cn/info/1003/2715.htm""}"
EXAM-963e54f4-7173-5a07-be8f-3b1b52f3a289,PY-078d9cf4-435d-571c-b89d-6cf5d2426a5b,2024,public_2,SUBJ-519af401-8795-53ed-8ca6-c732ca62949c,英语,英语,150,90,笔试,SRC-HFNU-2024-ZC,"{""row_key"":""药物制剂"",""section"":""考试科目"",""table"":3,""url"":""https://zsb.hfnu.edu.cn/info/1003/2715.htm""}"
EXAM-20456902-76b7-5137-9671-8dc8a175cc69,PY-5b0619d9-5054-5707-9c9a-0f87f8079b72,2024,professional_1,SUBJ-88d1b877-d7e1-5b43-8383-45ccafde7590,人物速写,人物速写,150,,笔试,SRC-HFNU-2024-ZC,"{""row_key"":""视觉传达设计"",""section"":""考试科目"",""table"":3,""url"":""https://zsb.hfnu.edu.cn/info/1003/2715.htm""}"
EXAM-d5ea2a76-6b55-5987-8ce8-f1fa5a706eab,PY-5b0619d9-5054-5707-9c9a-0f87f8079b72,2024,professional_2,SUBJ-01918fe9-ba7a-5bb6-81c1-08ef3a02dec6,插画设计,插画设计,150,,笔试,SRC-HFNU-2024-ZC,"{""row_key"":""视觉传达设计"",""section"":""考试科目"",""table"":3,""url"":""https://zsb.hfnu.edu.cn/info/1003/2715.htm""}"
EXAM-90a538af-b5cd-51aa-9427-ddf061f02833,PY-5b0619d9-5054-5707-9c9a-0f87f8079b72,2024,public_1,SUBJ-d88b6f0d-ab2d-511e-bbc2-2ff6a8d9b607,大学语文,大学语文,150,120,笔试,SRC-HFNU-2024-ZC,"{""row_key"":""视觉传达设计"",""section"":""考试科目"",""table"":3,""url"":""https://zsb.hfnu.edu.cn/info/1003/2715.htm""}"
EXAM-8b7a45cd-320d-535b-9bdd-8fdbf7ab6258,PY-5b0619d9-5054-5707-9c9a-0f87f8079b72,2024,public_2,SUBJ-519af401-8795-53ed-8ca6-c732ca62949c,英语,英语,150,90,笔试,SRC-HFNU-2024-ZC,"{""row_key"":""视觉传达设计"",""section"":""考试科目"",""table"":3,""url"":""https://zsb.hfnu.edu.cn/info/1003/2715.htm""}"
EXAM-604ad4a2-f424-5c02-a34d-de324fc168c6,PY-c1006596-0bc4-5d2f-bae9-d702b42dbe56,2024,professional_1,SUBJ-1187ecff-f02c-5290-8d46-b7a9749ff165,C语言程序设计,C语言程序设计,150,,笔试,SRC-HFNU-2024-ZC,"{""row_key"":""计算机科学与技术"",""section"":""考试科目"",""table"":3,""url"":""https://zsb.hfnu.edu.cn/info/1003/2715.htm""}"
EXAM-a825f88d-3223-535a-ba36-edba3045a8e6,PY-c1006596-0bc4-5d2f-bae9-d702b42dbe56,2024,professional_2,SUBJ-ee125cd5-c186-5634-a89b-cfb306ee74c3,数据结构,数据结构,150,,笔试,SRC-HFNU-2024-ZC,"{""row_key"":""计算机科学与技术"",""section"":""考试科目"",""table"":3,""url"":""https://zsb.hfnu.edu.cn/info/1003/2715.htm""}"
EXAM-068ce6a4-351e-555d-8849-5dbe46ce5d7c,PY-c1006596-0bc4-5d2f-bae9-d702b42dbe56,2024,public_1,SUBJ-c1afee7c-2c8b-5b96-8fd0-29904b52131b,高等数学,高等数学,150,120,笔试,SRC-HFNU-2024-ZC,"{""row_key"":""计算机科学与技术"",""section"":""考试科目"",""table"":3,""url"":""https://zsb.hfnu.edu.cn/info/1003/2715.htm""}"
EXAM-a51f3500-555e-57d8-92d6-f7d84127e02f,PY-c1006596-0bc4-5d2f-bae9-d702b42dbe56,2024,public_2,SUBJ-519af401-8795-53ed-8ca6-c732ca62949c,英语,英语,150,90,笔试,SRC-HFNU-2024-ZC,"{""row_key"":""计算机科学与技术"",""section"":""考试科目"",""table"":3,""url"":""https://zsb.hfnu.edu.cn/info/1003/2715.htm""}"
EXAM-b0fb0d08-f434-533a-92b0-aca900340ac5,PY-961cdbb0-595a-5c84-b275-3c44bd3f1afe,2024,professional_1,SUBJ-225d4839-edc0-58f4-a894-f24182a6ca56,管理学原理,管理学原理,150,,笔试,SRC-HFNU-2024-ZC,"{""row_key"":""财务管理"",""section"":""考试科目"",""table"":3,""url"":""https://zsb.hfnu.edu.cn/info/1003/2715.htm""}"
EXAM-27c54c45-8ec4-5c56-9ac9-62278307ceef,PY-961cdbb0-595a-5c84-b275-3c44bd3f1afe,2024,professional_2,SUBJ-be5405f8-d905-514f-8b29-cc10f36c78ef,会计学原理,会计学原理,150,,笔试,SRC-HFNU-2024-ZC,"{""row_key"":""财务管理"",""section"":""考试科目"",""table"":3,""url"":""https://zsb.hfnu.edu.cn/info/1003/2715.htm""}"
EXAM-dba39af7-46dc-5215-96db-4eaccdcf24b4,PY-961cdbb0-595a-5c84-b275-3c44bd3f1afe,2024,public_1,SUBJ-d88b6f0d-ab2d-511e-bbc2-2ff6a8d9b607,大学语文,大学语文,150,120,笔试,SRC-HFNU-2024-ZC,"{""row_key"":""财务管理"",""section"":""考试科目"",""table"":3,""url"":""https://zsb.hfnu.edu.cn/info/1003/2715.htm""}"
EXAM-cdab4057-d1df-5569-97b3-3d3e28a275bb,PY-961cdbb0-595a-5c84-b275-3c44bd3f1afe,2024,public_2,SUBJ-519af401-8795-53ed-8ca6-c732ca62949c,英语,英语,150,90,笔试,SRC-HFNU-2024-ZC,"{""row_key"":""财务管理"",""section"":""考试科目"",""table"":3,""url"":""https://zsb.hfnu.edu.cn/info/1003/2715.htm""}"
EXAM-1c65173a-0b3f-50b4-9da0-18c3d2ba23da,PY-c544ae6e-925e-5611-ba09-a410dc123c8f,2024,professional_1,SUBJ-1187ecff-f02c-5290-8d46-b7a9749ff165,C语言程序设计,C语言程序设计,150,,笔试,SRC-HFNU-2024-ZC,"{""row_key"":""软件工程"",""section"":""考试科目"",""table"":3,""url"":""https://zsb.hfnu.edu.cn/info/1003/2715.htm""}"
EXAM-0f5fca65-d87c-5f79-ba25-9f7a4b19673c,PY-c544ae6e-925e-5611-ba09-a410dc123c8f,2024,professional_2,SUBJ-ee125cd5-c186-5634-a89b-cfb306ee74c3,数据结构,数据结构,150,,笔试,SRC-HFNU-2024-ZC,"{""row_key"":""软件工程"",""section"":""考试科目"",""table"":3,""url"":""https://zsb.hfnu.edu.cn/info/1003/2715.htm""}"
EXAM-baea79b1-3085-5d5c-8da0-14210b39cee8,PY-c544ae6e-925e-5611-ba09-a410dc123c8f,2024,public_1,SUBJ-c1afee7c-2c8b-5b96-8fd0-29904b52131b,高等数学,高等数学,150,120,笔试,SRC-HFNU-2024-ZC,"{""row_key"":""软件工程"",""section"":""考试科目"",""table"":3,""url"":""https://zsb.hfnu.edu.cn/info/1003/2715.htm""}"
EXAM-f17f58e1-bbfa-5557-9ee3-e73de0dbd596,PY-c544ae6e-925e-5611-ba09-a410dc123c8f,2024,public_2,SUBJ-519af401-8795-53ed-8ca6-c732ca62949c,英语,英语,150,90,笔试,SRC-HFNU-2024-ZC,"{""row_key"":""软件工程"",""section"":""考试科目"",""table"":3,""url"":""https://zsb.hfnu.edu.cn/info/1003/2715.htm""}"
EXAM-9d5cd3e6-a7bd-5bf5-8e80-f7a7e7e4c41a,PY-affbb6ae-8b72-59de-9a6f-ca8898ee35cf,2024,professional_1,SUBJ-26a1c76a-73cb-50b2-a6ad-138251b69ad9,运动解剖生理学,运动解剖生理学,150,,笔试,SRC-HFNU-2024-ZC,"{""row_key"":""运动康复"",""section"":""考试科目"",""table"":3,""url"":""https://zsb.hfnu.edu.cn/info/1003/2715.htm""}"
EXAM-32308fb3-f83d-516c-94c7-3eda769b78a2,PY-affbb6ae-8b72-59de-9a6f-ca8898ee35cf,2024,professional_2,SUBJ-c1677517-0a7c-54f6-98e2-02b71ae0359b,康复功能评定学,康复功能评定学,150,,笔试,SRC-HFNU-2024-ZC,"{""row_key"":""运动康复"",""section"":""考试科目"",""table"":3,""url"":""https://zsb.hfnu.edu.cn/info/1003/2715.htm""}"
EXAM-b63ed1e3-9e00-5e6d-8e45-366caf6f60eb,PY-affbb6ae-8b72-59de-9a6f-ca8898ee35cf,2024,public_1,SUBJ-d88b6f0d-ab2d-511e-bbc2-2ff6a8d9b607,大学语文,大学语文,150,120,笔试,SRC-HFNU-2024-ZC,"{""row_key"":""运动康复"",""section"":""考试科目"",""table"":3,""url"":""https://zsb.hfnu.edu.cn/info/1003/2715.htm""}"
EXAM-bf2c23bc-293c-53d9-a5ab-8024a28a86b8,PY-affbb6ae-8b72-59de-9a6f-ca8898ee35cf,2024,public_2,SUBJ-519af401-8795-53ed-8ca6-c732ca62949c,英语,英语,150,90,笔试,SRC-HFNU-2024-ZC,"{""row_key"":""运动康复"",""section"":""考试科目"",""table"":3,""url"":""https://zsb.hfnu.edu.cn/info/1003/2715.htm""}"
EXAM-85e10a1f-6b62-578c-ba09-58cfc29f8f62,PY-463cbd2c-1087-553b-969f-9f38cad0f7f3,2024,professional_1,SUBJ-17c29bcb-031b-5886-9ae6-dbda71e015ef,电路分析基础,电路分析基础,150,,笔试,SRC-HFNU-2024-ZC,"{""row_key"":""通信工程"",""section"":""考试科目"",""table"":3,""url"":""https://zsb.hfnu.edu.cn/info/1003/2715.htm""}"
EXAM-a951a9e1-9fc9-54d6-bf19-9dba7fefc415,PY-463cbd2c-1087-553b-969f-9f38cad0f7f3,2024,professional_2,SUBJ-0210da2c-c125-5f19-9416-37fce69429c7,数字电子技术基础,数字电子技术基础,150,,笔试,SRC-HFNU-2024-ZC,"{""row_key"":""通信工程"",""section"":""考试科目"",""table"":3,""url"":""https://zsb.hfnu.edu.cn/info/1003/2715.htm""}"
EXAM-d534ae70-1f2d-5c05-8175-3f477b698b4e,PY-463cbd2c-1087-553b-969f-9f38cad0f7f3,2024,public_1,SUBJ-c1afee7c-2c8b-5b96-8fd0-29904b52131b,高等数学,高等数学,150,120,笔试,SRC-HFNU-2024-ZC,"{""row_key"":""通信工程"",""section"":""考试科目"",""table"":3,""url"":""https://zsb.hfnu.edu.cn/info/1003/2715.htm""}"
EXAM-67ac147b-ec11-5a1e-866a-851cf64b95a3,PY-463cbd2c-1087-553b-969f-9f38cad0f7f3,2024,public_2,SUBJ-519af401-8795-53ed-8ca6-c732ca62949c,英语,英语,150,90,笔试,SRC-HFNU-2024-ZC,"{""row_key"":""通信工程"",""section"":""考试科目"",""table"":3,""url"":""https://zsb.hfnu.edu.cn/info/1003/2715.htm""}"
EXAM-0dc759ef-5b29-5ce3-9aec-acad8e63ae09,PY-5a308856-46aa-584b-856c-62c27c55f791,2024,professional_1,SUBJ-512487a4-1606-5a3e-bbb4-aaa0090673b5,生物化学,生物化学,150,,笔试,SRC-HFNU-2024-ZC,"{""row_key"":""食品质量与安全"",""section"":""考试科目"",""table"":3,""url"":""https://zsb.hfnu.edu.cn/info/1003/2715.htm""}"
EXAM-ba66b65d-57f1-5eef-a9b0-e2c65775e3f5,PY-5a308856-46aa-584b-856c-62c27c55f791,2024,professional_2,SUBJ-e954d6b6-e336-5243-997a-401c8e1fec54,微生物学,微生物学,150,,笔试,SRC-HFNU-2024-ZC,"{""row_key"":""食品质量与安全"",""section"":""考试科目"",""table"":3,""url"":""https://zsb.hfnu.edu.cn/info/1003/2715.htm""}"
EXAM-3e9b6f9a-ecf4-5b52-b849-8287eafe0ed1,PY-5a308856-46aa-584b-856c-62c27c55f791,2024,public_1,SUBJ-c1afee7c-2c8b-5b96-8fd0-29904b52131b,高等数学,高等数学,150,120,笔试,SRC-HFNU-2024-ZC,"{""row_key"":""食品质量与安全"",""section"":""考试科目"",""table"":3,""url"":""https://zsb.hfnu.edu.cn/info/1003/2715.htm""}"
EXAM-a241a559-ee2e-52db-b98d-13e685e8dbc5,PY-5a308856-46aa-584b-856c-62c27c55f791,2024,public_2,SUBJ-519af401-8795-53ed-8ca6-c732ca62949c,英语,英语,150,90,笔试,SRC-HFNU-2024-ZC,"{""row_key"":""食品质量与安全"",""section"":""考试科目"",""table"":3,""url"":""https://zsb.hfnu.edu.cn/info/1003/2715.htm""}"
EXAM-ecbf1c5f-6e83-51c7-9e5b-1371392bf1bc,PY-8d4db694-460f-585a-afa0-c07735ec3f07,2025,professional_1,SUBJ-7c29394f-52b0-5931-b0b3-625d7861212e,微观经济学,微观经济学,150,,笔试,SRC-HFNU-2025-ZC,"{""asset_id"":""ASSET-HFNU-2025-ZC-PDF"",""page"":11,""row_key"":""互联网金融"",""section"":""考试科目""}"
EXAM-20237b74-9eba-5803-af37-18fb6a4b041a,PY-8d4db694-460f-585a-afa0-c07735ec3f07,2025,professional_2,SUBJ-be5405f8-d905-514f-8b29-cc10f36c78ef,会计学原理,会计学原理,150,,笔试,SRC-HFNU-2025-ZC,"{""asset_id"":""ASSET-HFNU-2025-ZC-PDF"",""page"":11,""row_key"":""互联网金融"",""section"":""考试科目""}"
EXAM-655dfde7-0a49-5e1a-9cf6-f15d905c2517,PY-8d4db694-460f-585a-afa0-c07735ec3f07,2025,public_1,SUBJ-d88b6f0d-ab2d-511e-bbc2-2ff6a8d9b607,大学语文,大学语文,150,120,笔试,SRC-HFNU-2025-ZC,"{""asset_id"":""ASSET-HFNU-2025-ZC-PDF"",""page"":11,""row_key"":""互联网金融"",""section"":""考试科目""}"
EXAM-bd5571a2-1d28-5ffb-95f0-ea7e45e56319,PY-8d4db694-460f-585a-afa0-c07735ec3f07,2025,public_2,SUBJ-519af401-8795-53ed-8ca6-c732ca62949c,英语,英语,150,90,笔试,SRC-HFNU-2025-ZC,"{""asset_id"":""ASSET-HFNU-2025-ZC-PDF"",""page"":11,""row_key"":""互联网金融"",""section"":""考试科目""}"
EXAM-6d1765b4-38f5-5236-ac2f-9db814f0a208,PY-955dc40b-8141-5590-86cf-1af86a0004ff,2025,professional_1,SUBJ-225d4839-edc0-58f4-a894-f24182a6ca56,管理学原理,管理学原理,150,,笔试,SRC-HFNU-2025-ZC,"{""asset_id"":""ASSET-HFNU-2025-ZC-PDF"",""page"":11,""row_key"":""人力资源管理"",""section"":""考试科目""}"
EXAM-2fb24f9d-4ec3-5456-b5d3-a1d7e41ba563,PY-955dc40b-8141-5590-86cf-1af86a0004ff,2025,professional_2,SUBJ-be5405f8-d905-514f-8b29-cc10f36c78ef,会计学原理,会计学原理,150,,笔试,SRC-HFNU-2025-ZC,"{""asset_id"":""ASSET-HFNU-2025-ZC-PDF"",""page"":11,""row_key"":""人力资源管理"",""section"":""考试科目""}"
EXAM-51f9cccf-a093-581a-8b55-d81300edf20d,PY-955dc40b-8141-5590-86cf-1af86a0004ff,2025,public_1,SUBJ-d88b6f0d-ab2d-511e-bbc2-2ff6a8d9b607,大学语文,大学语文,150,120,笔试,SRC-HFNU-2025-ZC,"{""asset_id"":""ASSET-HFNU-2025-ZC-PDF"",""page"":11,""row_key"":""人力资源管理"",""section"":""考试科目""}"
EXAM-42e66230-9f8d-54ce-95d1-7c5a84785b90,PY-955dc40b-8141-5590-86cf-1af86a0004ff,2025,public_2,SUBJ-519af401-8795-53ed-8ca6-c732ca62949c,英语,英语,150,90,笔试,SRC-HFNU-2025-ZC,"{""asset_id"":""ASSET-HFNU-2025-ZC-PDF"",""page"":11,""row_key"":""人力资源管理"",""section"":""考试科目""}"
EXAM-8f709848-f47f-5387-9c59-f663b8bcd7b6,PY-4467374a-02cd-5f46-9d4b-72991146ebec,2025,professional_1,SUBJ-af265a9a-3576-5139-8e32-0df76de6f524,基础无机化学,基础无机化学,150,,笔试,SRC-HFNU-2025-ZC,"{""asset_id"":""ASSET-HFNU-2025-ZC-PDF"",""page"":11,""row_key"":""制药工程"",""section"":""考试科目""}"
EXAM-d3dcea55-5014-5bfe-bc33-48260eac5401,PY-4467374a-02cd-5f46-9d4b-72991146ebec,2025,professional_2,SUBJ-f064f3e9-8008-5e68-86f5-1e55c4ebf102,基础分析化学,基础分析化学,150,,笔试,SRC-HFNU-2025-ZC,"{""asset_id"":""ASSET-HFNU-2025-ZC-PDF"",""page"":11,""row_key"":""制药工程"",""section"":""考试科目""}"
EXAM-3db0f137-2459-559d-bd86-03164182b3a6,PY-4467374a-02cd-5f46-9d4b-72991146ebec,2025,public_1,SUBJ-c1afee7c-2c8b-5b96-8fd0-29904b52131b,高等数学,高等数学,150,120,笔试,SRC-HFNU-2025-ZC,"{""asset_id"":""ASSET-HFNU-2025-ZC-PDF"",""page"":11,""row_key"":""制药工程"",""section"":""考试科目""}"
EXAM-a5ae1e3c-cf0b-5e81-99c9-d6e5cc5dfa84,PY-4467374a-02cd-5f46-9d4b-72991146ebec,2025,public_2,SUBJ-519af401-8795-53ed-8ca6-c732ca62949c,英语,英语,150,90,笔试,SRC-HFNU-2025-ZC,"{""asset_id"":""ASSET-HFNU-2025-ZC-PDF"",""page"":11,""row_key"":""制药工程"",""section"":""考试科目""}"
EXAM-4d562fc0-0b0f-53f1-a6ae-dc0552bde373,PY-e900d1c0-2088-5eb2-83aa-8405a19a7a2a,2025,professional_1,SUBJ-88d1b877-d7e1-5b43-8383-45ccafde7590,人物速写,人物速写,150,,笔试,SRC-HFNU-2025-ZC,"{""asset_id"":""ASSET-HFNU-2025-ZC-PDF"",""page"":11,""row_key"":""动画"",""section"":""考试科目""}"
EXAM-4892036b-1293-5161-8ae9-59f4c63b1698,PY-e900d1c0-2088-5eb2-83aa-8405a19a7a2a,2025,professional_2,SUBJ-01918fe9-ba7a-5bb6-81c1-08ef3a02dec6,插画设计,插画设计,150,,笔试,SRC-HFNU-2025-ZC,"{""asset_id"":""ASSET-HFNU-2025-ZC-PDF"",""page"":11,""row_key"":""动画"",""section"":""考试科目""}"
EXAM-48feb8a1-6d06-5455-974b-a97413ff1144,PY-e900d1c0-2088-5eb2-83aa-8405a19a7a2a,2025,public_1,SUBJ-d88b6f0d-ab2d-511e-bbc2-2ff6a8d9b607,大学语文,大学语文,150,120,笔试,SRC-HFNU-2025-ZC,"{""asset_id"":""ASSET-HFNU-2025-ZC-PDF"",""page"":11,""row_key"":""动画"",""section"":""考试科目""}"
EXAM-321d77f5-3a21-577d-b96b-8cdf12c4cd8f,PY-e900d1c0-2088-5eb2-83aa-8405a19a7a2a,2025,public_2,SUBJ-519af401-8795-53ed-8ca6-c732ca62949c,英语,英语,150,90,笔试,SRC-HFNU-2025-ZC,"{""asset_id"":""ASSET-HFNU-2025-ZC-PDF"",""page"":11,""row_key"":""动画"",""section"":""考试科目""}"
EXAM-0ca28814-e8b9-5161-ab85-f5ffd7c65962,PY-ed1ef6fc-7ce4-50d1-ba14-9a1e1339c1ba,2025,professional_1,SUBJ-af265a9a-3576-5139-8e32-0df76de6f524,基础无机化学,基础无机化学,150,,笔试,SRC-HFNU-2025-ZC,"{""asset_id"":""ASSET-HFNU-2025-ZC-PDF"",""page"":11,""row_key"":""化学工程与工艺"",""section"":""考试科目""}"
EXAM-dcb6ce27-1a2f-51d9-ac6d-6ad9e30dfb1b,PY-ed1ef6fc-7ce4-50d1-ba14-9a1e1339c1ba,2025,professional_2,SUBJ-f064f3e9-8008-5e68-86f5-1e55c4ebf102,基础分析化学,基础分析化学,150,,笔试,SRC-HFNU-2025-ZC,"{""asset_id"":""ASSET-HFNU-2025-ZC-PDF"",""page"":11,""row_key"":""化学工程与工艺"",""section"":""考试科目""}"
EXAM-9db58857-c124-5722-92ed-e3a8b95dcaa9,PY-ed1ef6fc-7ce4-50d1-ba14-9a1e1339c1ba,2025,public_1,SUBJ-c1afee7c-2c8b-5b96-8fd0-29904b52131b,高等数学,高等数学,150,120,笔试,SRC-HFNU-2025-ZC,"{""asset_id"":""ASSET-HFNU-2025-ZC-PDF"",""page"":11,""row_key"":""化学工程与工艺"",""section"":""考试科目""}"
EXAM-994289f4-d7ba-5cce-836e-270c1ebc077f,PY-ed1ef6fc-7ce4-50d1-ba14-9a1e1339c1ba,2025,public_2,SUBJ-519af401-8795-53ed-8ca6-c732ca62949c,英语,英语,150,90,笔试,SRC-HFNU-2025-ZC,"{""asset_id"":""ASSET-HFNU-2025-ZC-PDF"",""page"":11,""row_key"":""化学工程与工艺"",""section"":""考试科目""}"
EXAM-ce020a06-6a7c-55dc-b246-c5a06eaa1526,PY-db7e9bd8-c8f9-53e8-82d9-50b849f6897b,2025,professional_1,SUBJ-75b484f9-a807-5e17-bbfd-039deebf492a,综合商务英语,综合商务英语,150,,笔试,SRC-HFNU-2025-ZC,"{""asset_id"":""ASSET-HFNU-2025-ZC-PDF"",""page"":11,""row_key"":""商务英语"",""section"":""考试科目""}"
EXAM-c9e26811-d16b-57fd-a489-f9a61075743c,PY-db7e9bd8-c8f9-53e8-82d9-50b849f6897b,2025,professional_2,SUBJ-f99652b4-233b-513d-bfb1-921b9a24c570,旅游与酒店管理,旅游与酒店管理,150,,笔试,SRC-HFNU-2025-ZC,"{""asset_id"":""ASSET-HFNU-2025-ZC-PDF"",""page"":11,""row_key"":""商务英语"",""section"":""考试科目""}"
EXAM-d0cdee00-3148-5e26-8986-d4e58ed69859,PY-db7e9bd8-c8f9-53e8-82d9-50b849f6897b,2025,public_1,SUBJ-d88b6f0d-ab2d-511e-bbc2-2ff6a8d9b607,大学语文,大学语文,150,120,笔试,SRC-HFNU-2025-ZC,"{""asset_id"":""ASSET-HFNU-2025-ZC-PDF"",""page"":11,""row_key"":""商务英语"",""section"":""考试科目""}"
EXAM-78f71748-053e-5588-8dbe-35ba5211a259,PY-db7e9bd8-c8f9-53e8-82d9-50b849f6897b,2025,public_2,SUBJ-519af401-8795-53ed-8ca6-c732ca62949c,英语,英语,150,90,笔试,SRC-HFNU-2025-ZC,"{""asset_id"":""ASSET-HFNU-2025-ZC-PDF"",""page"":11,""row_key"":""商务英语"",""section"":""考试科目""}"
EXAM-f536e683-0015-59dd-a935-507bce6fdf4f,PY-ecc9e3b1-60b6-5dc5-9ff3-533e80878b24,2025,professional_1,SUBJ-02b2bcf6-0a2f-557b-a16f-927e9b10fb56,教育学,教育学,150,,笔试,SRC-HFNU-2025-ZC,"{""asset_id"":""ASSET-HFNU-2025-ZC-PDF"",""page"":11,""row_key"":""学前教育"",""section"":""考试科目""}"
EXAM-2b398728-3012-5275-a874-01552e12bccf,PY-ecc9e3b1-60b6-5dc5-9ff3-533e80878b24,2025,professional_2,SUBJ-ce62e9a7-e2d2-5f09-b201-6cffb1f9685f,心理学,心理学,150,,笔试,SRC-HFNU-2025-ZC,"{""asset_id"":""ASSET-HFNU-2025-ZC-PDF"",""page"":11,""row_key"":""学前教育"",""section"":""考试科目""}"
EXAM-b80d9385-b523-5465-8400-046d84036356,PY-ecc9e3b1-60b6-5dc5-9ff3-533e80878b24,2025,public_1,SUBJ-d88b6f0d-ab2d-511e-bbc2-2ff6a8d9b607,大学语文,大学语文,150,120,笔试,SRC-HFNU-2025-ZC,"{""asset_id"":""ASSET-HFNU-2025-ZC-PDF"",""page"":11,""row_key"":""学前教育"",""section"":""考试科目""}"
EXAM-39b91c47-78e5-5dc6-804f-9717968570fe,PY-ecc9e3b1-60b6-5dc5-9ff3-533e80878b24,2025,public_2,SUBJ-519af401-8795-53ed-8ca6-c732ca62949c,英语,英语,150,90,笔试,SRC-HFNU-2025-ZC,"{""asset_id"":""ASSET-HFNU-2025-ZC-PDF"",""page"":11,""row_key"":""学前教育"",""section"":""考试科目""}"
EXAM-359e0594-1c8d-5159-944a-e5c5ed5b2a03,PY-3a39de0e-93d9-5376-9e84-d126745d67a9,2025,professional_1,SUBJ-02b2bcf6-0a2f-557b-a16f-927e9b10fb56,教育学,教育学,150,,笔试,SRC-HFNU-2025-ZC,"{""asset_id"":""ASSET-HFNU-2025-ZC-PDF"",""page"":11,""row_key"":""小学教育"",""section"":""考试科目""}"
EXAM-9e7f1a68-3de3-5259-b6e1-5a55a847fa26,PY-3a39de0e-93d9-5376-9e84-d126745d67a9,2025,professional_2,SUBJ-ce62e9a7-e2d2-5f09-b201-6cffb1f9685f,心理学,心理学,150,,笔试,SRC-HFNU-2025-ZC,"{""asset_id"":""ASSET-HFNU-2025-ZC-PDF"",""page"":11,""row_key"":""小学教育"",""section"":""考试科目""}"
EXAM-29c5981b-d5a2-5753-b037-974f8dfe3461,PY-3a39de0e-93d9-5376-9e84-d126745d67a9,2025,public_1,SUBJ-d88b6f0d-ab2d-511e-bbc2-2ff6a8d9b607,大学语文,大学语文,150,120,笔试,SRC-HFNU-2025-ZC,"{""asset_id"":""ASSET-HFNU-2025-ZC-PDF"",""page"":11,""row_key"":""小学教育"",""section"":""考试科目""}"
EXAM-60aa2761-bf3a-572f-80ed-4a47ec78357f,PY-3a39de0e-93d9-5376-9e84-d126745d67a9,2025,public_2,SUBJ-519af401-8795-53ed-8ca6-c732ca62949c,英语,英语,150,90,笔试,SRC-HFNU-2025-ZC,"{""asset_id"":""ASSET-HFNU-2025-ZC-PDF"",""page"":11,""row_key"":""小学教育"",""section"":""考试科目""}"
EXAM-136e590d-4663-545d-a270-42e813567582,PY-c9b1de1d-1ce8-57a1-8bee-7eb6708ea2d0,2025,professional_1,SUBJ-225d4839-edc0-58f4-a894-f24182a6ca56,管理学原理,管理学原理,150,,笔试,SRC-HFNU-2025-ZC,"{""asset_id"":""ASSET-HFNU-2025-ZC-PDF"",""page"":11,""row_key"":""市场营销"",""section"":""考试科目""}"
EXAM-33a459a7-1bd8-51d4-8824-1b2da93e7f2f,PY-c9b1de1d-1ce8-57a1-8bee-7eb6708ea2d0,2025,professional_2,SUBJ-be5405f8-d905-514f-8b29-cc10f36c78ef,会计学原理,会计学原理,150,,笔试,SRC-HFNU-2025-ZC,"{""asset_id"":""ASSET-HFNU-2025-ZC-PDF"",""page"":11,""row_key"":""市场营销"",""section"":""考试科目""}"
EXAM-3aaf366c-4ab0-5b3a-b01a-a8f31314358a,PY-c9b1de1d-1ce8-57a1-8bee-7eb6708ea2d0,2025,public_1,SUBJ-d88b6f0d-ab2d-511e-bbc2-2ff6a8d9b607,大学语文,大学语文,150,120,笔试,SRC-HFNU-2025-ZC,"{""asset_id"":""ASSET-HFNU-2025-ZC-PDF"",""page"":11,""row_key"":""市场营销"",""section"":""考试科目""}"
EXAM-19768486-39a6-559a-8604-987e071f8542,PY-c9b1de1d-1ce8-57a1-8bee-7eb6708ea2d0,2025,public_2,SUBJ-519af401-8795-53ed-8ca6-c732ca62949c,英语,英语,150,90,笔试,SRC-HFNU-2025-ZC,"{""asset_id"":""ASSET-HFNU-2025-ZC-PDF"",""page"":11,""row_key"":""市场营销"",""section"":""考试科目""}"
EXAM-45fcc299-b3bd-58fe-92b7-28d2b60debc6,PY-6e7077e9-1f2b-5395-a3da-163433fa29e8,2025,professional_1,SUBJ-1187ecff-f02c-5290-8d46-b7a9749ff165,C语言程序设计,C语言程序设计,150,,笔试,SRC-HFNU-2025-ZC,"{""asset_id"":""ASSET-HFNU-2025-ZC-PDF"",""page"":11,""row_key"":""数据科学与大数据技术"",""section"":""考试科目""}"
EXAM-c1c46968-bf24-51be-a795-30dd6e42bd42,PY-6e7077e9-1f2b-5395-a3da-163433fa29e8,2025,professional_2,SUBJ-ee125cd5-c186-5634-a89b-cfb306ee74c3,数据结构,数据结构,150,,笔试,SRC-HFNU-2025-ZC,"{""asset_id"":""ASSET-HFNU-2025-ZC-PDF"",""page"":11,""row_key"":""数据科学与大数据技术"",""section"":""考试科目""}"
EXAM-eb7eee5f-76a8-5d95-89e9-e2df764c270b,PY-6e7077e9-1f2b-5395-a3da-163433fa29e8,2025,public_1,SUBJ-c1afee7c-2c8b-5b96-8fd0-29904b52131b,高等数学,高等数学,150,120,笔试,SRC-HFNU-2025-ZC,"{""asset_id"":""ASSET-HFNU-2025-ZC-PDF"",""page"":11,""row_key"":""数据科学与大数据技术"",""section"":""考试科目""}"
EXAM-3a0fc4d0-96fe-5c67-b354-627828c47680,PY-6e7077e9-1f2b-5395-a3da-163433fa29e8,2025,public_2,SUBJ-519af401-8795-53ed-8ca6-c732ca62949c,英语,英语,150,90,笔试,SRC-HFNU-2025-ZC,"{""asset_id"":""ASSET-HFNU-2025-ZC-PDF"",""page"":11,""row_key"":""数据科学与大数据技术"",""section"":""考试科目""}"
EXAM-30665f82-29c6-5f41-9307-a7bfe5e76952,PY-7a968034-5eeb-5042-aef7-056e0711e7e5,2025,professional_1,SUBJ-dedd1bdc-f56a-52b9-8be2-d3449d5338a1,无机化学,无机化学,150,,笔试,SRC-HFNU-2025-ZC,"{""asset_id"":""ASSET-HFNU-2025-ZC-PDF"",""page"":11,""row_key"":""新能源材料与器件"",""section"":""考试科目""}"
EXAM-cb44a910-2dc1-5c20-9377-84e1e92b1675,PY-7a968034-5eeb-5042-aef7-056e0711e7e5,2025,professional_2,SUBJ-4c8d96e4-aca9-5a2b-9627-a8413f8122de,大学物理,大学物理,150,,笔试,SRC-HFNU-2025-ZC,"{""asset_id"":""ASSET-HFNU-2025-ZC-PDF"",""page"":11,""row_key"":""新能源材料与器件"",""section"":""考试科目""}"
EXAM-e710b46e-07ac-59d1-b69c-bcfe962668a1,PY-7a968034-5eeb-5042-aef7-056e0711e7e5,2025,public_1,SUBJ-c1afee7c-2c8b-5b96-8fd0-29904b52131b,高等数学,高等数学,150,120,笔试,SRC-HFNU-2025-ZC,"{""asset_id"":""ASSET-HFNU-2025-ZC-PDF"",""page"":11,""row_key"":""新能源材料与器件"",""section"":""考试科目""}"
EXAM-b93ed1b8-4f79-5f48-8a20-a83dab58f429,PY-7a968034-5eeb-5042-aef7-056e0711e7e5,2025,public_2,SUBJ-519af401-8795-53ed-8ca6-c732ca62949c,英语,英语,150,90,笔试,SRC-HFNU-2025-ZC,"{""asset_id"":""ASSET-HFNU-2025-ZC-PDF"",""page"":11,""row_key"":""新能源材料与器件"",""section"":""考试科目""}"
EXAM-d263ee06-8791-59fc-a94c-19ee6ae7d918,PY-fd171dae-68a8-5ede-ac54-96b4ca9d7bbd,2025,professional_1,SUBJ-88d1b877-d7e1-5b43-8383-45ccafde7590,人物速写,人物速写,150,,笔试,SRC-HFNU-2025-ZC,"{""asset_id"":""ASSET-HFNU-2025-ZC-PDF"",""page"":11,""row_key"":""服装与服饰设计"",""section"":""考试科目""}"
EXAM-af00498a-cc17-58ee-b0b0-17da0c28dac6,PY-fd171dae-68a8-5ede-ac54-96b4ca9d7bbd,2025,professional_2,SUBJ-01918fe9-ba7a-5bb6-81c1-08ef3a02dec6,插画设计,插画设计,150,,笔试,SRC-HFNU-2025-ZC,"{""asset_id"":""ASSET-HFNU-2025-ZC-PDF"",""page"":11,""row_key"":""服装与服饰设计"",""section"":""考试科目""}"
EXAM-1a46e7a7-71e3-5bdb-b170-42f2066bb85a,PY-fd171dae-68a8-5ede-ac54-96b4ca9d7bbd,2025,public_1,SUBJ-d88b6f0d-ab2d-511e-bbc2-2ff6a8d9b607,大学语文,大学语文,150,120,笔试,SRC-HFNU-2025-ZC,"{""asset_id"":""ASSET-HFNU-2025-ZC-PDF"",""page"":11,""row_key"":""服装与服饰设计"",""section"":""考试科目""}"
EXAM-97bafcc7-ee5c-52b1-8562-7702acf3910a,PY-fd171dae-68a8-5ede-ac54-96b4ca9d7bbd,2025,public_2,SUBJ-519af401-8795-53ed-8ca6-c732ca62949c,英语,英语,150,90,笔试,SRC-HFNU-2025-ZC,"{""asset_id"":""ASSET-HFNU-2025-ZC-PDF"",""page"":11,""row_key"":""服装与服饰设计"",""section"":""考试科目""}"
EXAM-2014723d-ef00-5506-97ad-9c1e0a9043a8,PY-b1bb3b4d-f0ad-5ca6-b6da-6c1f7b1ba18d,2025,professional_1,SUBJ-1c3ae097-7035-5332-8158-78a17463b465,建筑速写,建筑速写,150,,笔试,SRC-HFNU-2025-ZC,"{""asset_id"":""ASSET-HFNU-2025-ZC-PDF"",""page"":11,""row_key"":""环境设计"",""section"":""考试科目""}"
EXAM-91a8b04c-b39b-5f2c-b404-0df524102dad,PY-b1bb3b4d-f0ad-5ca6-b6da-6c1f7b1ba18d,2025,professional_2,SUBJ-79f29a13-1d52-50f7-b94f-a4a47fddc19b,室内设计表现,室内设计表现,150,,笔试,SRC-HFNU-2025-ZC,"{""asset_id"":""ASSET-HFNU-2025-ZC-PDF"",""page"":11,""row_key"":""环境设计"",""section"":""考试科目""}"
EXAM-d9f80f90-828b-516f-9f3b-5487b595d696,PY-b1bb3b4d-f0ad-5ca6-b6da-6c1f7b1ba18d,2025,public_1,SUBJ-d88b6f0d-ab2d-511e-bbc2-2ff6a8d9b607,大学语文,大学语文,150,120,笔试,SRC-HFNU-2025-ZC,"{""asset_id"":""ASSET-HFNU-2025-ZC-PDF"",""page"":11,""row_key"":""环境设计"",""section"":""考试科目""}"
EXAM-29cc70da-b892-5e5b-8f64-7326edc3d3ca,PY-b1bb3b4d-f0ad-5ca6-b6da-6c1f7b1ba18d,2025,public_2,SUBJ-519af401-8795-53ed-8ca6-c732ca62949c,英语,英语,150,90,笔试,SRC-HFNU-2025-ZC,"{""asset_id"":""ASSET-HFNU-2025-ZC-PDF"",""page"":11,""row_key"":""环境设计"",""section"":""考试科目""}"
EXAM-3ab4526b-1674-539a-a7b5-8525373a6828,PY-b7c7f69a-06d9-5e7c-a417-8fd3b0b85b36,2025,professional_1,SUBJ-512487a4-1606-5a3e-bbb4-aaa0090673b5,生物化学,生物化学,150,,笔试,SRC-HFNU-2025-ZC,"{""asset_id"":""ASSET-HFNU-2025-ZC-PDF"",""page"":11,""row_key"":""生物制药"",""section"":""考试科目""}"
EXAM-ee8ad1c5-4733-53a5-80b1-1a0b75e78383,PY-b7c7f69a-06d9-5e7c-a417-8fd3b0b85b36,2025,professional_2,SUBJ-e954d6b6-e336-5243-997a-401c8e1fec54,微生物学,微生物学,150,,笔试,SRC-HFNU-2025-ZC,"{""asset_id"":""ASSET-HFNU-2025-ZC-PDF"",""page"":11,""row_key"":""生物制药"",""section"":""考试科目""}"
EXAM-2e7217f6-996d-5906-b291-62d88bfda2cf,PY-b7c7f69a-06d9-5e7c-a417-8fd3b0b85b36,2025,public_1,SUBJ-c1afee7c-2c8b-5b96-8fd0-29904b52131b,高等数学,高等数学,150,120,笔试,SRC-HFNU-2025-ZC,"{""asset_id"":""ASSET-HFNU-2025-ZC-PDF"",""page"":11,""row_key"":""生物制药"",""section"":""考试科目""}"
EXAM-e4771b6f-464d-5bea-a30b-b6fca70fd5f9,PY-b7c7f69a-06d9-5e7c-a417-8fd3b0b85b36,2025,public_2,SUBJ-519af401-8795-53ed-8ca6-c732ca62949c,英语,英语,150,90,笔试,SRC-HFNU-2025-ZC,"{""asset_id"":""ASSET-HFNU-2025-ZC-PDF"",""page"":11,""row_key"":""生物制药"",""section"":""考试科目""}"
EXAM-d0603bdd-c209-5369-9131-c15abeda3185,PY-8f722ade-092f-590b-8634-064fa7db4652,2025,professional_1,SUBJ-17c29bcb-031b-5886-9ae6-dbda71e015ef,电路分析基础,电路分析基础,150,,笔试,SRC-HFNU-2025-ZC,"{""asset_id"":""ASSET-HFNU-2025-ZC-PDF"",""page"":11,""row_key"":""电子信息工程"",""section"":""考试科目""}"
EXAM-377b54fb-4847-5257-ab7a-a78e98595828,PY-8f722ade-092f-590b-8634-064fa7db4652,2025,professional_2,SUBJ-0210da2c-c125-5f19-9416-37fce69429c7,数字电子技术基础,数字电子技术基础,150,,笔试,SRC-HFNU-2025-ZC,"{""asset_id"":""ASSET-HFNU-2025-ZC-PDF"",""page"":11,""row_key"":""电子信息工程"",""section"":""考试科目""}"
EXAM-9ac0d924-071c-536e-b455-0d825504e13e,PY-8f722ade-092f-590b-8634-064fa7db4652,2025,public_1,SUBJ-c1afee7c-2c8b-5b96-8fd0-29904b52131b,高等数学,高等数学,150,120,笔试,SRC-HFNU-2025-ZC,"{""asset_id"":""ASSET-HFNU-2025-ZC-PDF"",""page"":11,""row_key"":""电子信息工程"",""section"":""考试科目""}"
EXAM-c37ea6ee-9a6e-5349-8bcd-e7b7be017570,PY-8f722ade-092f-590b-8634-064fa7db4652,2025,public_2,SUBJ-519af401-8795-53ed-8ca6-c732ca62949c,英语,英语,150,90,笔试,SRC-HFNU-2025-ZC,"{""asset_id"":""ASSET-HFNU-2025-ZC-PDF"",""page"":11,""row_key"":""电子信息工程"",""section"":""考试科目""}"
EXAM-9b50ac73-2178-56b9-b147-d563e17b78f0,PY-691b9e36-b4db-5629-a017-fb962d553e16,2025,professional_1,SUBJ-17c29bcb-031b-5886-9ae6-dbda71e015ef,电路分析基础,电路分析基础,150,,笔试,SRC-HFNU-2025-ZC,"{""asset_id"":""ASSET-HFNU-2025-ZC-PDF"",""page"":11,""row_key"":""电气工程及其自动化"",""section"":""考试科目""}"
EXAM-29d38a55-ac4c-5eb1-aba5-142138a3ae67,PY-691b9e36-b4db-5629-a017-fb962d553e16,2025,professional_2,SUBJ-0210da2c-c125-5f19-9416-37fce69429c7,数字电子技术基础,数字电子技术基础,150,,笔试,SRC-HFNU-2025-ZC,"{""asset_id"":""ASSET-HFNU-2025-ZC-PDF"",""page"":11,""row_key"":""电气工程及其自动化"",""section"":""考试科目""}"
EXAM-ff519d20-b4b4-59eb-9738-d076969eee87,PY-691b9e36-b4db-5629-a017-fb962d553e16,2025,public_1,SUBJ-c1afee7c-2c8b-5b96-8fd0-29904b52131b,高等数学,高等数学,150,120,笔试,SRC-HFNU-2025-ZC,"{""asset_id"":""ASSET-HFNU-2025-ZC-PDF"",""page"":11,""row_key"":""电气工程及其自动化"",""section"":""考试科目""}"
EXAM-14a23b61-6406-5f74-9352-89fbfe7e1cf5,PY-691b9e36-b4db-5629-a017-fb962d553e16,2025,public_2,SUBJ-519af401-8795-53ed-8ca6-c732ca62949c,英语,英语,150,90,笔试,SRC-HFNU-2025-ZC,"{""asset_id"":""ASSET-HFNU-2025-ZC-PDF"",""page"":11,""row_key"":""电气工程及其自动化"",""section"":""考试科目""}"
EXAM-36ddf429-d89e-5a5a-8b72-f507c7c6c2a0,PY-9588e29a-fc4b-56f5-afc2-96068ab69be2,2025,professional_1,SUBJ-64f42f8f-5b59-5019-bd92-5772473a7077,统计学,统计学,150,,笔试,SRC-HFNU-2025-ZC,"{""asset_id"":""ASSET-HFNU-2025-ZC-PDF"",""page"":11,""row_key"":""经济统计学"",""section"":""考试科目""}"
EXAM-d3dba9ec-b2e3-5c1a-9f04-f85a6bca91b2,PY-9588e29a-fc4b-56f5-afc2-96068ab69be2,2025,professional_2,SUBJ-7c29394f-52b0-5931-b0b3-625d7861212e,微观经济学,微观经济学,150,,笔试,SRC-HFNU-2025-ZC,"{""asset_id"":""ASSET-HFNU-2025-ZC-PDF"",""page"":11,""row_key"":""经济统计学"",""section"":""考试科目""}"
EXAM-18b799ba-8ec0-5f91-a77f-0c8c9701d647,PY-9588e29a-fc4b-56f5-afc2-96068ab69be2,2025,public_1,SUBJ-c1afee7c-2c8b-5b96-8fd0-29904b52131b,高等数学,高等数学,150,120,笔试,SRC-HFNU-2025-ZC,"{""asset_id"":""ASSET-HFNU-2025-ZC-PDF"",""page"":11,""row_key"":""经济统计学"",""section"":""考试科目""}"
EXAM-b76bd8a9-01e2-56eb-8e35-2e4f0219ac6d,PY-9588e29a-fc4b-56f5-afc2-96068ab69be2,2025,public_2,SUBJ-519af401-8795-53ed-8ca6-c732ca62949c,英语,英语,150,90,笔试,SRC-HFNU-2025-ZC,"{""asset_id"":""ASSET-HFNU-2025-ZC-PDF"",""page"":11,""row_key"":""经济统计学"",""section"":""考试科目""}"
EXAM-de08acaf-cfea-55fa-9aa7-99889f47018e,PY-125c9ba1-90b1-5498-90cf-45e18962351f,2025,professional_1,SUBJ-e352e919-c275-52bb-b3f8-63af79d9e8aa,传播学概论,传播学概论,150,,笔试,SRC-HFNU-2025-ZC,"{""asset_id"":""ASSET-HFNU-2025-ZC-PDF"",""page"":11,""row_key"":""网络与新媒体"",""section"":""考试科目""}"
EXAM-b4442965-e30b-5d5b-b951-c54258010494,PY-125c9ba1-90b1-5498-90cf-45e18962351f,2025,professional_2,SUBJ-8e5385a1-a7b4-505d-bf4c-ae5ee1a19c1e,新闻学概论,新闻学概论,150,,笔试,SRC-HFNU-2025-ZC,"{""asset_id"":""ASSET-HFNU-2025-ZC-PDF"",""page"":11,""row_key"":""网络与新媒体"",""section"":""考试科目""}"
EXAM-9a4b43a8-b1c3-5d59-b1cb-8fcdbddb6c1a,PY-125c9ba1-90b1-5498-90cf-45e18962351f,2025,public_1,SUBJ-d88b6f0d-ab2d-511e-bbc2-2ff6a8d9b607,大学语文,大学语文,150,120,笔试,SRC-HFNU-2025-ZC,"{""asset_id"":""ASSET-HFNU-2025-ZC-PDF"",""page"":11,""row_key"":""网络与新媒体"",""section"":""考试科目""}"
EXAM-60babc6f-4b64-5499-9ee7-1162d6230a5c,PY-125c9ba1-90b1-5498-90cf-45e18962351f,2025,public_2,SUBJ-519af401-8795-53ed-8ca6-c732ca62949c,英语,英语,150,90,笔试,SRC-HFNU-2025-ZC,"{""asset_id"":""ASSET-HFNU-2025-ZC-PDF"",""page"":11,""row_key"":""网络与新媒体"",""section"":""考试科目""}"
EXAM-469097cf-94c2-52fe-905a-af9ab1661212,PY-33849257-2af7-5485-b9bd-d58f65dccd4f,2025,professional_1,SUBJ-1187ecff-f02c-5290-8d46-b7a9749ff165,C语言程序设计,C语言程序设计,150,,笔试,SRC-HFNU-2025-ZC,"{""asset_id"":""ASSET-HFNU-2025-ZC-PDF"",""page"":11,""row_key"":""网络工程"",""section"":""考试科目""}"
EXAM-2d6c37bf-7d71-5373-9714-aae5f156d73a,PY-33849257-2af7-5485-b9bd-d58f65dccd4f,2025,professional_2,SUBJ-ee125cd5-c186-5634-a89b-cfb306ee74c3,数据结构,数据结构,150,,笔试,SRC-HFNU-2025-ZC,"{""asset_id"":""ASSET-HFNU-2025-ZC-PDF"",""page"":11,""row_key"":""网络工程"",""section"":""考试科目""}"
EXAM-c88eae71-ba21-554a-b463-a91ef865364c,PY-33849257-2af7-5485-b9bd-d58f65dccd4f,2025,public_1,SUBJ-c1afee7c-2c8b-5b96-8fd0-29904b52131b,高等数学,高等数学,150,120,笔试,SRC-HFNU-2025-ZC,"{""asset_id"":""ASSET-HFNU-2025-ZC-PDF"",""page"":11,""row_key"":""网络工程"",""section"":""考试科目""}"
EXAM-4b812afd-f10e-5a74-88c5-ee7b440a5f3c,PY-33849257-2af7-5485-b9bd-d58f65dccd4f,2025,public_2,SUBJ-519af401-8795-53ed-8ca6-c732ca62949c,英语,英语,150,90,笔试,SRC-HFNU-2025-ZC,"{""asset_id"":""ASSET-HFNU-2025-ZC-PDF"",""page"":11,""row_key"":""网络工程"",""section"":""考试科目""}"
EXAM-4a19bf47-0e90-51bc-8d6a-ba97060096ef,PY-d4434b6a-3713-5285-ab53-08fe1ef5f251,2025,professional_1,SUBJ-af265a9a-3576-5139-8e32-0df76de6f524,基础无机化学,基础无机化学,150,,笔试,SRC-HFNU-2025-ZC,"{""asset_id"":""ASSET-HFNU-2025-ZC-PDF"",""page"":11,""row_key"":""药物制剂"",""section"":""考试科目""}"
EXAM-e5b0da23-dbdf-58cd-a344-cd2c50e30fc4,PY-d4434b6a-3713-5285-ab53-08fe1ef5f251,2025,professional_2,SUBJ-f064f3e9-8008-5e68-86f5-1e55c4ebf102,基础分析化学,基础分析化学,150,,笔试,SRC-HFNU-2025-ZC,"{""asset_id"":""ASSET-HFNU-2025-ZC-PDF"",""page"":11,""row_key"":""药物制剂"",""section"":""考试科目""}"
EXAM-0e95af19-a6d3-5882-a3f4-224a6f53c7ae,PY-d4434b6a-3713-5285-ab53-08fe1ef5f251,2025,public_1,SUBJ-c1afee7c-2c8b-5b96-8fd0-29904b52131b,高等数学,高等数学,150,120,笔试,SRC-HFNU-2025-ZC,"{""asset_id"":""ASSET-HFNU-2025-ZC-PDF"",""page"":11,""row_key"":""药物制剂"",""section"":""考试科目""}"
EXAM-cb25a6dd-e34c-5d07-9e36-fb19334ed7a4,PY-d4434b6a-3713-5285-ab53-08fe1ef5f251,2025,public_2,SUBJ-519af401-8795-53ed-8ca6-c732ca62949c,英语,英语,150,90,笔试,SRC-HFNU-2025-ZC,"{""asset_id"":""ASSET-HFNU-2025-ZC-PDF"",""page"":11,""row_key"":""药物制剂"",""section"":""考试科目""}"
EXAM-055ac6bb-e342-5a2f-aba1-bed9fa98203e,PY-c28929a5-00a7-5b2b-bacd-584ff8b5ef83,2025,professional_1,SUBJ-88d1b877-d7e1-5b43-8383-45ccafde7590,人物速写,人物速写,150,,笔试,SRC-HFNU-2025-ZC,"{""asset_id"":""ASSET-HFNU-2025-ZC-PDF"",""page"":11,""row_key"":""视觉传达设计"",""section"":""考试科目""}"
EXAM-b6669fa0-c94c-5c7a-879d-8cce994d60c3,PY-c28929a5-00a7-5b2b-bacd-584ff8b5ef83,2025,professional_2,SUBJ-01918fe9-ba7a-5bb6-81c1-08ef3a02dec6,插画设计,插画设计,150,,笔试,SRC-HFNU-2025-ZC,"{""asset_id"":""ASSET-HFNU-2025-ZC-PDF"",""page"":11,""row_key"":""视觉传达设计"",""section"":""考试科目""}"
EXAM-d0e4ce43-6114-501a-858e-49db8de7cb02,PY-c28929a5-00a7-5b2b-bacd-584ff8b5ef83,2025,public_1,SUBJ-d88b6f0d-ab2d-511e-bbc2-2ff6a8d9b607,大学语文,大学语文,150,120,笔试,SRC-HFNU-2025-ZC,"{""asset_id"":""ASSET-HFNU-2025-ZC-PDF"",""page"":11,""row_key"":""视觉传达设计"",""section"":""考试科目""}"
EXAM-1159b64c-85cc-5ccc-aef4-0f415157e61d,PY-c28929a5-00a7-5b2b-bacd-584ff8b5ef83,2025,public_2,SUBJ-519af401-8795-53ed-8ca6-c732ca62949c,英语,英语,150,90,笔试,SRC-HFNU-2025-ZC,"{""asset_id"":""ASSET-HFNU-2025-ZC-PDF"",""page"":11,""row_key"":""视觉传达设计"",""section"":""考试科目""}"
EXAM-f4989e7f-3779-5b1a-8a28-2893440f3436,PY-1fc46668-1f5f-5414-8051-6683797aa8c9,2025,professional_1,SUBJ-1187ecff-f02c-5290-8d46-b7a9749ff165,C语言程序设计,C语言程序设计,150,,笔试,SRC-HFNU-2025-ZC,"{""asset_id"":""ASSET-HFNU-2025-ZC-PDF"",""page"":11,""row_key"":""计算机科学与技术"",""section"":""考试科目""}"
EXAM-6eb25eeb-3cd3-5a8c-8393-bd2a18166f53,PY-1fc46668-1f5f-5414-8051-6683797aa8c9,2025,professional_2,SUBJ-ee125cd5-c186-5634-a89b-cfb306ee74c3,数据结构,数据结构,150,,笔试,SRC-HFNU-2025-ZC,"{""asset_id"":""ASSET-HFNU-2025-ZC-PDF"",""page"":11,""row_key"":""计算机科学与技术"",""section"":""考试科目""}"
EXAM-89c3ca93-b2a0-579a-a844-3bc5666b0812,PY-1fc46668-1f5f-5414-8051-6683797aa8c9,2025,public_1,SUBJ-c1afee7c-2c8b-5b96-8fd0-29904b52131b,高等数学,高等数学,150,120,笔试,SRC-HFNU-2025-ZC,"{""asset_id"":""ASSET-HFNU-2025-ZC-PDF"",""page"":11,""row_key"":""计算机科学与技术"",""section"":""考试科目""}"
EXAM-70f5104a-06f5-5151-92d4-37844c3da28d,PY-1fc46668-1f5f-5414-8051-6683797aa8c9,2025,public_2,SUBJ-519af401-8795-53ed-8ca6-c732ca62949c,英语,英语,150,90,笔试,SRC-HFNU-2025-ZC,"{""asset_id"":""ASSET-HFNU-2025-ZC-PDF"",""page"":11,""row_key"":""计算机科学与技术"",""section"":""考试科目""}"
EXAM-2532689f-1616-5079-9ca0-473c9794fbed,PY-f0469fae-303d-5f32-810f-4fc2c047798a,2025,professional_1,SUBJ-225d4839-edc0-58f4-a894-f24182a6ca56,管理学原理,管理学原理,150,,笔试,SRC-HFNU-2025-ZC,"{""asset_id"":""ASSET-HFNU-2025-ZC-PDF"",""page"":11,""row_key"":""财务管理"",""section"":""考试科目""}"
EXAM-ac0238e4-e58c-5153-992b-c23211ad62e7,PY-f0469fae-303d-5f32-810f-4fc2c047798a,2025,professional_2,SUBJ-be5405f8-d905-514f-8b29-cc10f36c78ef,会计学原理,会计学原理,150,,笔试,SRC-HFNU-2025-ZC,"{""asset_id"":""ASSET-HFNU-2025-ZC-PDF"",""page"":11,""row_key"":""财务管理"",""section"":""考试科目""}"
EXAM-01f99914-f892-59d0-95ee-f3cbd2a11bd4,PY-f0469fae-303d-5f32-810f-4fc2c047798a,2025,public_1,SUBJ-d88b6f0d-ab2d-511e-bbc2-2ff6a8d9b607,大学语文,大学语文,150,120,笔试,SRC-HFNU-2025-ZC,"{""asset_id"":""ASSET-HFNU-2025-ZC-PDF"",""page"":11,""row_key"":""财务管理"",""section"":""考试科目""}"
EXAM-ac08548b-e30b-547e-b113-6fc94068ddbc,PY-f0469fae-303d-5f32-810f-4fc2c047798a,2025,public_2,SUBJ-519af401-8795-53ed-8ca6-c732ca62949c,英语,英语,150,90,笔试,SRC-HFNU-2025-ZC,"{""asset_id"":""ASSET-HFNU-2025-ZC-PDF"",""page"":11,""row_key"":""财务管理"",""section"":""考试科目""}"
EXAM-126710f7-355d-5181-96be-7843f848c404,PY-74a22726-dc05-5e0a-9bb4-28bd097e2929,2025,professional_1,SUBJ-1187ecff-f02c-5290-8d46-b7a9749ff165,C语言程序设计,C语言程序设计,150,,笔试,SRC-HFNU-2025-ZC,"{""asset_id"":""ASSET-HFNU-2025-ZC-PDF"",""page"":11,""row_key"":""软件工程"",""section"":""考试科目""}"
EXAM-9b45f7a7-ba76-56a1-95e8-e2fbb488ec4f,PY-74a22726-dc05-5e0a-9bb4-28bd097e2929,2025,professional_2,SUBJ-ee125cd5-c186-5634-a89b-cfb306ee74c3,数据结构,数据结构,150,,笔试,SRC-HFNU-2025-ZC,"{""asset_id"":""ASSET-HFNU-2025-ZC-PDF"",""page"":11,""row_key"":""软件工程"",""section"":""考试科目""}"
EXAM-a556f135-7aca-5de2-91ac-d78a9940156d,PY-74a22726-dc05-5e0a-9bb4-28bd097e2929,2025,public_1,SUBJ-c1afee7c-2c8b-5b96-8fd0-29904b52131b,高等数学,高等数学,150,120,笔试,SRC-HFNU-2025-ZC,"{""asset_id"":""ASSET-HFNU-2025-ZC-PDF"",""page"":11,""row_key"":""软件工程"",""section"":""考试科目""}"
EXAM-3f1f6e03-d005-55ea-8d1f-e9d35f2caf75,PY-74a22726-dc05-5e0a-9bb4-28bd097e2929,2025,public_2,SUBJ-519af401-8795-53ed-8ca6-c732ca62949c,英语,英语,150,90,笔试,SRC-HFNU-2025-ZC,"{""asset_id"":""ASSET-HFNU-2025-ZC-PDF"",""page"":11,""row_key"":""软件工程"",""section"":""考试科目""}"
EXAM-e7d76b92-e183-5aaf-aa25-2709ccdc9b93,PY-0bb78dd6-a3a6-51e2-8fd2-2b066b79e9a9,2025,professional_1,SUBJ-26a1c76a-73cb-50b2-a6ad-138251b69ad9,运动解剖生理学,运动解剖生理学,150,,笔试,SRC-HFNU-2025-ZC,"{""asset_id"":""ASSET-HFNU-2025-ZC-PDF"",""page"":11,""row_key"":""运动康复"",""section"":""考试科目""}"
EXAM-7cba65a8-001f-5ae3-abca-711d3a285dc0,PY-0bb78dd6-a3a6-51e2-8fd2-2b066b79e9a9,2025,professional_2,SUBJ-c1677517-0a7c-54f6-98e2-02b71ae0359b,康复功能评定学,康复功能评定学,150,,笔试,SRC-HFNU-2025-ZC,"{""asset_id"":""ASSET-HFNU-2025-ZC-PDF"",""page"":11,""row_key"":""运动康复"",""section"":""考试科目""}"
EXAM-8b3e16ba-e6b1-508b-a198-24ff5d4ef569,PY-0bb78dd6-a3a6-51e2-8fd2-2b066b79e9a9,2025,public_1,SUBJ-d88b6f0d-ab2d-511e-bbc2-2ff6a8d9b607,大学语文,大学语文,150,120,笔试,SRC-HFNU-2025-ZC,"{""asset_id"":""ASSET-HFNU-2025-ZC-PDF"",""page"":11,""row_key"":""运动康复"",""section"":""考试科目""}"
EXAM-e108d98e-0949-549f-b5a4-77f7d6e09082,PY-0bb78dd6-a3a6-51e2-8fd2-2b066b79e9a9,2025,public_2,SUBJ-519af401-8795-53ed-8ca6-c732ca62949c,英语,英语,150,90,笔试,SRC-HFNU-2025-ZC,"{""asset_id"":""ASSET-HFNU-2025-ZC-PDF"",""page"":11,""row_key"":""运动康复"",""section"":""考试科目""}"
EXAM-131512d0-b0e3-50d4-ae90-6f9895467b43,PY-7c2fe360-dbc0-50a0-83e7-8c346215e406,2025,professional_1,SUBJ-17c29bcb-031b-5886-9ae6-dbda71e015ef,电路分析基础,电路分析基础,150,,笔试,SRC-HFNU-2025-ZC,"{""asset_id"":""ASSET-HFNU-2025-ZC-PDF"",""page"":11,""row_key"":""通信工程"",""section"":""考试科目""}"
EXAM-e96709f4-6945-5c5b-b359-002c6190d279,PY-7c2fe360-dbc0-50a0-83e7-8c346215e406,2025,professional_2,SUBJ-0210da2c-c125-5f19-9416-37fce69429c7,数字电子技术基础,数字电子技术基础,150,,笔试,SRC-HFNU-2025-ZC,"{""asset_id"":""ASSET-HFNU-2025-ZC-PDF"",""page"":11,""row_key"":""通信工程"",""section"":""考试科目""}"
EXAM-1ba6c00f-a152-5beb-9658-0f78296f0970,PY-7c2fe360-dbc0-50a0-83e7-8c346215e406,2025,public_1,SUBJ-c1afee7c-2c8b-5b96-8fd0-29904b52131b,高等数学,高等数学,150,120,笔试,SRC-HFNU-2025-ZC,"{""asset_id"":""ASSET-HFNU-2025-ZC-PDF"",""page"":11,""row_key"":""通信工程"",""section"":""考试科目""}"
EXAM-b1b76d88-4b74-557e-bbf3-c1c3c3412fe4,PY-7c2fe360-dbc0-50a0-83e7-8c346215e406,2025,public_2,SUBJ-519af401-8795-53ed-8ca6-c732ca62949c,英语,英语,150,90,笔试,SRC-HFNU-2025-ZC,"{""asset_id"":""ASSET-HFNU-2025-ZC-PDF"",""page"":11,""row_key"":""通信工程"",""section"":""考试科目""}"
EXAM-04bffa88-e5c0-5283-b897-ff2ea4103089,PY-7baeb8ae-145f-5e01-998b-b44752508c28,2025,professional_1,SUBJ-65f907f9-5dad-55b8-8388-0a8afb34bcfa,和声,和声,150,,笔试,SRC-HFNU-2025-ZC,"{""asset_id"":""ASSET-HFNU-2025-ZC-PDF"",""page"":11,""row_key"":""音乐学"",""section"":""考试科目""}"
EXAM-237f1876-8626-502a-bbc1-1ee58869ed3c,PY-7baeb8ae-145f-5e01-998b-b44752508c28,2025,professional_2,SUBJ-024394d2-caed-5aa8-8645-aa8357db25b1,中国音乐史,中国音乐史,150,,笔试,SRC-HFNU-2025-ZC,"{""asset_id"":""ASSET-HFNU-2025-ZC-PDF"",""page"":11,""row_key"":""音乐学"",""section"":""考试科目""}"
EXAM-b180b706-7629-5c5c-9d6b-8ae0c37426c5,PY-7baeb8ae-145f-5e01-998b-b44752508c28,2025,public_1,SUBJ-d88b6f0d-ab2d-511e-bbc2-2ff6a8d9b607,大学语文,大学语文,150,120,笔试,SRC-HFNU-2025-ZC,"{""asset_id"":""ASSET-HFNU-2025-ZC-PDF"",""page"":11,""row_key"":""音乐学"",""section"":""考试科目""}"
EXAM-8131b098-aa8c-5977-abce-a80298dd1914,PY-7baeb8ae-145f-5e01-998b-b44752508c28,2025,public_2,SUBJ-519af401-8795-53ed-8ca6-c732ca62949c,英语,英语,150,90,笔试,SRC-HFNU-2025-ZC,"{""asset_id"":""ASSET-HFNU-2025-ZC-PDF"",""page"":11,""row_key"":""音乐学"",""section"":""考试科目""}"
EXAM-bc77812a-58f7-5820-b3ce-1da08c7c89ff,PY-268e09d8-98bc-5c9d-8fd1-32d0f7d4c7f3,2025,professional_1,SUBJ-512487a4-1606-5a3e-bbb4-aaa0090673b5,生物化学,生物化学,150,,笔试,SRC-HFNU-2025-ZC,"{""asset_id"":""ASSET-HFNU-2025-ZC-PDF"",""page"":11,""row_key"":""食品质量与安全"",""section"":""考试科目""}"
EXAM-98ac856d-ccd7-5438-9093-a0efbc58ba0b,PY-268e09d8-98bc-5c9d-8fd1-32d0f7d4c7f3,2025,professional_2,SUBJ-e954d6b6-e336-5243-997a-401c8e1fec54,微生物学,微生物学,150,,笔试,SRC-HFNU-2025-ZC,"{""asset_id"":""ASSET-HFNU-2025-ZC-PDF"",""page"":11,""row_key"":""食品质量与安全"",""section"":""考试科目""}"
EXAM-22720189-4e4c-55d1-85fb-a8594a001656,PY-268e09d8-98bc-5c9d-8fd1-32d0f7d4c7f3,2025,public_1,SUBJ-c1afee7c-2c8b-5b96-8fd0-29904b52131b,高等数学,高等数学,150,120,笔试,SRC-HFNU-2025-ZC,"{""asset_id"":""ASSET-HFNU-2025-ZC-PDF"",""page"":11,""row_key"":""食品质量与安全"",""section"":""考试科目""}"
EXAM-9c22d891-8b66-502f-bceb-32fcf08d6b35,PY-268e09d8-98bc-5c9d-8fd1-32d0f7d4c7f3,2025,public_2,SUBJ-519af401-8795-53ed-8ca6-c732ca62949c,英语,英语,150,90,笔试,SRC-HFNU-2025-ZC,"{""asset_id"":""ASSET-HFNU-2025-ZC-PDF"",""page"":11,""row_key"":""食品质量与安全"",""section"":""考试科目""}"
EXAM-6fc49133-a6bc-5cec-8c8d-f516e633f839,PY-b6e23825-5ec0-5a03-a13e-66e5625a377d,2026,professional_1,SUBJ-7c29394f-52b0-5931-b0b3-625d7861212e,微观经济学,微观经济学,150,,笔试,SRC-HFNU-2026-ZC,"{""asset_id"":""ASSET-HFNU-2026-ZC-PDF"",""page"":11,""row_key"":""互联网金融"",""section"":""考试科目""}"
EXAM-71f9bcf0-15f7-5c2f-b0eb-5c85f8f1f079,PY-b6e23825-5ec0-5a03-a13e-66e5625a377d,2026,professional_2,SUBJ-be5405f8-d905-514f-8b29-cc10f36c78ef,会计学原理,会计学原理,150,,笔试,SRC-HFNU-2026-ZC,"{""asset_id"":""ASSET-HFNU-2026-ZC-PDF"",""page"":11,""row_key"":""互联网金融"",""section"":""考试科目""}"
EXAM-5f5904b8-29ec-50ba-b1ec-9952c944c130,PY-b6e23825-5ec0-5a03-a13e-66e5625a377d,2026,public_1,SUBJ-d88b6f0d-ab2d-511e-bbc2-2ff6a8d9b607,大学语文,大学语文,150,120,笔试,SRC-HFNU-2026-ZC,"{""asset_id"":""ASSET-HFNU-2026-ZC-PDF"",""page"":11,""row_key"":""互联网金融"",""section"":""考试科目""}"
EXAM-dd2b1ce6-f02a-5526-8e96-aaef407efd7f,PY-b6e23825-5ec0-5a03-a13e-66e5625a377d,2026,public_2,SUBJ-519af401-8795-53ed-8ca6-c732ca62949c,英语,英语,150,90,笔试,SRC-HFNU-2026-ZC,"{""asset_id"":""ASSET-HFNU-2026-ZC-PDF"",""page"":11,""row_key"":""互联网金融"",""section"":""考试科目""}"
EXAM-989982db-fdb0-5b92-b531-4babadc9e8a9,PY-a30adc34-ff19-5174-9c16-8a24ba99e9d0,2026,professional_1,SUBJ-225d4839-edc0-58f4-a894-f24182a6ca56,管理学原理,管理学原理,150,,笔试,SRC-HFNU-2026-ZC,"{""asset_id"":""ASSET-HFNU-2026-ZC-PDF"",""page"":11,""row_key"":""人力资源管理"",""section"":""考试科目""}"
EXAM-db4f2d2e-987c-5ce3-a053-8a5e2a0c8cc7,PY-a30adc34-ff19-5174-9c16-8a24ba99e9d0,2026,professional_2,SUBJ-be5405f8-d905-514f-8b29-cc10f36c78ef,会计学原理,会计学原理,150,,笔试,SRC-HFNU-2026-ZC,"{""asset_id"":""ASSET-HFNU-2026-ZC-PDF"",""page"":11,""row_key"":""人力资源管理"",""section"":""考试科目""}"
EXAM-a59ef092-7061-5468-85d2-44419a2601e0,PY-a30adc34-ff19-5174-9c16-8a24ba99e9d0,2026,public_1,SUBJ-d88b6f0d-ab2d-511e-bbc2-2ff6a8d9b607,大学语文,大学语文,150,120,笔试,SRC-HFNU-2026-ZC,"{""asset_id"":""ASSET-HFNU-2026-ZC-PDF"",""page"":11,""row_key"":""人力资源管理"",""section"":""考试科目""}"
EXAM-4bfa88b3-95f8-5efe-b236-490547f02aa1,PY-a30adc34-ff19-5174-9c16-8a24ba99e9d0,2026,public_2,SUBJ-519af401-8795-53ed-8ca6-c732ca62949c,英语,英语,150,90,笔试,SRC-HFNU-2026-ZC,"{""asset_id"":""ASSET-HFNU-2026-ZC-PDF"",""page"":11,""row_key"":""人力资源管理"",""section"":""考试科目""}"
EXAM-a75323c6-5a99-58ed-bc8e-dad802a78a0f,PY-0dda5750-aa2b-5acf-a690-df0272bf97ba,2026,professional_1,SUBJ-88d1b877-d7e1-5b43-8383-45ccafde7590,人物速写,人物速写,150,,笔试,SRC-HFNU-2026-ZC,"{""asset_id"":""ASSET-HFNU-2026-ZC-PDF"",""page"":11,""row_key"":""动画"",""section"":""考试科目""}"
EXAM-8327f182-1636-51a0-8d40-2e87c00237d9,PY-0dda5750-aa2b-5acf-a690-df0272bf97ba,2026,professional_2,SUBJ-01918fe9-ba7a-5bb6-81c1-08ef3a02dec6,插画设计,插画设计,150,,笔试,SRC-HFNU-2026-ZC,"{""asset_id"":""ASSET-HFNU-2026-ZC-PDF"",""page"":11,""row_key"":""动画"",""section"":""考试科目""}"
EXAM-4d60a982-2e50-5a99-a6b5-1e8a6ac6d386,PY-0dda5750-aa2b-5acf-a690-df0272bf97ba,2026,public_1,SUBJ-d88b6f0d-ab2d-511e-bbc2-2ff6a8d9b607,大学语文,大学语文,150,120,笔试,SRC-HFNU-2026-ZC,"{""asset_id"":""ASSET-HFNU-2026-ZC-PDF"",""page"":11,""row_key"":""动画"",""section"":""考试科目""}"
EXAM-513c7cbc-fa33-509a-9664-9a06bf013b30,PY-0dda5750-aa2b-5acf-a690-df0272bf97ba,2026,public_2,SUBJ-519af401-8795-53ed-8ca6-c732ca62949c,英语,英语,150,90,笔试,SRC-HFNU-2026-ZC,"{""asset_id"":""ASSET-HFNU-2026-ZC-PDF"",""page"":11,""row_key"":""动画"",""section"":""考试科目""}"
EXAM-e4b75ee3-f085-5bb3-a71d-ef93715c9358,PY-2029e048-dd76-568e-ae02-6dc93298c7b3,2026,professional_1,SUBJ-af265a9a-3576-5139-8e32-0df76de6f524,基础无机化学,基础无机化学,150,,笔试,SRC-HFNU-2026-ZC,"{""asset_id"":""ASSET-HFNU-2026-ZC-PDF"",""page"":11,""row_key"":""化学工程与工艺"",""section"":""考试科目""}"
EXAM-9b18173e-3b12-508b-a9d9-0e5c675f44d8,PY-2029e048-dd76-568e-ae02-6dc93298c7b3,2026,professional_2,SUBJ-f064f3e9-8008-5e68-86f5-1e55c4ebf102,基础分析化学,基础分析化学,150,,笔试,SRC-HFNU-2026-ZC,"{""asset_id"":""ASSET-HFNU-2026-ZC-PDF"",""page"":11,""row_key"":""化学工程与工艺"",""section"":""考试科目""}"
EXAM-a48e9c29-4f2c-5df5-b73a-62741d39d49f,PY-2029e048-dd76-568e-ae02-6dc93298c7b3,2026,public_1,SUBJ-c1afee7c-2c8b-5b96-8fd0-29904b52131b,高等数学,高等数学,150,120,笔试,SRC-HFNU-2026-ZC,"{""asset_id"":""ASSET-HFNU-2026-ZC-PDF"",""page"":11,""row_key"":""化学工程与工艺"",""section"":""考试科目""}"
EXAM-80479617-a2bc-5080-b06e-f4325d22c023,PY-2029e048-dd76-568e-ae02-6dc93298c7b3,2026,public_2,SUBJ-519af401-8795-53ed-8ca6-c732ca62949c,英语,英语,150,90,笔试,SRC-HFNU-2026-ZC,"{""asset_id"":""ASSET-HFNU-2026-ZC-PDF"",""page"":11,""row_key"":""化学工程与工艺"",""section"":""考试科目""}"
EXAM-a582b36d-6fb7-592f-8eca-689e11ad2de0,PY-7a2e109d-c876-5b2d-94b9-c09ea486f17a,2026,professional_1,SUBJ-75b484f9-a807-5e17-bbfd-039deebf492a,综合商务英语,综合商务英语,150,,笔试,SRC-HFNU-2026-ZC,"{""asset_id"":""ASSET-HFNU-2026-ZC-PDF"",""page"":11,""row_key"":""商务英语"",""section"":""考试科目""}"
EXAM-e8929f39-c201-577c-bd3c-6a99c698c74e,PY-7a2e109d-c876-5b2d-94b9-c09ea486f17a,2026,professional_2,SUBJ-f99652b4-233b-513d-bfb1-921b9a24c570,旅游与酒店管理,旅游与酒店管理,150,,笔试,SRC-HFNU-2026-ZC,"{""asset_id"":""ASSET-HFNU-2026-ZC-PDF"",""page"":11,""row_key"":""商务英语"",""section"":""考试科目""}"
EXAM-09312be1-8711-57c3-9f52-d3919767d8e4,PY-7a2e109d-c876-5b2d-94b9-c09ea486f17a,2026,public_1,SUBJ-d88b6f0d-ab2d-511e-bbc2-2ff6a8d9b607,大学语文,大学语文,150,120,笔试,SRC-HFNU-2026-ZC,"{""asset_id"":""ASSET-HFNU-2026-ZC-PDF"",""page"":11,""row_key"":""商务英语"",""section"":""考试科目""}"
EXAM-e779f7fb-7ce1-5028-9ad5-569e1222201c,PY-7a2e109d-c876-5b2d-94b9-c09ea486f17a,2026,public_2,SUBJ-519af401-8795-53ed-8ca6-c732ca62949c,英语,英语,150,90,笔试,SRC-HFNU-2026-ZC,"{""asset_id"":""ASSET-HFNU-2026-ZC-PDF"",""page"":11,""row_key"":""商务英语"",""section"":""考试科目""}"
EXAM-854a33e5-b5fb-5d44-abe4-33a8f47896d2,PY-72aaeb9a-a436-5a44-ab25-970dc0988dec,2026,professional_1,SUBJ-02b2bcf6-0a2f-557b-a16f-927e9b10fb56,教育学,教育学,150,,笔试,SRC-HFNU-2026-ZC,"{""asset_id"":""ASSET-HFNU-2026-ZC-PDF"",""page"":11,""row_key"":""学前教育"",""section"":""考试科目""}"
EXAM-e222232e-c1d8-5054-8e81-6a7f39951143,PY-72aaeb9a-a436-5a44-ab25-970dc0988dec,2026,professional_2,SUBJ-ce62e9a7-e2d2-5f09-b201-6cffb1f9685f,心理学,心理学,150,,笔试,SRC-HFNU-2026-ZC,"{""asset_id"":""ASSET-HFNU-2026-ZC-PDF"",""page"":11,""row_key"":""学前教育"",""section"":""考试科目""}"
EXAM-9bc80468-1423-5986-bb0d-90680ccc34cf,PY-72aaeb9a-a436-5a44-ab25-970dc0988dec,2026,public_1,SUBJ-d88b6f0d-ab2d-511e-bbc2-2ff6a8d9b607,大学语文,大学语文,150,120,笔试,SRC-HFNU-2026-ZC,"{""asset_id"":""ASSET-HFNU-2026-ZC-PDF"",""page"":11,""row_key"":""学前教育"",""section"":""考试科目""}"
EXAM-7af4804e-01c8-505d-bd60-67222875c9e3,PY-72aaeb9a-a436-5a44-ab25-970dc0988dec,2026,public_2,SUBJ-519af401-8795-53ed-8ca6-c732ca62949c,英语,英语,150,90,笔试,SRC-HFNU-2026-ZC,"{""asset_id"":""ASSET-HFNU-2026-ZC-PDF"",""page"":11,""row_key"":""学前教育"",""section"":""考试科目""}"
EXAM-41414e37-6859-5225-9c85-596f5c81789b,PY-5f2479bd-6728-58a1-b12a-2bcf0d4b1d1e,2026,professional_1,SUBJ-02b2bcf6-0a2f-557b-a16f-927e9b10fb56,教育学,教育学,150,,笔试,SRC-HFNU-2026-ZC,"{""asset_id"":""ASSET-HFNU-2026-ZC-PDF"",""page"":11,""row_key"":""小学教育"",""section"":""考试科目""}"
EXAM-65fe89e7-1fa8-5f53-831a-23cd88fd5444,PY-5f2479bd-6728-58a1-b12a-2bcf0d4b1d1e,2026,professional_2,SUBJ-ce62e9a7-e2d2-5f09-b201-6cffb1f9685f,心理学,心理学,150,,笔试,SRC-HFNU-2026-ZC,"{""asset_id"":""ASSET-HFNU-2026-ZC-PDF"",""page"":11,""row_key"":""小学教育"",""section"":""考试科目""}"
EXAM-47085289-d189-562b-a6c4-f5aa523e9118,PY-5f2479bd-6728-58a1-b12a-2bcf0d4b1d1e,2026,public_1,SUBJ-d88b6f0d-ab2d-511e-bbc2-2ff6a8d9b607,大学语文,大学语文,150,120,笔试,SRC-HFNU-2026-ZC,"{""asset_id"":""ASSET-HFNU-2026-ZC-PDF"",""page"":11,""row_key"":""小学教育"",""section"":""考试科目""}"
EXAM-80b674d0-9ca5-50e9-8a58-0aacf845519b,PY-5f2479bd-6728-58a1-b12a-2bcf0d4b1d1e,2026,public_2,SUBJ-519af401-8795-53ed-8ca6-c732ca62949c,英语,英语,150,90,笔试,SRC-HFNU-2026-ZC,"{""asset_id"":""ASSET-HFNU-2026-ZC-PDF"",""page"":11,""row_key"":""小学教育"",""section"":""考试科目""}"
EXAM-4306f5bc-aebe-5593-a977-14b39dd52a8f,PY-0aac3cd8-5c25-596e-9230-c0d6393c0806,2026,professional_1,SUBJ-225d4839-edc0-58f4-a894-f24182a6ca56,管理学原理,管理学原理,150,,笔试,SRC-HFNU-2026-ZC,"{""asset_id"":""ASSET-HFNU-2026-ZC-PDF"",""page"":11,""row_key"":""市场营销"",""section"":""考试科目""}"
EXAM-f6d279c0-59d3-5cb3-90d2-fcac1439cf39,PY-0aac3cd8-5c25-596e-9230-c0d6393c0806,2026,professional_2,SUBJ-be5405f8-d905-514f-8b29-cc10f36c78ef,会计学原理,会计学原理,150,,笔试,SRC-HFNU-2026-ZC,"{""asset_id"":""ASSET-HFNU-2026-ZC-PDF"",""page"":11,""row_key"":""市场营销"",""section"":""考试科目""}"
EXAM-17e251a9-1e30-5f72-ae5d-582dcc630e61,PY-0aac3cd8-5c25-596e-9230-c0d6393c0806,2026,public_1,SUBJ-d88b6f0d-ab2d-511e-bbc2-2ff6a8d9b607,大学语文,大学语文,150,120,笔试,SRC-HFNU-2026-ZC,"{""asset_id"":""ASSET-HFNU-2026-ZC-PDF"",""page"":11,""row_key"":""市场营销"",""section"":""考试科目""}"
EXAM-b353bb09-b794-5cc6-a494-871c1c319bd7,PY-0aac3cd8-5c25-596e-9230-c0d6393c0806,2026,public_2,SUBJ-519af401-8795-53ed-8ca6-c732ca62949c,英语,英语,150,90,笔试,SRC-HFNU-2026-ZC,"{""asset_id"":""ASSET-HFNU-2026-ZC-PDF"",""page"":11,""row_key"":""市场营销"",""section"":""考试科目""}"
EXAM-40c2f562-5eff-5694-ab10-97742169209b,PY-e526e3b6-1188-52a6-b70e-683ba3c34f05,2026,professional_1,SUBJ-dedd1bdc-f56a-52b9-8be2-d3449d5338a1,无机化学,无机化学,150,,笔试,SRC-HFNU-2026-ZC,"{""asset_id"":""ASSET-HFNU-2026-ZC-PDF"",""page"":11,""row_key"":""新能源材料与器件"",""section"":""考试科目""}"
EXAM-6da47576-b56a-5d56-82de-da7426529567,PY-e526e3b6-1188-52a6-b70e-683ba3c34f05,2026,professional_2,SUBJ-4c8d96e4-aca9-5a2b-9627-a8413f8122de,大学物理,大学物理,150,,笔试,SRC-HFNU-2026-ZC,"{""asset_id"":""ASSET-HFNU-2026-ZC-PDF"",""page"":11,""row_key"":""新能源材料与器件"",""section"":""考试科目""}"
EXAM-2cf4437b-29b5-5a1a-8cb9-55b45ddd6aab,PY-e526e3b6-1188-52a6-b70e-683ba3c34f05,2026,public_1,SUBJ-c1afee7c-2c8b-5b96-8fd0-29904b52131b,高等数学,高等数学,150,120,笔试,SRC-HFNU-2026-ZC,"{""asset_id"":""ASSET-HFNU-2026-ZC-PDF"",""page"":11,""row_key"":""新能源材料与器件"",""section"":""考试科目""}"
EXAM-ba9590fb-80cc-52e6-a8ae-45e08aa56dfc,PY-e526e3b6-1188-52a6-b70e-683ba3c34f05,2026,public_2,SUBJ-519af401-8795-53ed-8ca6-c732ca62949c,英语,英语,150,90,笔试,SRC-HFNU-2026-ZC,"{""asset_id"":""ASSET-HFNU-2026-ZC-PDF"",""page"":11,""row_key"":""新能源材料与器件"",""section"":""考试科目""}"
EXAM-1f0e8727-65cb-50ab-8f27-2063297a178d,PY-60caff45-1baa-561b-9abf-d569a2fab432,2026,professional_1,SUBJ-88d1b877-d7e1-5b43-8383-45ccafde7590,人物速写,人物速写,150,,笔试,SRC-HFNU-2026-ZC,"{""asset_id"":""ASSET-HFNU-2026-ZC-PDF"",""page"":11,""row_key"":""服装与服饰设计"",""section"":""考试科目""}"
EXAM-fc4457eb-6aec-58b4-98f8-0775b59c2411,PY-60caff45-1baa-561b-9abf-d569a2fab432,2026,professional_2,SUBJ-01918fe9-ba7a-5bb6-81c1-08ef3a02dec6,插画设计,插画设计,150,,笔试,SRC-HFNU-2026-ZC,"{""asset_id"":""ASSET-HFNU-2026-ZC-PDF"",""page"":11,""row_key"":""服装与服饰设计"",""section"":""考试科目""}"
EXAM-e58e471a-89c6-5b5b-a3f7-de699df3d963,PY-60caff45-1baa-561b-9abf-d569a2fab432,2026,public_1,SUBJ-d88b6f0d-ab2d-511e-bbc2-2ff6a8d9b607,大学语文,大学语文,150,120,笔试,SRC-HFNU-2026-ZC,"{""asset_id"":""ASSET-HFNU-2026-ZC-PDF"",""page"":11,""row_key"":""服装与服饰设计"",""section"":""考试科目""}"
EXAM-4e0fb897-7ebe-5afd-8989-0120a369f773,PY-60caff45-1baa-561b-9abf-d569a2fab432,2026,public_2,SUBJ-519af401-8795-53ed-8ca6-c732ca62949c,英语,英语,150,90,笔试,SRC-HFNU-2026-ZC,"{""asset_id"":""ASSET-HFNU-2026-ZC-PDF"",""page"":11,""row_key"":""服装与服饰设计"",""section"":""考试科目""}"
EXAM-2e3ca2a4-4839-5e19-a2c8-31bc200e56ea,PY-c3f5b3c6-1c16-5568-bd01-f6789ac17ca0,2026,professional_1,SUBJ-1c3ae097-7035-5332-8158-78a17463b465,建筑速写,建筑速写,150,,笔试,SRC-HFNU-2026-ZC,"{""asset_id"":""ASSET-HFNU-2026-ZC-PDF"",""page"":11,""row_key"":""环境设计"",""section"":""考试科目""}"
EXAM-261333be-cfea-5aa0-8e3a-3a8803134ab5,PY-c3f5b3c6-1c16-5568-bd01-f6789ac17ca0,2026,professional_2,SUBJ-79f29a13-1d52-50f7-b94f-a4a47fddc19b,室内设计表现,室内设计表现,150,,笔试,SRC-HFNU-2026-ZC,"{""asset_id"":""ASSET-HFNU-2026-ZC-PDF"",""page"":11,""row_key"":""环境设计"",""section"":""考试科目""}"
EXAM-aa430439-eac5-5232-bcf6-65fb87d55b56,PY-c3f5b3c6-1c16-5568-bd01-f6789ac17ca0,2026,public_1,SUBJ-d88b6f0d-ab2d-511e-bbc2-2ff6a8d9b607,大学语文,大学语文,150,120,笔试,SRC-HFNU-2026-ZC,"{""asset_id"":""ASSET-HFNU-2026-ZC-PDF"",""page"":11,""row_key"":""环境设计"",""section"":""考试科目""}"
EXAM-37aa1e2d-962b-57f7-8926-68086d9d59a5,PY-c3f5b3c6-1c16-5568-bd01-f6789ac17ca0,2026,public_2,SUBJ-519af401-8795-53ed-8ca6-c732ca62949c,英语,英语,150,90,笔试,SRC-HFNU-2026-ZC,"{""asset_id"":""ASSET-HFNU-2026-ZC-PDF"",""page"":11,""row_key"":""环境设计"",""section"":""考试科目""}"
EXAM-9f195466-d567-57c0-b7fc-de72cbcaff1d,PY-72444f87-2128-5e58-83db-9ee54057b81a,2026,professional_1,SUBJ-512487a4-1606-5a3e-bbb4-aaa0090673b5,生物化学,生物化学,150,,笔试,SRC-HFNU-2026-ZC,"{""asset_id"":""ASSET-HFNU-2026-ZC-PDF"",""page"":11,""row_key"":""生物制药"",""section"":""考试科目""}"
EXAM-0d9e8583-48de-5b04-91be-f081d86e4daa,PY-72444f87-2128-5e58-83db-9ee54057b81a,2026,professional_2,SUBJ-e954d6b6-e336-5243-997a-401c8e1fec54,微生物学,微生物学,150,,笔试,SRC-HFNU-2026-ZC,"{""asset_id"":""ASSET-HFNU-2026-ZC-PDF"",""page"":11,""row_key"":""生物制药"",""section"":""考试科目""}"
EXAM-024a21ef-2e15-5872-a576-e503dbcc28e7,PY-72444f87-2128-5e58-83db-9ee54057b81a,2026,public_1,SUBJ-c1afee7c-2c8b-5b96-8fd0-29904b52131b,高等数学,高等数学,150,120,笔试,SRC-HFNU-2026-ZC,"{""asset_id"":""ASSET-HFNU-2026-ZC-PDF"",""page"":11,""row_key"":""生物制药"",""section"":""考试科目""}"
EXAM-0124cede-a364-5d61-bcde-f100471f7efa,PY-72444f87-2128-5e58-83db-9ee54057b81a,2026,public_2,SUBJ-519af401-8795-53ed-8ca6-c732ca62949c,英语,英语,150,90,笔试,SRC-HFNU-2026-ZC,"{""asset_id"":""ASSET-HFNU-2026-ZC-PDF"",""page"":11,""row_key"":""生物制药"",""section"":""考试科目""}"
EXAM-22da03c0-ba33-5f6b-91b4-ec5c75b99254,PY-aa1faa30-f529-5015-9edb-8acae4bb9ff7,2026,professional_1,SUBJ-17c29bcb-031b-5886-9ae6-dbda71e015ef,电路分析基础,电路分析基础,150,,笔试,SRC-HFNU-2026-ZC,"{""asset_id"":""ASSET-HFNU-2026-ZC-PDF"",""page"":11,""row_key"":""电子信息工程"",""section"":""考试科目""}"
EXAM-fd11d1a2-f554-5ef0-bd71-84b5f906581f,PY-aa1faa30-f529-5015-9edb-8acae4bb9ff7,2026,professional_2,SUBJ-0210da2c-c125-5f19-9416-37fce69429c7,数字电子技术基础,数字电子技术基础,150,,笔试,SRC-HFNU-2026-ZC,"{""asset_id"":""ASSET-HFNU-2026-ZC-PDF"",""page"":11,""row_key"":""电子信息工程"",""section"":""考试科目""}"
EXAM-d4118ce6-19ab-5c45-bec0-599a521b4f3e,PY-aa1faa30-f529-5015-9edb-8acae4bb9ff7,2026,public_1,SUBJ-c1afee7c-2c8b-5b96-8fd0-29904b52131b,高等数学,高等数学,150,120,笔试,SRC-HFNU-2026-ZC,"{""asset_id"":""ASSET-HFNU-2026-ZC-PDF"",""page"":11,""row_key"":""电子信息工程"",""section"":""考试科目""}"
EXAM-272af6f8-7957-5e33-9bd5-43dcd067a9f1,PY-aa1faa30-f529-5015-9edb-8acae4bb9ff7,2026,public_2,SUBJ-519af401-8795-53ed-8ca6-c732ca62949c,英语,英语,150,90,笔试,SRC-HFNU-2026-ZC,"{""asset_id"":""ASSET-HFNU-2026-ZC-PDF"",""page"":11,""row_key"":""电子信息工程"",""section"":""考试科目""}"
EXAM-ed23b9fe-9a8b-5894-981b-1b03328380f5,PY-6937acb5-ca42-5874-90cd-3ff3eba3dff2,2026,professional_1,SUBJ-17c29bcb-031b-5886-9ae6-dbda71e015ef,电路分析基础,电路分析基础,150,,笔试,SRC-HFNU-2026-ZC,"{""asset_id"":""ASSET-HFNU-2026-ZC-PDF"",""page"":11,""row_key"":""电气工程及其自动化"",""section"":""考试科目""}"
EXAM-51c71312-c084-55f3-8584-1135884448b6,PY-6937acb5-ca42-5874-90cd-3ff3eba3dff2,2026,professional_2,SUBJ-0210da2c-c125-5f19-9416-37fce69429c7,数字电子技术基础,数字电子技术基础,150,,笔试,SRC-HFNU-2026-ZC,"{""asset_id"":""ASSET-HFNU-2026-ZC-PDF"",""page"":11,""row_key"":""电气工程及其自动化"",""section"":""考试科目""}"
EXAM-bf9c1d57-7bdb-5188-8d70-f5e5cb042960,PY-6937acb5-ca42-5874-90cd-3ff3eba3dff2,2026,public_1,SUBJ-c1afee7c-2c8b-5b96-8fd0-29904b52131b,高等数学,高等数学,150,120,笔试,SRC-HFNU-2026-ZC,"{""asset_id"":""ASSET-HFNU-2026-ZC-PDF"",""page"":11,""row_key"":""电气工程及其自动化"",""section"":""考试科目""}"
EXAM-49a804fd-ec5f-5e3d-b0e9-2dbb180d28fc,PY-6937acb5-ca42-5874-90cd-3ff3eba3dff2,2026,public_2,SUBJ-519af401-8795-53ed-8ca6-c732ca62949c,英语,英语,150,90,笔试,SRC-HFNU-2026-ZC,"{""asset_id"":""ASSET-HFNU-2026-ZC-PDF"",""page"":11,""row_key"":""电气工程及其自动化"",""section"":""考试科目""}"
EXAM-7a445e79-eb9e-56b1-bc49-b9928e07b048,PY-9bf379f6-526f-5941-957a-024bcf12b06d,2026,professional_1,SUBJ-64f42f8f-5b59-5019-bd92-5772473a7077,统计学,统计学,150,,笔试,SRC-HFNU-2026-ZC,"{""asset_id"":""ASSET-HFNU-2026-ZC-PDF"",""page"":11,""row_key"":""经济统计学"",""section"":""考试科目""}"
EXAM-c3309d39-3a13-5688-abd2-759038d55d54,PY-9bf379f6-526f-5941-957a-024bcf12b06d,2026,professional_2,SUBJ-7c29394f-52b0-5931-b0b3-625d7861212e,微观经济学,微观经济学,150,,笔试,SRC-HFNU-2026-ZC,"{""asset_id"":""ASSET-HFNU-2026-ZC-PDF"",""page"":11,""row_key"":""经济统计学"",""section"":""考试科目""}"
EXAM-f546c937-ed4a-5ea6-9d5f-2931a3f3535a,PY-9bf379f6-526f-5941-957a-024bcf12b06d,2026,public_1,SUBJ-c1afee7c-2c8b-5b96-8fd0-29904b52131b,高等数学,高等数学,150,120,笔试,SRC-HFNU-2026-ZC,"{""asset_id"":""ASSET-HFNU-2026-ZC-PDF"",""page"":11,""row_key"":""经济统计学"",""section"":""考试科目""}"
EXAM-e1506334-40e8-52a3-ac0b-0caeba991212,PY-9bf379f6-526f-5941-957a-024bcf12b06d,2026,public_2,SUBJ-519af401-8795-53ed-8ca6-c732ca62949c,英语,英语,150,90,笔试,SRC-HFNU-2026-ZC,"{""asset_id"":""ASSET-HFNU-2026-ZC-PDF"",""page"":11,""row_key"":""经济统计学"",""section"":""考试科目""}"
EXAM-8c5192cc-f957-57fb-9515-db21be4d3dc0,PY-db22c94f-7384-5d9f-8d28-d9d914655409,2026,professional_1,SUBJ-e352e919-c275-52bb-b3f8-63af79d9e8aa,传播学概论,传播学概论,150,,笔试,SRC-HFNU-2026-ZC,"{""asset_id"":""ASSET-HFNU-2026-ZC-PDF"",""page"":11,""row_key"":""网络与新媒体"",""section"":""考试科目""}"
EXAM-0d7c8dbd-13a0-5362-8a3c-b17fe2d3f674,PY-db22c94f-7384-5d9f-8d28-d9d914655409,2026,professional_2,SUBJ-8e5385a1-a7b4-505d-bf4c-ae5ee1a19c1e,新闻学概论,新闻学概论,150,,笔试,SRC-HFNU-2026-ZC,"{""asset_id"":""ASSET-HFNU-2026-ZC-PDF"",""page"":11,""row_key"":""网络与新媒体"",""section"":""考试科目""}"
EXAM-525508bb-f32b-5c89-9480-771476ea9143,PY-db22c94f-7384-5d9f-8d28-d9d914655409,2026,public_1,SUBJ-d88b6f0d-ab2d-511e-bbc2-2ff6a8d9b607,大学语文,大学语文,150,120,笔试,SRC-HFNU-2026-ZC,"{""asset_id"":""ASSET-HFNU-2026-ZC-PDF"",""page"":11,""row_key"":""网络与新媒体"",""section"":""考试科目""}"
EXAM-fe6354c5-7e75-51c4-bfaa-32b412abb309,PY-db22c94f-7384-5d9f-8d28-d9d914655409,2026,public_2,SUBJ-519af401-8795-53ed-8ca6-c732ca62949c,英语,英语,150,90,笔试,SRC-HFNU-2026-ZC,"{""asset_id"":""ASSET-HFNU-2026-ZC-PDF"",""page"":11,""row_key"":""网络与新媒体"",""section"":""考试科目""}"
EXAM-7be002ac-c41d-5520-a108-90397ddf5afe,PY-45d12ed2-0b3e-545b-9059-9faa17bf9627,2026,professional_1,SUBJ-1187ecff-f02c-5290-8d46-b7a9749ff165,C语言程序设计,C语言程序设计,150,,笔试,SRC-HFNU-2026-ZC,"{""asset_id"":""ASSET-HFNU-2026-ZC-PDF"",""page"":11,""row_key"":""网络工程"",""section"":""考试科目""}"
EXAM-782575bc-721d-5c76-a9c0-c3087e691a24,PY-45d12ed2-0b3e-545b-9059-9faa17bf9627,2026,professional_2,SUBJ-ee125cd5-c186-5634-a89b-cfb306ee74c3,数据结构,数据结构,150,,笔试,SRC-HFNU-2026-ZC,"{""asset_id"":""ASSET-HFNU-2026-ZC-PDF"",""page"":11,""row_key"":""网络工程"",""section"":""考试科目""}"
EXAM-cf57d174-88df-5373-ae4a-2d5a345c9e83,PY-45d12ed2-0b3e-545b-9059-9faa17bf9627,2026,public_1,SUBJ-c1afee7c-2c8b-5b96-8fd0-29904b52131b,高等数学,高等数学,150,120,笔试,SRC-HFNU-2026-ZC,"{""asset_id"":""ASSET-HFNU-2026-ZC-PDF"",""page"":11,""row_key"":""网络工程"",""section"":""考试科目""}"
EXAM-f7df707d-55e6-58bf-a459-c7f0b88417b7,PY-45d12ed2-0b3e-545b-9059-9faa17bf9627,2026,public_2,SUBJ-519af401-8795-53ed-8ca6-c732ca62949c,英语,英语,150,90,笔试,SRC-HFNU-2026-ZC,"{""asset_id"":""ASSET-HFNU-2026-ZC-PDF"",""page"":11,""row_key"":""网络工程"",""section"":""考试科目""}"
EXAM-494a1c60-f55f-5346-9c9c-96ec6b1dcb06,PY-ad8df301-6793-5250-9766-93e5674a5189,2026,professional_1,SUBJ-af265a9a-3576-5139-8e32-0df76de6f524,基础无机化学,基础无机化学,150,,笔试,SRC-HFNU-2026-ZC,"{""asset_id"":""ASSET-HFNU-2026-ZC-PDF"",""page"":11,""row_key"":""药物制剂"",""section"":""考试科目""}"
EXAM-42470bca-2d83-59d0-8678-184173b9036c,PY-ad8df301-6793-5250-9766-93e5674a5189,2026,professional_2,SUBJ-f064f3e9-8008-5e68-86f5-1e55c4ebf102,基础分析化学,基础分析化学,150,,笔试,SRC-HFNU-2026-ZC,"{""asset_id"":""ASSET-HFNU-2026-ZC-PDF"",""page"":11,""row_key"":""药物制剂"",""section"":""考试科目""}"
EXAM-c5309c75-19bf-58e8-9129-0007b6b92804,PY-ad8df301-6793-5250-9766-93e5674a5189,2026,public_1,SUBJ-c1afee7c-2c8b-5b96-8fd0-29904b52131b,高等数学,高等数学,150,120,笔试,SRC-HFNU-2026-ZC,"{""asset_id"":""ASSET-HFNU-2026-ZC-PDF"",""page"":11,""row_key"":""药物制剂"",""section"":""考试科目""}"
EXAM-1cbb05e0-5b4a-5208-9a9f-9d964ce44323,PY-ad8df301-6793-5250-9766-93e5674a5189,2026,public_2,SUBJ-519af401-8795-53ed-8ca6-c732ca62949c,英语,英语,150,90,笔试,SRC-HFNU-2026-ZC,"{""asset_id"":""ASSET-HFNU-2026-ZC-PDF"",""page"":11,""row_key"":""药物制剂"",""section"":""考试科目""}"
EXAM-383d4e21-d7c6-5a3a-a277-7777e4c5fb6b,PY-1fa48ea8-9b9a-504c-a596-68116f927ac6,2026,professional_1,SUBJ-88d1b877-d7e1-5b43-8383-45ccafde7590,人物速写,人物速写,150,,笔试,SRC-HFNU-2026-ZC,"{""asset_id"":""ASSET-HFNU-2026-ZC-PDF"",""page"":11,""row_key"":""视觉传达设计"",""section"":""考试科目""}"
EXAM-f0ffd2f1-44f8-53a9-9489-8b79ea475ca7,PY-1fa48ea8-9b9a-504c-a596-68116f927ac6,2026,professional_2,SUBJ-01918fe9-ba7a-5bb6-81c1-08ef3a02dec6,插画设计,插画设计,150,,笔试,SRC-HFNU-2026-ZC,"{""asset_id"":""ASSET-HFNU-2026-ZC-PDF"",""page"":11,""row_key"":""视觉传达设计"",""section"":""考试科目""}"
EXAM-e18fe3a1-2209-5fd1-8f60-ca19a9d59398,PY-1fa48ea8-9b9a-504c-a596-68116f927ac6,2026,public_1,SUBJ-d88b6f0d-ab2d-511e-bbc2-2ff6a8d9b607,大学语文,大学语文,150,120,笔试,SRC-HFNU-2026-ZC,"{""asset_id"":""ASSET-HFNU-2026-ZC-PDF"",""page"":11,""row_key"":""视觉传达设计"",""section"":""考试科目""}"
EXAM-c92b96ab-74a7-5a76-97bf-630aeae30a06,PY-1fa48ea8-9b9a-504c-a596-68116f927ac6,2026,public_2,SUBJ-519af401-8795-53ed-8ca6-c732ca62949c,英语,英语,150,90,笔试,SRC-HFNU-2026-ZC,"{""asset_id"":""ASSET-HFNU-2026-ZC-PDF"",""page"":11,""row_key"":""视觉传达设计"",""section"":""考试科目""}"
EXAM-789ff02d-ef13-5020-b9e6-eee32fd127ad,PY-57e78f73-a8db-57d9-80d6-67958e447a8f,2026,professional_1,SUBJ-1187ecff-f02c-5290-8d46-b7a9749ff165,C语言程序设计,C语言程序设计,150,,笔试,SRC-HFNU-2026-ZC,"{""asset_id"":""ASSET-HFNU-2026-ZC-PDF"",""page"":11,""row_key"":""计算机科学与技术"",""section"":""考试科目""}"
EXAM-fb210998-1a4b-5c71-82b6-09c54c63001f,PY-57e78f73-a8db-57d9-80d6-67958e447a8f,2026,professional_2,SUBJ-ee125cd5-c186-5634-a89b-cfb306ee74c3,数据结构,数据结构,150,,笔试,SRC-HFNU-2026-ZC,"{""asset_id"":""ASSET-HFNU-2026-ZC-PDF"",""page"":11,""row_key"":""计算机科学与技术"",""section"":""考试科目""}"
EXAM-5b4ec224-7688-586e-b90b-8f37af406e98,PY-57e78f73-a8db-57d9-80d6-67958e447a8f,2026,public_1,SUBJ-c1afee7c-2c8b-5b96-8fd0-29904b52131b,高等数学,高等数学,150,120,笔试,SRC-HFNU-2026-ZC,"{""asset_id"":""ASSET-HFNU-2026-ZC-PDF"",""page"":11,""row_key"":""计算机科学与技术"",""section"":""考试科目""}"
EXAM-b320ce77-2d37-5bf1-b03f-20cb9a89c0fc,PY-57e78f73-a8db-57d9-80d6-67958e447a8f,2026,public_2,SUBJ-519af401-8795-53ed-8ca6-c732ca62949c,英语,英语,150,90,笔试,SRC-HFNU-2026-ZC,"{""asset_id"":""ASSET-HFNU-2026-ZC-PDF"",""page"":11,""row_key"":""计算机科学与技术"",""section"":""考试科目""}"
EXAM-be6d8fc2-04cb-5cf1-80aa-94589acff916,PY-7d7a90df-6856-5ed4-bd80-3bb9f115e50c,2026,professional_1,SUBJ-225d4839-edc0-58f4-a894-f24182a6ca56,管理学原理,管理学原理,150,,笔试,SRC-HFNU-2026-ZC,"{""asset_id"":""ASSET-HFNU-2026-ZC-PDF"",""page"":11,""row_key"":""财务管理"",""section"":""考试科目""}"
EXAM-372ebd95-453d-5504-88ef-9720db908a2d,PY-7d7a90df-6856-5ed4-bd80-3bb9f115e50c,2026,professional_2,SUBJ-be5405f8-d905-514f-8b29-cc10f36c78ef,会计学原理,会计学原理,150,,笔试,SRC-HFNU-2026-ZC,"{""asset_id"":""ASSET-HFNU-2026-ZC-PDF"",""page"":11,""row_key"":""财务管理"",""section"":""考试科目""}"
EXAM-8c91fa36-fc64-5e39-83a5-956ac44ddf35,PY-7d7a90df-6856-5ed4-bd80-3bb9f115e50c,2026,public_1,SUBJ-d88b6f0d-ab2d-511e-bbc2-2ff6a8d9b607,大学语文,大学语文,150,120,笔试,SRC-HFNU-2026-ZC,"{""asset_id"":""ASSET-HFNU-2026-ZC-PDF"",""page"":11,""row_key"":""财务管理"",""section"":""考试科目""}"
EXAM-03221907-deb5-5056-bcf1-39248e1a5389,PY-7d7a90df-6856-5ed4-bd80-3bb9f115e50c,2026,public_2,SUBJ-519af401-8795-53ed-8ca6-c732ca62949c,英语,英语,150,90,笔试,SRC-HFNU-2026-ZC,"{""asset_id"":""ASSET-HFNU-2026-ZC-PDF"",""page"":11,""row_key"":""财务管理"",""section"":""考试科目""}"
EXAM-5af51df6-f155-5ebe-a312-2e2258c54eda,PY-87d007a8-7d28-5978-b3e0-0878b10e64b2,2026,professional_1,SUBJ-1187ecff-f02c-5290-8d46-b7a9749ff165,C语言程序设计,C语言程序设计,150,,笔试,SRC-HFNU-2026-ZC,"{""asset_id"":""ASSET-HFNU-2026-ZC-PDF"",""page"":11,""row_key"":""软件工程"",""section"":""考试科目""}"
EXAM-ffb56fcc-e188-5fc2-9555-ffbe25b67d5e,PY-87d007a8-7d28-5978-b3e0-0878b10e64b2,2026,professional_2,SUBJ-ee125cd5-c186-5634-a89b-cfb306ee74c3,数据结构,数据结构,150,,笔试,SRC-HFNU-2026-ZC,"{""asset_id"":""ASSET-HFNU-2026-ZC-PDF"",""page"":11,""row_key"":""软件工程"",""section"":""考试科目""}"
EXAM-85ff756c-249b-5d4e-b1ee-3264de3e8419,PY-87d007a8-7d28-5978-b3e0-0878b10e64b2,2026,public_1,SUBJ-c1afee7c-2c8b-5b96-8fd0-29904b52131b,高等数学,高等数学,150,120,笔试,SRC-HFNU-2026-ZC,"{""asset_id"":""ASSET-HFNU-2026-ZC-PDF"",""page"":11,""row_key"":""软件工程"",""section"":""考试科目""}"
EXAM-3fc9bef6-225b-5f91-8c1f-e49dd5691e94,PY-87d007a8-7d28-5978-b3e0-0878b10e64b2,2026,public_2,SUBJ-519af401-8795-53ed-8ca6-c732ca62949c,英语,英语,150,90,笔试,SRC-HFNU-2026-ZC,"{""asset_id"":""ASSET-HFNU-2026-ZC-PDF"",""page"":11,""row_key"":""软件工程"",""section"":""考试科目""}"
EXAM-4937a2a7-78fe-5970-bb66-33b213b9ac40,PY-3285d496-881a-55ab-ac23-820876127fe9,2026,professional_1,SUBJ-26a1c76a-73cb-50b2-a6ad-138251b69ad9,运动解剖生理学,运动解剖生理学,150,,笔试,SRC-HFNU-2026-ZC,"{""asset_id"":""ASSET-HFNU-2026-ZC-PDF"",""page"":11,""row_key"":""运动康复"",""section"":""考试科目""}"
EXAM-09498c98-b10b-5678-8163-271a392f49ad,PY-3285d496-881a-55ab-ac23-820876127fe9,2026,professional_2,SUBJ-c1677517-0a7c-54f6-98e2-02b71ae0359b,康复功能评定学,康复功能评定学,150,,笔试,SRC-HFNU-2026-ZC,"{""asset_id"":""ASSET-HFNU-2026-ZC-PDF"",""page"":11,""row_key"":""运动康复"",""section"":""考试科目""}"
EXAM-bc12bffd-f9e3-534a-9216-80d516d958a5,PY-3285d496-881a-55ab-ac23-820876127fe9,2026,public_1,SUBJ-d88b6f0d-ab2d-511e-bbc2-2ff6a8d9b607,大学语文,大学语文,150,120,笔试,SRC-HFNU-2026-ZC,"{""asset_id"":""ASSET-HFNU-2026-ZC-PDF"",""page"":11,""row_key"":""运动康复"",""section"":""考试科目""}"
EXAM-9b306210-a546-5a45-9b96-d2edf6fadc87,PY-3285d496-881a-55ab-ac23-820876127fe9,2026,public_2,SUBJ-519af401-8795-53ed-8ca6-c732ca62949c,英语,英语,150,90,笔试,SRC-HFNU-2026-ZC,"{""asset_id"":""ASSET-HFNU-2026-ZC-PDF"",""page"":11,""row_key"":""运动康复"",""section"":""考试科目""}"
EXAM-2f880b6e-0b31-5c93-9ae8-9e8bafb477da,PY-ed1c505d-c15f-5eb8-ac3e-fd6c0180066b,2026,professional_1,SUBJ-17c29bcb-031b-5886-9ae6-dbda71e015ef,电路分析基础,电路分析基础,150,,笔试,SRC-HFNU-2026-ZC,"{""asset_id"":""ASSET-HFNU-2026-ZC-PDF"",""page"":11,""row_key"":""通信工程"",""section"":""考试科目""}"
EXAM-f3d2db6c-dd33-50b1-b6a8-64aef9c8dbed,PY-ed1c505d-c15f-5eb8-ac3e-fd6c0180066b,2026,professional_2,SUBJ-0210da2c-c125-5f19-9416-37fce69429c7,数字电子技术基础,数字电子技术基础,150,,笔试,SRC-HFNU-2026-ZC,"{""asset_id"":""ASSET-HFNU-2026-ZC-PDF"",""page"":11,""row_key"":""通信工程"",""section"":""考试科目""}"
EXAM-1aecf4d1-3b75-54c2-b205-07a1a176237d,PY-ed1c505d-c15f-5eb8-ac3e-fd6c0180066b,2026,public_1,SUBJ-c1afee7c-2c8b-5b96-8fd0-29904b52131b,高等数学,高等数学,150,120,笔试,SRC-HFNU-2026-ZC,"{""asset_id"":""ASSET-HFNU-2026-ZC-PDF"",""page"":11,""row_key"":""通信工程"",""section"":""考试科目""}"
EXAM-1d2735cd-f26c-5cd2-8bef-204378f2cdc6,PY-ed1c505d-c15f-5eb8-ac3e-fd6c0180066b,2026,public_2,SUBJ-519af401-8795-53ed-8ca6-c732ca62949c,英语,英语,150,90,笔试,SRC-HFNU-2026-ZC,"{""asset_id"":""ASSET-HFNU-2026-ZC-PDF"",""page"":11,""row_key"":""通信工程"",""section"":""考试科目""}"
EXAM-5ca8f867-c6c5-5487-a8f4-1035a7055384,PY-290a1ee3-ba61-51ad-8200-9203c30cb382,2026,professional_1,SUBJ-65f907f9-5dad-55b8-8388-0a8afb34bcfa,和声,和声,150,,笔试,SRC-HFNU-2026-ZC,"{""asset_id"":""ASSET-HFNU-2026-ZC-PDF"",""page"":11,""row_key"":""音乐学"",""section"":""考试科目""}"
EXAM-116f206a-d5c1-5d5c-a90e-5a48e2f9eed5,PY-290a1ee3-ba61-51ad-8200-9203c30cb382,2026,professional_2,SUBJ-024394d2-caed-5aa8-8645-aa8357db25b1,中国音乐史,中国音乐史,150,,笔试,SRC-HFNU-2026-ZC,"{""asset_id"":""ASSET-HFNU-2026-ZC-PDF"",""page"":11,""row_key"":""音乐学"",""section"":""考试科目""}"
EXAM-ea24153a-8003-5a3b-b285-f6abdd4d5064,PY-290a1ee3-ba61-51ad-8200-9203c30cb382,2026,public_1,SUBJ-d88b6f0d-ab2d-511e-bbc2-2ff6a8d9b607,大学语文,大学语文,150,120,笔试,SRC-HFNU-2026-ZC,"{""asset_id"":""ASSET-HFNU-2026-ZC-PDF"",""page"":11,""row_key"":""音乐学"",""section"":""考试科目""}"
EXAM-aff15f9b-0054-5a28-b34f-0fb4c5fdb445,PY-290a1ee3-ba61-51ad-8200-9203c30cb382,2026,public_2,SUBJ-519af401-8795-53ed-8ca6-c732ca62949c,英语,英语,150,90,笔试,SRC-HFNU-2026-ZC,"{""asset_id"":""ASSET-HFNU-2026-ZC-PDF"",""page"":11,""row_key"":""音乐学"",""section"":""考试科目""}"
EXAM-15410e2d-f2f5-5a99-a176-76a641653091,PY-589eff83-7764-5386-b721-c8e025c15c6e,2026,professional_1,SUBJ-512487a4-1606-5a3e-bbb4-aaa0090673b5,生物化学,生物化学,150,,笔试,SRC-HFNU-2026-ZC,"{""asset_id"":""ASSET-HFNU-2026-ZC-PDF"",""page"":11,""row_key"":""食品质量与安全"",""section"":""考试科目""}"
EXAM-e7dfc361-5978-5410-9078-d2735cc1cc03,PY-589eff83-7764-5386-b721-c8e025c15c6e,2026,professional_2,SUBJ-e954d6b6-e336-5243-997a-401c8e1fec54,微生物学,微生物学,150,,笔试,SRC-HFNU-2026-ZC,"{""asset_id"":""ASSET-HFNU-2026-ZC-PDF"",""page"":11,""row_key"":""食品质量与安全"",""section"":""考试科目""}"
EXAM-a323a26d-8f99-5055-9636-4832d8b28df8,PY-589eff83-7764-5386-b721-c8e025c15c6e,2026,public_1,SUBJ-c1afee7c-2c8b-5b96-8fd0-29904b52131b,高等数学,高等数学,150,120,笔试,SRC-HFNU-2026-ZC,"{""asset_id"":""ASSET-HFNU-2026-ZC-PDF"",""page"":11,""row_key"":""食品质量与安全"",""section"":""考试科目""}"
EXAM-8615849f-2f06-53c3-980d-84393be64182,PY-589eff83-7764-5386-b721-c8e025c15c6e,2026,public_2,SUBJ-519af401-8795-53ed-8ca6-c732ca62949c,英语,英语,150,90,笔试,SRC-HFNU-2026-ZC,"{""asset_id"":""ASSET-HFNU-2026-ZC-PDF"",""page"":11,""row_key"":""食品质量与安全"",""section"":""考试科目""}"
