exam_session_id,program_year_id,year,session_type,subject_slots_json,duration_minutes,exam_date,start_time,end_time,exam_site_raw,exam_site_status,source_id,source_locator
SESSION-9274bc32-4bc1-50bd-a679-bf2f97a7594d,PY-b8d32ee2-1f35-5e7c-9e2d-8f37ad59d33b,2024,professional_combined,"[""professional_1"",""professional_2""]",180,,,,,not_published,SRC-HFNU-2024-ZC,"{""row_key"":""互联网金融"",""section"":""考试科目"",""table"":3,""url"":""https://zsb.hfnu.edu.cn/info/1003/2715.htm""}"
SESSION-8f4c13fd-6c4d-5423-a6b2-c1d1b70528b9,PY-b8d32ee2-1f35-5e7c-9e2d-8f37ad59d33b,2024,public_1,"[""public_1""]",120,,,,,not_published,SRC-HFNU-2024-ZC,"{""row_key"":""互联网金融"",""section"":""考试科目"",""table"":3,""url"":""https://zsb.hfnu.edu.cn/info/1003/2715.htm""}"
SESSION-1b8535ba-c80e-5f5a-b03c-33deee67e6df,PY-b8d32ee2-1f35-5e7c-9e2d-8f37ad59d33b,2024,public_2,"[""public_2""]",90,,,,,not_published,SRC-HFNU-2024-ZC,"{""row_key"":""互联网金融"",""section"":""考试科目"",""table"":3,""url"":""https://zsb.hfnu.edu.cn/info/1003/2715.htm""}"
SESSION-c8b67e3e-aff9-5c68-b531-8a7b93951545,PY-d3e1e604-5dfe-5940-9aac-c7ed5481a96b,2024,professional_combined,"[""professional_1"",""professional_2""]",180,,,,,not_published,SRC-HFNU-2024-ZC,"{""row_key"":""人力资源管理"",""section"":""考试科目"",""table"":3,""url"":""https://zsb.hfnu.edu.cn/info/1003/2715.htm""}"
SESSION-9e21382d-24f0-513c-9ce9-dc285c929c61,PY-d3e1e604-5dfe-5940-9aac-c7ed5481a96b,2024,public_1,"[""public_1""]",120,,,,,not_published,SRC-HFNU-2024-ZC,"{""row_key"":""人力资源管理"",""section"":""考试科目"",""table"":3,""url"":""https://zsb.hfnu.edu.cn/info/1003/2715.htm""}"
SESSION-ec8914d7-af64-5678-9021-0ec37eade30a,PY-d3e1e604-5dfe-5940-9aac-c7ed5481a96b,2024,public_2,"[""public_2""]",90,,,,,not_published,SRC-HFNU-2024-ZC,"{""row_key"":""人力资源管理"",""section"":""考试科目"",""table"":3,""url"":""https://zsb.hfnu.edu.cn/info/1003/2715.htm""}"
SESSION-92d0f39f-da0f-5887-a939-d705a0479b9c,PY-dd8c6616-cd6a-5b67-8db5-f4954648d30c,2024,professional_combined,"[""professional_1"",""professional_2""]",180,,,,,not_published,SRC-HFNU-2024-ZC,"{""row_key"":""制药工程"",""section"":""考试科目"",""table"":3,""url"":""https://zsb.hfnu.edu.cn/info/1003/2715.htm""}"
SESSION-feacc1c1-eb0e-5815-8b1c-341abba84b5b,PY-dd8c6616-cd6a-5b67-8db5-f4954648d30c,2024,public_1,"[""public_1""]",120,,,,,not_published,SRC-HFNU-2024-ZC,"{""row_key"":""制药工程"",""section"":""考试科目"",""table"":3,""url"":""https://zsb.hfnu.edu.cn/info/1003/2715.htm""}"
SESSION-bd0c9b15-3090-51be-921d-a63c074f0516,PY-dd8c6616-cd6a-5b67-8db5-f4954648d30c,2024,public_2,"[""public_2""]",90,,,,,not_published,SRC-HFNU-2024-ZC,"{""row_key"":""制药工程"",""section"":""考试科目"",""table"":3,""url"":""https://zsb.hfnu.edu.cn/info/1003/2715.htm""}"
SESSION-21a0b7ab-86bb-5ca5-aa86-199576a1e0bb,PY-9d21463d-ba3d-5383-9ec8-cb2b45d8c4fe,2024,professional_combined,"[""professional_1"",""professional_2""]",180,,,,,not_published,SRC-HFNU-2024-ZC,"{""row_key"":""动画"",""section"":""考试科目"",""table"":3,""url"":""https://zsb.hfnu.edu.cn/info/1003/2715.htm""}"
SESSION-39b38342-cac0-599a-9c39-c1bdec73d4df,PY-9d21463d-ba3d-5383-9ec8-cb2b45d8c4fe,2024,public_1,"[""public_1""]",120,,,,,not_published,SRC-HFNU-2024-ZC,"{""row_key"":""动画"",""section"":""考试科目"",""table"":3,""url"":""https://zsb.hfnu.edu.cn/info/1003/2715.htm""}"
SESSION-901e0513-cd99-5c5c-b2d5-694660108040,PY-9d21463d-ba3d-5383-9ec8-cb2b45d8c4fe,2024,public_2,"[""public_2""]",90,,,,,not_published,SRC-HFNU-2024-ZC,"{""row_key"":""动画"",""section"":""考试科目"",""table"":3,""url"":""https://zsb.hfnu.edu.cn/info/1003/2715.htm""}"
SESSION-59dd4192-a45d-5466-8a05-64f761b6ee33,PY-185d8434-ad71-5d84-adff-537a7fe42fd8,2024,professional_combined,"[""professional_1"",""professional_2""]",180,,,,,not_published,SRC-HFNU-2024-ZC,"{""row_key"":""化学工程与工艺"",""section"":""考试科目"",""table"":3,""url"":""https://zsb.hfnu.edu.cn/info/1003/2715.htm""}"
SESSION-604bcf8e-0854-53e6-990b-20336fec227d,PY-185d8434-ad71-5d84-adff-537a7fe42fd8,2024,public_1,"[""public_1""]",120,,,,,not_published,SRC-HFNU-2024-ZC,"{""row_key"":""化学工程与工艺"",""section"":""考试科目"",""table"":3,""url"":""https://zsb.hfnu.edu.cn/info/1003/2715.htm""}"
SESSION-57252de8-fc9b-5c29-8c10-43410ce9100e,PY-185d8434-ad71-5d84-adff-537a7fe42fd8,2024,public_2,"[""public_2""]",90,,,,,not_published,SRC-HFNU-2024-ZC,"{""row_key"":""化学工程与工艺"",""section"":""考试科目"",""table"":3,""url"":""https://zsb.hfnu.edu.cn/info/1003/2715.htm""}"
SESSION-490817c1-1ab4-54fc-b6bb-82665f1c819e,PY-2c4bd8ce-35e9-594f-a938-a656aa703f5a,2024,professional_combined,"[""professional_1"",""professional_2""]",180,,,,,not_published,SRC-HFNU-2024-ZC,"{""row_key"":""商务英语"",""section"":""考试科目"",""table"":3,""url"":""https://zsb.hfnu.edu.cn/info/1003/2715.htm""}"
SESSION-43b3fb47-5526-59aa-b42c-56abf13e830e,PY-2c4bd8ce-35e9-594f-a938-a656aa703f5a,2024,public_1,"[""public_1""]",120,,,,,not_published,SRC-HFNU-2024-ZC,"{""row_key"":""商务英语"",""section"":""考试科目"",""table"":3,""url"":""https://zsb.hfnu.edu.cn/info/1003/2715.htm""}"
SESSION-563e116f-2c88-5418-831e-0166d55380b9,PY-2c4bd8ce-35e9-594f-a938-a656aa703f5a,2024,public_2,"[""public_2""]",90,,,,,not_published,SRC-HFNU-2024-ZC,"{""row_key"":""商务英语"",""section"":""考试科目"",""table"":3,""url"":""https://zsb.hfnu.edu.cn/info/1003/2715.htm""}"
SESSION-f9516487-a696-5c0e-b7e6-264b243f4ef6,PY-020af4f4-756d-52f1-bedf-da1fb4f791e3,2024,professional_combined,"[""professional_1"",""professional_2""]",180,,,,,not_published,SRC-HFNU-2024-ZC,"{""row_key"":""学前教育"",""section"":""考试科目"",""table"":3,""url"":""https://zsb.hfnu.edu.cn/info/1003/2715.htm""}"
SESSION-870a5f5d-a93b-5d46-95d4-effae2b6e05d,PY-020af4f4-756d-52f1-bedf-da1fb4f791e3,2024,public_1,"[""public_1""]",120,,,,,not_published,SRC-HFNU-2024-ZC,"{""row_key"":""学前教育"",""section"":""考试科目"",""table"":3,""url"":""https://zsb.hfnu.edu.cn/info/1003/2715.htm""}"
SESSION-e33887f7-314f-5c83-b873-21be6cbbe329,PY-020af4f4-756d-52f1-bedf-da1fb4f791e3,2024,public_2,"[""public_2""]",90,,,,,not_published,SRC-HFNU-2024-ZC,"{""row_key"":""学前教育"",""section"":""考试科目"",""table"":3,""url"":""https://zsb.hfnu.edu.cn/info/1003/2715.htm""}"
SESSION-cb6baedf-d0df-5592-9119-424c187ff9d5,PY-6c06c71f-3a0c-540c-849d-0db19bc3a05c,2024,professional_combined,"[""professional_1"",""professional_2""]",180,,,,,not_published,SRC-HFNU-2024-ZC,"{""row_key"":""小学教育"",""section"":""考试科目"",""table"":3,""url"":""https://zsb.hfnu.edu.cn/info/1003/2715.htm""}"
SESSION-9e2cce77-c194-5d26-861b-f0fa10ed06b4,PY-6c06c71f-3a0c-540c-849d-0db19bc3a05c,2024,public_1,"[""public_1""]",120,,,,,not_published,SRC-HFNU-2024-ZC,"{""row_key"":""小学教育"",""section"":""考试科目"",""table"":3,""url"":""https://zsb.hfnu.edu.cn/info/1003/2715.htm""}"
SESSION-d42f5ca4-5e82-5df5-acd0-3f9f535e5297,PY-6c06c71f-3a0c-540c-849d-0db19bc3a05c,2024,public_2,"[""public_2""]",90,,,,,not_published,SRC-HFNU-2024-ZC,"{""row_key"":""小学教育"",""section"":""考试科目"",""table"":3,""url"":""https://zsb.hfnu.edu.cn/info/1003/2715.htm""}"
SESSION-cd8b8974-a727-5e60-8f30-358079973203,PY-2ea256ce-e1f9-511b-b897-0b35b9549b96,2024,professional_combined,"[""professional_1"",""professional_2""]",180,,,,,not_published,SRC-HFNU-2024-ZC,"{""row_key"":""市场营销"",""section"":""考试科目"",""table"":3,""url"":""https://zsb.hfnu.edu.cn/info/1003/2715.htm""}"
SESSION-8f721961-2825-566f-b3eb-fcd2fc5093dc,PY-2ea256ce-e1f9-511b-b897-0b35b9549b96,2024,public_1,"[""public_1""]",120,,,,,not_published,SRC-HFNU-2024-ZC,"{""row_key"":""市场营销"",""section"":""考试科目"",""table"":3,""url"":""https://zsb.hfnu.edu.cn/info/1003/2715.htm""}"
SESSION-fa1f3d49-0c6b-5a78-b889-fd1493e24756,PY-2ea256ce-e1f9-511b-b897-0b35b9549b96,2024,public_2,"[""public_2""]",90,,,,,not_published,SRC-HFNU-2024-ZC,"{""row_key"":""市场营销"",""section"":""考试科目"",""table"":3,""url"":""https://zsb.hfnu.edu.cn/info/1003/2715.htm""}"
SESSION-d16c3fac-0125-591e-93d7-1fce7df06e20,PY-08a324b9-551b-5fed-b1f0-52e51932edf5,2024,professional_combined,"[""professional_1"",""professional_2""]",180,,,,,not_published,SRC-HFNU-2024-ZC,"{""row_key"":""数据科学与大数据技术"",""section"":""考试科目"",""table"":3,""url"":""https://zsb.hfnu.edu.cn/info/1003/2715.htm""}"
SESSION-fb221091-a88a-5bb7-9e44-f02d435ca74f,PY-08a324b9-551b-5fed-b1f0-52e51932edf5,2024,public_1,"[""public_1""]",120,,,,,not_published,SRC-HFNU-2024-ZC,"{""row_key"":""数据科学与大数据技术"",""section"":""考试科目"",""table"":3,""url"":""https://zsb.hfnu.edu.cn/info/1003/2715.htm""}"
SESSION-3fa9dda0-9b19-594e-941d-b7f5dc982c5f,PY-08a324b9-551b-5fed-b1f0-52e51932edf5,2024,public_2,"[""public_2""]",90,,,,,not_published,SRC-HFNU-2024-ZC,"{""row_key"":""数据科学与大数据技术"",""section"":""考试科目"",""table"":3,""url"":""https://zsb.hfnu.edu.cn/info/1003/2715.htm""}"
SESSION-ad51ff27-5392-57ab-a253-7e7b15005b1f,PY-b5d0d88d-6d2b-5d5c-b8fa-740cd91b914f,2024,professional_combined,"[""professional_1"",""professional_2""]",180,,,,,not_published,SRC-HFNU-2024-ZC,"{""row_key"":""新能源材料与器件"",""section"":""考试科目"",""table"":3,""url"":""https://zsb.hfnu.edu.cn/info/1003/2715.htm""}"
SESSION-b8fecc10-24f0-5a6d-9278-abf16cc178fa,PY-b5d0d88d-6d2b-5d5c-b8fa-740cd91b914f,2024,public_1,"[""public_1""]",120,,,,,not_published,SRC-HFNU-2024-ZC,"{""row_key"":""新能源材料与器件"",""section"":""考试科目"",""table"":3,""url"":""https://zsb.hfnu.edu.cn/info/1003/2715.htm""}"
SESSION-016f6dbe-3df8-524a-9420-7feacea77722,PY-b5d0d88d-6d2b-5d5c-b8fa-740cd91b914f,2024,public_2,"[""public_2""]",90,,,,,not_published,SRC-HFNU-2024-ZC,"{""row_key"":""新能源材料与器件"",""section"":""考试科目"",""table"":3,""url"":""https://zsb.hfnu.edu.cn/info/1003/2715.htm""}"
SESSION-8b30e2b0-8511-58b2-87f8-c382d6716056,PY-a33a19d4-d78c-5342-be85-65c5a9660b96,2024,professional_combined,"[""professional_1"",""professional_2""]",180,,,,,not_published,SRC-HFNU-2024-ZC,"{""row_key"":""服装与服饰设计"",""section"":""考试科目"",""table"":3,""url"":""https://zsb.hfnu.edu.cn/info/1003/2715.htm""}"
SESSION-cbd9d293-ace9-56a9-8260-fe82ec5cef2f,PY-a33a19d4-d78c-5342-be85-65c5a9660b96,2024,public_1,"[""public_1""]",120,,,,,not_published,SRC-HFNU-2024-ZC,"{""row_key"":""服装与服饰设计"",""section"":""考试科目"",""table"":3,""url"":""https://zsb.hfnu.edu.cn/info/1003/2715.htm""}"
SESSION-3c4601ab-064d-520d-92a3-8b9df96f7d9f,PY-a33a19d4-d78c-5342-be85-65c5a9660b96,2024,public_2,"[""public_2""]",90,,,,,not_published,SRC-HFNU-2024-ZC,"{""row_key"":""服装与服饰设计"",""section"":""考试科目"",""table"":3,""url"":""https://zsb.hfnu.edu.cn/info/1003/2715.htm""}"
SESSION-51dc2b55-bd07-5ee1-ab16-88ce6ec30ea4,PY-3a2cd018-7f77-5bc5-9f9c-a1c016453ac4,2024,professional_combined,"[""professional_1"",""professional_2""]",180,,,,,not_published,SRC-HFNU-2024-ZC,"{""row_key"":""材料科学与工程"",""section"":""考试科目"",""table"":3,""url"":""https://zsb.hfnu.edu.cn/info/1003/2715.htm""}"
SESSION-8567b865-d63d-5b05-a0dd-f66ab9fd960e,PY-3a2cd018-7f77-5bc5-9f9c-a1c016453ac4,2024,public_1,"[""public_1""]",120,,,,,not_published,SRC-HFNU-2024-ZC,"{""row_key"":""材料科学与工程"",""section"":""考试科目"",""table"":3,""url"":""https://zsb.hfnu.edu.cn/info/1003/2715.htm""}"
SESSION-1bafb0a3-8ed5-586f-ac38-eaeb475faab5,PY-3a2cd018-7f77-5bc5-9f9c-a1c016453ac4,2024,public_2,"[""public_2""]",90,,,,,not_published,SRC-HFNU-2024-ZC,"{""row_key"":""材料科学与工程"",""section"":""考试科目"",""table"":3,""url"":""https://zsb.hfnu.edu.cn/info/1003/2715.htm""}"
SESSION-945f333d-650d-5478-9393-770ccbc6c827,PY-cce1b798-d909-5e3a-8e03-49751024827c,2024,professional_combined,"[""professional_1"",""professional_2""]",180,,,,,not_published,SRC-HFNU-2024-ZC,"{""row_key"":""环境设计"",""section"":""考试科目"",""table"":3,""url"":""https://zsb.hfnu.edu.cn/info/1003/2715.htm""}"
SESSION-9d7718e0-cf6f-5b2f-9fb9-66013cab72c0,PY-cce1b798-d909-5e3a-8e03-49751024827c,2024,public_1,"[""public_1""]",120,,,,,not_published,SRC-HFNU-2024-ZC,"{""row_key"":""环境设计"",""section"":""考试科目"",""table"":3,""url"":""https://zsb.hfnu.edu.cn/info/1003/2715.htm""}"
SESSION-5705862e-0613-5ea7-9d3a-a082a43c421b,PY-cce1b798-d909-5e3a-8e03-49751024827c,2024,public_2,"[""public_2""]",90,,,,,not_published,SRC-HFNU-2024-ZC,"{""row_key"":""环境设计"",""section"":""考试科目"",""table"":3,""url"":""https://zsb.hfnu.edu.cn/info/1003/2715.htm""}"
SESSION-f63db6cd-6037-5508-bdd1-47e368b292ea,PY-383f6bf8-4300-552c-9214-286c5ae05e4c,2024,professional_combined,"[""professional_1"",""professional_2""]",180,,,,,not_published,SRC-HFNU-2024-ZC,"{""row_key"":""生物制药"",""section"":""考试科目"",""table"":3,""url"":""https://zsb.hfnu.edu.cn/info/1003/2715.htm""}"
SESSION-e21fcc5d-1af5-5565-8aa7-7e2a2cf24ee8,PY-383f6bf8-4300-552c-9214-286c5ae05e4c,2024,public_1,"[""public_1""]",120,,,,,not_published,SRC-HFNU-2024-ZC,"{""row_key"":""生物制药"",""section"":""考试科目"",""table"":3,""url"":""https://zsb.hfnu.edu.cn/info/1003/2715.htm""}"
SESSION-1d39f351-8603-5ce7-936e-449015a6ece2,PY-383f6bf8-4300-552c-9214-286c5ae05e4c,2024,public_2,"[""public_2""]",90,,,,,not_published,SRC-HFNU-2024-ZC,"{""row_key"":""生物制药"",""section"":""考试科目"",""table"":3,""url"":""https://zsb.hfnu.edu.cn/info/1003/2715.htm""}"
SESSION-cc27ee37-fd2d-5937-b12b-51088af92d67,PY-efd03451-30c9-5a3b-a3c0-c025f88814d9,2024,professional_combined,"[""professional_1"",""professional_2""]",180,,,,,not_published,SRC-HFNU-2024-ZC,"{""row_key"":""电子信息工程"",""section"":""考试科目"",""table"":3,""url"":""https://zsb.hfnu.edu.cn/info/1003/2715.htm""}"
SESSION-65cf401a-6439-5611-a146-c42862333c66,PY-efd03451-30c9-5a3b-a3c0-c025f88814d9,2024,public_1,"[""public_1""]",120,,,,,not_published,SRC-HFNU-2024-ZC,"{""row_key"":""电子信息工程"",""section"":""考试科目"",""table"":3,""url"":""https://zsb.hfnu.edu.cn/info/1003/2715.htm""}"
SESSION-d3f5836f-3d24-5576-b412-cc9b3f1f8a9d,PY-efd03451-30c9-5a3b-a3c0-c025f88814d9,2024,public_2,"[""public_2""]",90,,,,,not_published,SRC-HFNU-2024-ZC,"{""row_key"":""电子信息工程"",""section"":""考试科目"",""table"":3,""url"":""https://zsb.hfnu.edu.cn/info/1003/2715.htm""}"
SESSION-470f8ad2-5a3d-57cd-8597-ba6fa32db796,PY-faa4df75-4caa-5caa-afbc-83d5d9f96562,2024,professional_combined,"[""professional_1"",""professional_2""]",180,,,,,not_published,SRC-HFNU-2024-ZC,"{""row_key"":""电气工程及其自动化"",""section"":""考试科目"",""table"":3,""url"":""https://zsb.hfnu.edu.cn/info/1003/2715.htm""}"
SESSION-4004203d-caf4-5e19-9f12-38648579fdff,PY-faa4df75-4caa-5caa-afbc-83d5d9f96562,2024,public_1,"[""public_1""]",120,,,,,not_published,SRC-HFNU-2024-ZC,"{""row_key"":""电气工程及其自动化"",""section"":""考试科目"",""table"":3,""url"":""https://zsb.hfnu.edu.cn/info/1003/2715.htm""}"
SESSION-1cf9e3a3-ab9c-53b7-a3f7-a41abe06f307,PY-faa4df75-4caa-5caa-afbc-83d5d9f96562,2024,public_2,"[""public_2""]",90,,,,,not_published,SRC-HFNU-2024-ZC,"{""row_key"":""电气工程及其自动化"",""section"":""考试科目"",""table"":3,""url"":""https://zsb.hfnu.edu.cn/info/1003/2715.htm""}"
SESSION-8451db95-15f3-503a-a9f1-991ae7099fb2,PY-ef3ba7ca-8a35-567d-8e9b-5e9db870845d,2024,professional_combined,"[""professional_1"",""professional_2""]",180,,,,,not_published,SRC-HFNU-2024-ZC,"{""row_key"":""经济统计学"",""section"":""考试科目"",""table"":3,""url"":""https://zsb.hfnu.edu.cn/info/1003/2715.htm""}"
SESSION-21e4cfac-969a-54aa-bfc7-a080ac0bc84f,PY-ef3ba7ca-8a35-567d-8e9b-5e9db870845d,2024,public_1,"[""public_1""]",120,,,,,not_published,SRC-HFNU-2024-ZC,"{""row_key"":""经济统计学"",""section"":""考试科目"",""table"":3,""url"":""https://zsb.hfnu.edu.cn/info/1003/2715.htm""}"
SESSION-b9b5ab27-520a-517b-94d6-598ed509525b,PY-ef3ba7ca-8a35-567d-8e9b-5e9db870845d,2024,public_2,"[""public_2""]",90,,,,,not_published,SRC-HFNU-2024-ZC,"{""row_key"":""经济统计学"",""section"":""考试科目"",""table"":3,""url"":""https://zsb.hfnu.edu.cn/info/1003/2715.htm""}"
SESSION-9fbad879-f8ac-5179-8764-bbc673e524ad,PY-99def49b-49c6-5585-b556-8fa88db18d63,2024,professional_combined,"[""professional_1"",""professional_2""]",180,,,,,not_published,SRC-HFNU-2024-ZC,"{""row_key"":""网络与新媒体"",""section"":""考试科目"",""table"":3,""url"":""https://zsb.hfnu.edu.cn/info/1003/2715.htm""}"
SESSION-a1f8c98d-8298-5d31-9499-bc9eecc8ac28,PY-99def49b-49c6-5585-b556-8fa88db18d63,2024,public_1,"[""public_1""]",120,,,,,not_published,SRC-HFNU-2024-ZC,"{""row_key"":""网络与新媒体"",""section"":""考试科目"",""table"":3,""url"":""https://zsb.hfnu.edu.cn/info/1003/2715.htm""}"
SESSION-e792e8b4-6b8e-5392-bccd-f0c4cb55b08d,PY-99def49b-49c6-5585-b556-8fa88db18d63,2024,public_2,"[""public_2""]",90,,,,,not_published,SRC-HFNU-2024-ZC,"{""row_key"":""网络与新媒体"",""section"":""考试科目"",""table"":3,""url"":""https://zsb.hfnu.edu.cn/info/1003/2715.htm""}"
SESSION-9ea6a9dd-2e4e-549d-b433-02b591b094cb,PY-4420be4a-c3a7-513d-8208-0de118ed05c0,2024,professional_combined,"[""professional_1"",""professional_2""]",180,,,,,not_published,SRC-HFNU-2024-ZC,"{""row_key"":""网络工程"",""section"":""考试科目"",""table"":3,""url"":""https://zsb.hfnu.edu.cn/info/1003/2715.htm""}"
SESSION-244a0743-1b7c-54af-80dc-16912206e5c6,PY-4420be4a-c3a7-513d-8208-0de118ed05c0,2024,public_1,"[""public_1""]",120,,,,,not_published,SRC-HFNU-2024-ZC,"{""row_key"":""网络工程"",""section"":""考试科目"",""table"":3,""url"":""https://zsb.hfnu.edu.cn/info/1003/2715.htm""}"
SESSION-4bc691fd-1999-5844-a349-f70ef81aad9d,PY-4420be4a-c3a7-513d-8208-0de118ed05c0,2024,public_2,"[""public_2""]",90,,,,,not_published,SRC-HFNU-2024-ZC,"{""row_key"":""网络工程"",""section"":""考试科目"",""table"":3,""url"":""https://zsb.hfnu.edu.cn/info/1003/2715.htm""}"
SESSION-81a70965-13be-565d-b886-b0ff6c4dc7f4,PY-078d9cf4-435d-571c-b89d-6cf5d2426a5b,2024,professional_combined,"[""professional_1"",""professional_2""]",180,,,,,not_published,SRC-HFNU-2024-ZC,"{""row_key"":""药物制剂"",""section"":""考试科目"",""table"":3,""url"":""https://zsb.hfnu.edu.cn/info/1003/2715.htm""}"
SESSION-a1809da5-333a-54e3-9974-ae4a558ace60,PY-078d9cf4-435d-571c-b89d-6cf5d2426a5b,2024,public_1,"[""public_1""]",120,,,,,not_published,SRC-HFNU-2024-ZC,"{""row_key"":""药物制剂"",""section"":""考试科目"",""table"":3,""url"":""https://zsb.hfnu.edu.cn/info/1003/2715.htm""}"
SESSION-963e54f4-7173-5a07-be8f-3b1b52f3a289,PY-078d9cf4-435d-571c-b89d-6cf5d2426a5b,2024,public_2,"[""public_2""]",90,,,,,not_published,SRC-HFNU-2024-ZC,"{""row_key"":""药物制剂"",""section"":""考试科目"",""table"":3,""url"":""https://zsb.hfnu.edu.cn/info/1003/2715.htm""}"
SESSION-8472ffd0-9199-54be-b256-0193b29608a6,PY-5b0619d9-5054-5707-9c9a-0f87f8079b72,2024,professional_combined,"[""professional_1"",""professional_2""]",180,,,,,not_published,SRC-HFNU-2024-ZC,"{""row_key"":""视觉传达设计"",""section"":""考试科目"",""table"":3,""url"":""https://zsb.hfnu.edu.cn/info/1003/2715.htm""}"
SESSION-90a538af-b5cd-51aa-9427-ddf061f02833,PY-5b0619d9-5054-5707-9c9a-0f87f8079b72,2024,public_1,"[""public_1""]",120,,,,,not_published,SRC-HFNU-2024-ZC,"{""row_key"":""视觉传达设计"",""section"":""考试科目"",""table"":3,""url"":""https://zsb.hfnu.edu.cn/info/1003/2715.htm""}"
SESSION-8b7a45cd-320d-535b-9bdd-8fdbf7ab6258,PY-5b0619d9-5054-5707-9c9a-0f87f8079b72,2024,public_2,"[""public_2""]",90,,,,,not_published,SRC-HFNU-2024-ZC,"{""row_key"":""视觉传达设计"",""section"":""考试科目"",""table"":3,""url"":""https://zsb.hfnu.edu.cn/info/1003/2715.htm""}"
SESSION-e928b688-f2bb-5cff-aca7-78fb578e41b0,PY-c1006596-0bc4-5d2f-bae9-d702b42dbe56,2024,professional_combined,"[""professional_1"",""professional_2""]",180,,,,,not_published,SRC-HFNU-2024-ZC,"{""row_key"":""计算机科学与技术"",""section"":""考试科目"",""table"":3,""url"":""https://zsb.hfnu.edu.cn/info/1003/2715.htm""}"
SESSION-068ce6a4-351e-555d-8849-5dbe46ce5d7c,PY-c1006596-0bc4-5d2f-bae9-d702b42dbe56,2024,public_1,"[""public_1""]",120,,,,,not_published,SRC-HFNU-2024-ZC,"{""row_key"":""计算机科学与技术"",""section"":""考试科目"",""table"":3,""url"":""https://zsb.hfnu.edu.cn/info/1003/2715.htm""}"
SESSION-a51f3500-555e-57d8-92d6-f7d84127e02f,PY-c1006596-0bc4-5d2f-bae9-d702b42dbe56,2024,public_2,"[""public_2""]",90,,,,,not_published,SRC-HFNU-2024-ZC,"{""row_key"":""计算机科学与技术"",""section"":""考试科目"",""table"":3,""url"":""https://zsb.hfnu.edu.cn/info/1003/2715.htm""}"
SESSION-e190b1a3-2c30-59ca-945d-b82e276f83ad,PY-961cdbb0-595a-5c84-b275-3c44bd3f1afe,2024,professional_combined,"[""professional_1"",""professional_2""]",180,,,,,not_published,SRC-HFNU-2024-ZC,"{""row_key"":""财务管理"",""section"":""考试科目"",""table"":3,""url"":""https://zsb.hfnu.edu.cn/info/1003/2715.htm""}"
SESSION-dba39af7-46dc-5215-96db-4eaccdcf24b4,PY-961cdbb0-595a-5c84-b275-3c44bd3f1afe,2024,public_1,"[""public_1""]",120,,,,,not_published,SRC-HFNU-2024-ZC,"{""row_key"":""财务管理"",""section"":""考试科目"",""table"":3,""url"":""https://zsb.hfnu.edu.cn/info/1003/2715.htm""}"
SESSION-cdab4057-d1df-5569-97b3-3d3e28a275bb,PY-961cdbb0-595a-5c84-b275-3c44bd3f1afe,2024,public_2,"[""public_2""]",90,,,,,not_published,SRC-HFNU-2024-ZC,"{""row_key"":""财务管理"",""section"":""考试科目"",""table"":3,""url"":""https://zsb.hfnu.edu.cn/info/1003/2715.htm""}"
SESSION-96de7417-0c50-5ddb-9a18-6c1ecd17cdd7,PY-c544ae6e-925e-5611-ba09-a410dc123c8f,2024,professional_combined,"[""professional_1"",""professional_2""]",180,,,,,not_published,SRC-HFNU-2024-ZC,"{""row_key"":""软件工程"",""section"":""考试科目"",""table"":3,""url"":""https://zsb.hfnu.edu.cn/info/1003/2715.htm""}"
SESSION-baea79b1-3085-5d5c-8da0-14210b39cee8,PY-c544ae6e-925e-5611-ba09-a410dc123c8f,2024,public_1,"[""public_1""]",120,,,,,not_published,SRC-HFNU-2024-ZC,"{""row_key"":""软件工程"",""section"":""考试科目"",""table"":3,""url"":""https://zsb.hfnu.edu.cn/info/1003/2715.htm""}"
SESSION-f17f58e1-bbfa-5557-9ee3-e73de0dbd596,PY-c544ae6e-925e-5611-ba09-a410dc123c8f,2024,public_2,"[""public_2""]",90,,,,,not_published,SRC-HFNU-2024-ZC,"{""row_key"":""软件工程"",""section"":""考试科目"",""table"":3,""url"":""https://zsb.hfnu.edu.cn/info/1003/2715.htm""}"
SESSION-98aa0871-a3d4-573e-a2fb-f6571931c60b,PY-affbb6ae-8b72-59de-9a6f-ca8898ee35cf,2024,professional_combined,"[""professional_1"",""professional_2""]",180,,,,,not_published,SRC-HFNU-2024-ZC,"{""row_key"":""运动康复"",""section"":""考试科目"",""table"":3,""url"":""https://zsb.hfnu.edu.cn/info/1003/2715.htm""}"
SESSION-b63ed1e3-9e00-5e6d-8e45-366caf6f60eb,PY-affbb6ae-8b72-59de-9a6f-ca8898ee35cf,2024,public_1,"[""public_1""]",120,,,,,not_published,SRC-HFNU-2024-ZC,"{""row_key"":""运动康复"",""section"":""考试科目"",""table"":3,""url"":""https://zsb.hfnu.edu.cn/info/1003/2715.htm""}"
SESSION-bf2c23bc-293c-53d9-a5ab-8024a28a86b8,PY-affbb6ae-8b72-59de-9a6f-ca8898ee35cf,2024,public_2,"[""public_2""]",90,,,,,not_published,SRC-HFNU-2024-ZC,"{""row_key"":""运动康复"",""section"":""考试科目"",""table"":3,""url"":""https://zsb.hfnu.edu.cn/info/1003/2715.htm""}"
SESSION-bed24d09-445a-582c-80f0-9a7218a6fbb3,PY-463cbd2c-1087-553b-969f-9f38cad0f7f3,2024,professional_combined,"[""professional_1"",""professional_2""]",180,,,,,not_published,SRC-HFNU-2024-ZC,"{""row_key"":""通信工程"",""section"":""考试科目"",""table"":3,""url"":""https://zsb.hfnu.edu.cn/info/1003/2715.htm""}"
SESSION-d534ae70-1f2d-5c05-8175-3f477b698b4e,PY-463cbd2c-1087-553b-969f-9f38cad0f7f3,2024,public_1,"[""public_1""]",120,,,,,not_published,SRC-HFNU-2024-ZC,"{""row_key"":""通信工程"",""section"":""考试科目"",""table"":3,""url"":""https://zsb.hfnu.edu.cn/info/1003/2715.htm""}"
SESSION-67ac147b-ec11-5a1e-866a-851cf64b95a3,PY-463cbd2c-1087-553b-969f-9f38cad0f7f3,2024,public_2,"[""public_2""]",90,,,,,not_published,SRC-HFNU-2024-ZC,"{""row_key"":""通信工程"",""section"":""考试科目"",""table"":3,""url"":""https://zsb.hfnu.edu.cn/info/1003/2715.htm""}"
SESSION-42292319-04cf-5621-b7bf-08714c0a228f,PY-5a308856-46aa-584b-856c-62c27c55f791,2024,professional_combined,"[""professional_1"",""professional_2""]",180,,,,,not_published,SRC-HFNU-2024-ZC,"{""row_key"":""食品质量与安全"",""section"":""考试科目"",""table"":3,""url"":""https://zsb.hfnu.edu.cn/info/1003/2715.htm""}"
SESSION-3e9b6f9a-ecf4-5b52-b849-8287eafe0ed1,PY-5a308856-46aa-584b-856c-62c27c55f791,2024,public_1,"[""public_1""]",120,,,,,not_published,SRC-HFNU-2024-ZC,"{""row_key"":""食品质量与安全"",""section"":""考试科目"",""table"":3,""url"":""https://zsb.hfnu.edu.cn/info/1003/2715.htm""}"
SESSION-a241a559-ee2e-52db-b98d-13e685e8dbc5,PY-5a308856-46aa-584b-856c-62c27c55f791,2024,public_2,"[""public_2""]",90,,,,,not_published,SRC-HFNU-2024-ZC,"{""row_key"":""食品质量与安全"",""section"":""考试科目"",""table"":3,""url"":""https://zsb.hfnu.edu.cn/info/1003/2715.htm""}"
SESSION-c963bc03-26d0-5dc1-9c4b-05734c586b2a,PY-8d4db694-460f-585a-afa0-c07735ec3f07,2025,professional_combined,"[""professional_1"",""professional_2""]",180,2025-04-20,08:00,11:00,合肥师范学院锦绣校区,published,SRC-HFNU-2025-ZC,"{""asset_id"":""ASSET-HFNU-2025-ZC-PDF"",""page"":13,""row_key"":""互联网金融"",""section"":""考试时间和考试地点""}"
SESSION-655dfde7-0a49-5e1a-9cf6-f15d905c2517,PY-8d4db694-460f-585a-afa0-c07735ec3f07,2025,public_1,"[""public_1""]",120,2025-04-19,09:00,11:00,,not_published,SRC-HFNU-2025-ZC,"{""asset_id"":""ASSET-HFNU-2025-ZC-PDF"",""page"":13,""row_key"":""互联网金融"",""section"":""考试时间和考试地点""}"
SESSION-bd5571a2-1d28-5ffb-95f0-ea7e45e56319,PY-8d4db694-460f-585a-afa0-c07735ec3f07,2025,public_2,"[""public_2""]",90,2025-04-19,14:00,15:30,,not_published,SRC-HFNU-2025-ZC,"{""asset_id"":""ASSET-HFNU-2025-ZC-PDF"",""page"":13,""row_key"":""互联网金融"",""section"":""考试时间和考试地点""}"
SESSION-e6bd9593-3487-5120-ae49-4561c8620b72,PY-955dc40b-8141-5590-86cf-1af86a0004ff,2025,professional_combined,"[""professional_1"",""professional_2""]",180,2025-04-20,08:00,11:00,合肥师范学院锦绣校区,published,SRC-HFNU-2025-ZC,"{""asset_id"":""ASSET-HFNU-2025-ZC-PDF"",""page"":13,""row_key"":""人力资源管理"",""section"":""考试时间和考试地点""}"
SESSION-51f9cccf-a093-581a-8b55-d81300edf20d,PY-955dc40b-8141-5590-86cf-1af86a0004ff,2025,public_1,"[""public_1""]",120,2025-04-19,09:00,11:00,,not_published,SRC-HFNU-2025-ZC,"{""asset_id"":""ASSET-HFNU-2025-ZC-PDF"",""page"":13,""row_key"":""人力资源管理"",""section"":""考试时间和考试地点""}"
SESSION-42e66230-9f8d-54ce-95d1-7c5a84785b90,PY-955dc40b-8141-5590-86cf-1af86a0004ff,2025,public_2,"[""public_2""]",90,2025-04-19,14:00,15:30,,not_published,SRC-HFNU-2025-ZC,"{""asset_id"":""ASSET-HFNU-2025-ZC-PDF"",""page"":13,""row_key"":""人力资源管理"",""section"":""考试时间和考试地点""}"
SESSION-4e3954fb-4c53-52d5-bd29-023abcf06c9f,PY-4467374a-02cd-5f46-9d4b-72991146ebec,2025,professional_combined,"[""professional_1"",""professional_2""]",180,2025-04-20,14:00,17:00,合肥师范学院锦绣校区,published,SRC-HFNU-2025-ZC,"{""asset_id"":""ASSET-HFNU-2025-ZC-PDF"",""page"":13,""row_key"":""制药工程"",""section"":""考试时间和考试地点""}"
SESSION-3db0f137-2459-559d-bd86-03164182b3a6,PY-4467374a-02cd-5f46-9d4b-72991146ebec,2025,public_1,"[""public_1""]",120,2025-04-19,09:00,11:00,,not_published,SRC-HFNU-2025-ZC,"{""asset_id"":""ASSET-HFNU-2025-ZC-PDF"",""page"":13,""row_key"":""制药工程"",""section"":""考试时间和考试地点""}"
SESSION-a5ae1e3c-cf0b-5e81-99c9-d6e5cc5dfa84,PY-4467374a-02cd-5f46-9d4b-72991146ebec,2025,public_2,"[""public_2""]",90,2025-04-19,14:00,15:30,,not_published,SRC-HFNU-2025-ZC,"{""asset_id"":""ASSET-HFNU-2025-ZC-PDF"",""page"":13,""row_key"":""制药工程"",""section"":""考试时间和考试地点""}"
SESSION-9ad7acbd-8a91-5c14-a41b-4e0dc2c87caf,PY-e900d1c0-2088-5eb2-83aa-8405a19a7a2a,2025,professional_combined,"[""professional_1"",""professional_2""]",180,2025-04-20,08:00,11:00,合肥师范学院锦绣校区,published,SRC-HFNU-2025-ZC,"{""asset_id"":""ASSET-HFNU-2025-ZC-PDF"",""page"":13,""row_key"":""动画"",""section"":""考试时间和考试地点""}"
SESSION-48feb8a1-6d06-5455-974b-a97413ff1144,PY-e900d1c0-2088-5eb2-83aa-8405a19a7a2a,2025,public_1,"[""public_1""]",120,2025-04-19,09:00,11:00,,not_published,SRC-HFNU-2025-ZC,"{""asset_id"":""ASSET-HFNU-2025-ZC-PDF"",""page"":13,""row_key"":""动画"",""section"":""考试时间和考试地点""}"
SESSION-321d77f5-3a21-577d-b96b-8cdf12c4cd8f,PY-e900d1c0-2088-5eb2-83aa-8405a19a7a2a,2025,public_2,"[""public_2""]",90,2025-04-19,14:00,15:30,,not_published,SRC-HFNU-2025-ZC,"{""asset_id"":""ASSET-HFNU-2025-ZC-PDF"",""page"":13,""row_key"":""动画"",""section"":""考试时间和考试地点""}"
SESSION-525b2eb6-2a9d-5512-b7ca-382fd97777dc,PY-ed1ef6fc-7ce4-50d1-ba14-9a1e1339c1ba,2025,professional_combined,"[""professional_1"",""professional_2""]",180,2025-04-20,14:00,17:00,合肥师范学院锦绣校区,published,SRC-HFNU-2025-ZC,"{""asset_id"":""ASSET-HFNU-2025-ZC-PDF"",""page"":13,""row_key"":""化学工程与工艺"",""section"":""考试时间和考试地点""}"
SESSION-9db58857-c124-5722-92ed-e3a8b95dcaa9,PY-ed1ef6fc-7ce4-50d1-ba14-9a1e1339c1ba,2025,public_1,"[""public_1""]",120,2025-04-19,09:00,11:00,,not_published,SRC-HFNU-2025-ZC,"{""asset_id"":""ASSET-HFNU-2025-ZC-PDF"",""page"":13,""row_key"":""化学工程与工艺"",""section"":""考试时间和考试地点""}"
SESSION-994289f4-d7ba-5cce-836e-270c1ebc077f,PY-ed1ef6fc-7ce4-50d1-ba14-9a1e1339c1ba,2025,public_2,"[""public_2""]",90,2025-04-19,14:00,15:30,,not_published,SRC-HFNU-2025-ZC,"{""asset_id"":""ASSET-HFNU-2025-ZC-PDF"",""page"":13,""row_key"":""化学工程与工艺"",""section"":""考试时间和考试地点""}"
SESSION-3a838f4f-b66d-53e3-a12d-dae6e35e94e6,PY-db7e9bd8-c8f9-53e8-82d9-50b849f6897b,2025,professional_combined,"[""professional_1"",""professional_2""]",180,2025-04-20,08:00,11:00,合肥师范学院锦绣校区,published,SRC-HFNU-2025-ZC,"{""asset_id"":""ASSET-HFNU-2025-ZC-PDF"",""page"":13,""row_key"":""商务英语"",""section"":""考试时间和考试地点""}"
SESSION-d0cdee00-3148-5e26-8986-d4e58ed69859,PY-db7e9bd8-c8f9-53e8-82d9-50b849f6897b,2025,public_1,"[""public_1""]",120,2025-04-19,09:00,11:00,,not_published,SRC-HFNU-2025-ZC,"{""asset_id"":""ASSET-HFNU-2025-ZC-PDF"",""page"":13,""row_key"":""商务英语"",""section"":""考试时间和考试地点""}"
SESSION-78f71748-053e-5588-8dbe-35ba5211a259,PY-db7e9bd8-c8f9-53e8-82d9-50b849f6897b,2025,public_2,"[""public_2""]",90,2025-04-19,14:00,15:30,,not_published,SRC-HFNU-2025-ZC,"{""asset_id"":""ASSET-HFNU-2025-ZC-PDF"",""page"":13,""row_key"":""商务英语"",""section"":""考试时间和考试地点""}"
SESSION-7662c9c7-b994-5e8c-adae-093daa1e60b1,PY-ecc9e3b1-60b6-5dc5-9ff3-533e80878b24,2025,professional_combined,"[""professional_1"",""professional_2""]",180,2025-04-20,08:00,11:00,合肥师范学院锦绣校区,published,SRC-HFNU-2025-ZC,"{""asset_id"":""ASSET-HFNU-2025-ZC-PDF"",""page"":13,""row_key"":""学前教育"",""section"":""考试时间和考试地点""}"
SESSION-b80d9385-b523-5465-8400-046d84036356,PY-ecc9e3b1-60b6-5dc5-9ff3-533e80878b24,2025,public_1,"[""public_1""]",120,2025-04-19,09:00,11:00,,not_published,SRC-HFNU-2025-ZC,"{""asset_id"":""ASSET-HFNU-2025-ZC-PDF"",""page"":13,""row_key"":""学前教育"",""section"":""考试时间和考试地点""}"
SESSION-39b91c47-78e5-5dc6-804f-9717968570fe,PY-ecc9e3b1-60b6-5dc5-9ff3-533e80878b24,2025,public_2,"[""public_2""]",90,2025-04-19,14:00,15:30,,not_published,SRC-HFNU-2025-ZC,"{""asset_id"":""ASSET-HFNU-2025-ZC-PDF"",""page"":13,""row_key"":""学前教育"",""section"":""考试时间和考试地点""}"
SESSION-fb7fabde-1d64-53f5-bb93-3ecbe676400e,PY-3a39de0e-93d9-5376-9e84-d126745d67a9,2025,professional_combined,"[""professional_1"",""professional_2""]",180,2025-04-20,08:00,11:00,合肥师范学院锦绣校区,published,SRC-HFNU-2025-ZC,"{""asset_id"":""ASSET-HFNU-2025-ZC-PDF"",""page"":13,""row_key"":""小学教育"",""section"":""考试时间和考试地点""}"
SESSION-29c5981b-d5a2-5753-b037-974f8dfe3461,PY-3a39de0e-93d9-5376-9e84-d126745d67a9,2025,public_1,"[""public_1""]",120,2025-04-19,09:00,11:00,,not_published,SRC-HFNU-2025-ZC,"{""asset_id"":""ASSET-HFNU-2025-ZC-PDF"",""page"":13,""row_key"":""小学教育"",""section"":""考试时间和考试地点""}"
SESSION-60aa2761-bf3a-572f-80ed-4a47ec78357f,PY-3a39de0e-93d9-5376-9e84-d126745d67a9,2025,public_2,"[""public_2""]",90,2025-04-19,14:00,15:30,,not_published,SRC-HFNU-2025-ZC,"{""asset_id"":""ASSET-HFNU-2025-ZC-PDF"",""page"":13,""row_key"":""小学教育"",""section"":""考试时间和考试地点""}"
SESSION-9b74275c-42a3-510a-8c25-29737d63f0bf,PY-c9b1de1d-1ce8-57a1-8bee-7eb6708ea2d0,2025,professional_combined,"[""professional_1"",""professional_2""]",180,2025-04-20,08:00,11:00,合肥师范学院锦绣校区,published,SRC-HFNU-2025-ZC,"{""asset_id"":""ASSET-HFNU-2025-ZC-PDF"",""page"":13,""row_key"":""市场营销"",""section"":""考试时间和考试地点""}"
SESSION-3aaf366c-4ab0-5b3a-b01a-a8f31314358a,PY-c9b1de1d-1ce8-57a1-8bee-7eb6708ea2d0,2025,public_1,"[""public_1""]",120,2025-04-19,09:00,11:00,,not_published,SRC-HFNU-2025-ZC,"{""asset_id"":""ASSET-HFNU-2025-ZC-PDF"",""page"":13,""row_key"":""市场营销"",""section"":""考试时间和考试地点""}"
SESSION-19768486-39a6-559a-8604-987e071f8542,PY-c9b1de1d-1ce8-57a1-8bee-7eb6708ea2d0,2025,public_2,"[""public_2""]",90,2025-04-19,14:00,15:30,,not_published,SRC-HFNU-2025-ZC,"{""asset_id"":""ASSET-HFNU-2025-ZC-PDF"",""page"":13,""row_key"":""市场营销"",""section"":""考试时间和考试地点""}"
SESSION-915249e6-7cfc-501b-819e-88b770b4c425,PY-6e7077e9-1f2b-5395-a3da-163433fa29e8,2025,professional_combined,"[""professional_1"",""professional_2""]",180,2025-04-20,14:00,17:00,合肥师范学院锦绣校区,published,SRC-HFNU-2025-ZC,"{""asset_id"":""ASSET-HFNU-2025-ZC-PDF"",""page"":13,""row_key"":""数据科学与大数据技术"",""section"":""考试时间和考试地点""}"
SESSION-eb7eee5f-76a8-5d95-89e9-e2df764c270b,PY-6e7077e9-1f2b-5395-a3da-163433fa29e8,2025,public_1,"[""public_1""]",120,2025-04-19,09:00,11:00,,not_published,SRC-HFNU-2025-ZC,"{""asset_id"":""ASSET-HFNU-2025-ZC-PDF"",""page"":13,""row_key"":""数据科学与大数据技术"",""section"":""考试时间和考试地点""}"
SESSION-3a0fc4d0-96fe-5c67-b354-627828c47680,PY-6e7077e9-1f2b-5395-a3da-163433fa29e8,2025,public_2,"[""public_2""]",90,2025-04-19,14:00,15:30,,not_published,SRC-HFNU-2025-ZC,"{""asset_id"":""ASSET-HFNU-2025-ZC-PDF"",""page"":13,""row_key"":""数据科学与大数据技术"",""section"":""考试时间和考试地点""}"
SESSION-e9b75902-c1c5-5779-8bbb-f4070d75b95e,PY-7a968034-5eeb-5042-aef7-056e0711e7e5,2025,professional_combined,"[""professional_1"",""professional_2""]",180,2025-04-20,14:00,17:00,合肥师范学院锦绣校区,published,SRC-HFNU-2025-ZC,"{""asset_id"":""ASSET-HFNU-2025-ZC-PDF"",""page"":13,""row_key"":""新能源材料与器件"",""section"":""考试时间和考试地点""}"
SESSION-e710b46e-07ac-59d1-b69c-bcfe962668a1,PY-7a968034-5eeb-5042-aef7-056e0711e7e5,2025,public_1,"[""public_1""]",120,2025-04-19,09:00,11:00,,not_published,SRC-HFNU-2025-ZC,"{""asset_id"":""ASSET-HFNU-2025-ZC-PDF"",""page"":13,""row_key"":""新能源材料与器件"",""section"":""考试时间和考试地点""}"
SESSION-b93ed1b8-4f79-5f48-8a20-a83dab58f429,PY-7a968034-5eeb-5042-aef7-056e0711e7e5,2025,public_2,"[""public_2""]",90,2025-04-19,14:00,15:30,,not_published,SRC-HFNU-2025-ZC,"{""asset_id"":""ASSET-HFNU-2025-ZC-PDF"",""page"":13,""row_key"":""新能源材料与器件"",""section"":""考试时间和考试地点""}"
SESSION-573b6d59-6221-529a-b8f3-abe68f367096,PY-fd171dae-68a8-5ede-ac54-96b4ca9d7bbd,2025,professional_combined,"[""professional_1"",""professional_2""]",180,2025-04-20,08:00,11:00,合肥师范学院锦绣校区,published,SRC-HFNU-2025-ZC,"{""asset_id"":""ASSET-HFNU-2025-ZC-PDF"",""page"":13,""row_key"":""服装与服饰设计"",""section"":""考试时间和考试地点""}"
SESSION-1a46e7a7-71e3-5bdb-b170-42f2066bb85a,PY-fd171dae-68a8-5ede-ac54-96b4ca9d7bbd,2025,public_1,"[""public_1""]",120,2025-04-19,09:00,11:00,,not_published,SRC-HFNU-2025-ZC,"{""asset_id"":""ASSET-HFNU-2025-ZC-PDF"",""page"":13,""row_key"":""服装与服饰设计"",""section"":""考试时间和考试地点""}"
SESSION-97bafcc7-ee5c-52b1-8562-7702acf3910a,PY-fd171dae-68a8-5ede-ac54-96b4ca9d7bbd,2025,public_2,"[""public_2""]",90,2025-04-19,14:00,15:30,,not_published,SRC-HFNU-2025-ZC,"{""asset_id"":""ASSET-HFNU-2025-ZC-PDF"",""page"":13,""row_key"":""服装与服饰设计"",""section"":""考试时间和考试地点""}"
SESSION-93d42217-eb6f-5d10-af03-69e269615d41,PY-b1bb3b4d-f0ad-5ca6-b6da-6c1f7b1ba18d,2025,professional_combined,"[""professional_1"",""professional_2""]",180,2025-04-20,08:00,11:00,合肥师范学院锦绣校区,published,SRC-HFNU-2025-ZC,"{""asset_id"":""ASSET-HFNU-2025-ZC-PDF"",""page"":13,""row_key"":""环境设计"",""section"":""考试时间和考试地点""}"
SESSION-d9f80f90-828b-516f-9f3b-5487b595d696,PY-b1bb3b4d-f0ad-5ca6-b6da-6c1f7b1ba18d,2025,public_1,"[""public_1""]",120,2025-04-19,09:00,11:00,,not_published,SRC-HFNU-2025-ZC,"{""asset_id"":""ASSET-HFNU-2025-ZC-PDF"",""page"":13,""row_key"":""环境设计"",""section"":""考试时间和考试地点""}"
SESSION-29cc70da-b892-5e5b-8f64-7326edc3d3ca,PY-b1bb3b4d-f0ad-5ca6-b6da-6c1f7b1ba18d,2025,public_2,"[""public_2""]",90,2025-04-19,14:00,15:30,,not_published,SRC-HFNU-2025-ZC,"{""asset_id"":""ASSET-HFNU-2025-ZC-PDF"",""page"":13,""row_key"":""环境设计"",""section"":""考试时间和考试地点""}"
SESSION-c65f5ce0-bf5e-5a4a-822e-42a6835b8732,PY-b7c7f69a-06d9-5e7c-a417-8fd3b0b85b36,2025,professional_combined,"[""professional_1"",""professional_2""]",180,2025-04-20,14:00,17:00,合肥师范学院锦绣校区,published,SRC-HFNU-2025-ZC,"{""asset_id"":""ASSET-HFNU-2025-ZC-PDF"",""page"":13,""row_key"":""生物制药"",""section"":""考试时间和考试地点""}"
SESSION-2e7217f6-996d-5906-b291-62d88bfda2cf,PY-b7c7f69a-06d9-5e7c-a417-8fd3b0b85b36,2025,public_1,"[""public_1""]",120,2025-04-19,09:00,11:00,,not_published,SRC-HFNU-2025-ZC,"{""asset_id"":""ASSET-HFNU-2025-ZC-PDF"",""page"":13,""row_key"":""生物制药"",""section"":""考试时间和考试地点""}"
SESSION-e4771b6f-464d-5bea-a30b-b6fca70fd5f9,PY-b7c7f69a-06d9-5e7c-a417-8fd3b0b85b36,2025,public_2,"[""public_2""]",90,2025-04-19,14:00,15:30,,not_published,SRC-HFNU-2025-ZC,"{""asset_id"":""ASSET-HFNU-2025-ZC-PDF"",""page"":13,""row_key"":""生物制药"",""section"":""考试时间和考试地点""}"
SESSION-4a4ecf48-8c3a-560b-8373-b1fe51e1892f,PY-8f722ade-092f-590b-8634-064fa7db4652,2025,professional_combined,"[""professional_1"",""professional_2""]",180,2025-04-20,14:00,17:00,合肥师范学院锦绣校区,published,SRC-HFNU-2025-ZC,"{""asset_id"":""ASSET-HFNU-2025-ZC-PDF"",""page"":13,""row_key"":""电子信息工程"",""section"":""考试时间和考试地点""}"
SESSION-9ac0d924-071c-536e-b455-0d825504e13e,PY-8f722ade-092f-590b-8634-064fa7db4652,2025,public_1,"[""public_1""]",120,2025-04-19,09:00,11:00,,not_published,SRC-HFNU-2025-ZC,"{""asset_id"":""ASSET-HFNU-2025-ZC-PDF"",""page"":13,""row_key"":""电子信息工程"",""section"":""考试时间和考试地点""}"
SESSION-c37ea6ee-9a6e-5349-8bcd-e7b7be017570,PY-8f722ade-092f-590b-8634-064fa7db4652,2025,public_2,"[""public_2""]",90,2025-04-19,14:00,15:30,,not_published,SRC-HFNU-2025-ZC,"{""asset_id"":""ASSET-HFNU-2025-ZC-PDF"",""page"":13,""row_key"":""电子信息工程"",""section"":""考试时间和考试地点""}"
SESSION-d2f7af99-c856-57d9-b535-527e74a1b349,PY-691b9e36-b4db-5629-a017-fb962d553e16,2025,professional_combined,"[""professional_1"",""professional_2""]",180,2025-04-20,14:00,17:00,合肥师范学院锦绣校区,published,SRC-HFNU-2025-ZC,"{""asset_id"":""ASSET-HFNU-2025-ZC-PDF"",""page"":13,""row_key"":""电气工程及其自动化"",""section"":""考试时间和考试地点""}"
SESSION-ff519d20-b4b4-59eb-9738-d076969eee87,PY-691b9e36-b4db-5629-a017-fb962d553e16,2025,public_1,"[""public_1""]",120,2025-04-19,09:00,11:00,,not_published,SRC-HFNU-2025-ZC,"{""asset_id"":""ASSET-HFNU-2025-ZC-PDF"",""page"":13,""row_key"":""电气工程及其自动化"",""section"":""考试时间和考试地点""}"
SESSION-14a23b61-6406-5f74-9352-89fbfe7e1cf5,PY-691b9e36-b4db-5629-a017-fb962d553e16,2025,public_2,"[""public_2""]",90,2025-04-19,14:00,15:30,,not_published,SRC-HFNU-2025-ZC,"{""asset_id"":""ASSET-HFNU-2025-ZC-PDF"",""page"":13,""row_key"":""电气工程及其自动化"",""section"":""考试时间和考试地点""}"
SESSION-9a60f352-1ce6-5fcd-93dd-b3d6b2001e1c,PY-9588e29a-fc4b-56f5-afc2-96068ab69be2,2025,professional_combined,"[""professional_1"",""professional_2""]",180,2025-04-20,14:00,17:00,合肥师范学院锦绣校区,published,SRC-HFNU-2025-ZC,"{""asset_id"":""ASSET-HFNU-2025-ZC-PDF"",""page"":13,""row_key"":""经济统计学"",""section"":""考试时间和考试地点""}"
SESSION-18b799ba-8ec0-5f91-a77f-0c8c9701d647,PY-9588e29a-fc4b-56f5-afc2-96068ab69be2,2025,public_1,"[""public_1""]",120,2025-04-19,09:00,11:00,,not_published,SRC-HFNU-2025-ZC,"{""asset_id"":""ASSET-HFNU-2025-ZC-PDF"",""page"":13,""row_key"":""经济统计学"",""section"":""考试时间和考试地点""}"
SESSION-b76bd8a9-01e2-56eb-8e35-2e4f0219ac6d,PY-9588e29a-fc4b-56f5-afc2-96068ab69be2,2025,public_2,"[""public_2""]",90,2025-04-19,14:00,15:30,,not_published,SRC-HFNU-2025-ZC,"{""asset_id"":""ASSET-HFNU-2025-ZC-PDF"",""page"":13,""row_key"":""经济统计学"",""section"":""考试时间和考试地点""}"
SESSION-2f37ee31-7361-5934-8b4f-4342e7db701b,PY-125c9ba1-90b1-5498-90cf-45e18962351f,2025,professional_combined,"[""professional_1"",""professional_2""]",180,2025-04-20,08:00,11:00,合肥师范学院锦绣校区,published,SRC-HFNU-2025-ZC,"{""asset_id"":""ASSET-HFNU-2025-ZC-PDF"",""page"":13,""row_key"":""网络与新媒体"",""section"":""考试时间和考试地点""}"
SESSION-9a4b43a8-b1c3-5d59-b1cb-8fcdbddb6c1a,PY-125c9ba1-90b1-5498-90cf-45e18962351f,2025,public_1,"[""public_1""]",120,2025-04-19,09:00,11:00,,not_published,SRC-HFNU-2025-ZC,"{""asset_id"":""ASSET-HFNU-2025-ZC-PDF"",""page"":13,""row_key"":""网络与新媒体"",""section"":""考试时间和考试地点""}"
SESSION-60babc6f-4b64-5499-9ee7-1162d6230a5c,PY-125c9ba1-90b1-5498-90cf-45e18962351f,2025,public_2,"[""public_2""]",90,2025-04-19,14:00,15:30,,not_published,SRC-HFNU-2025-ZC,"{""asset_id"":""ASSET-HFNU-2025-ZC-PDF"",""page"":13,""row_key"":""网络与新媒体"",""section"":""考试时间和考试地点""}"
SESSION-56c5be46-d9fb-524b-8d8a-f7a21d9e1f8e,PY-33849257-2af7-5485-b9bd-d58f65dccd4f,2025,professional_combined,"[""professional_1"",""professional_2""]",180,2025-04-20,14:00,17:00,合肥师范学院锦绣校区,published,SRC-HFNU-2025-ZC,"{""asset_id"":""ASSET-HFNU-2025-ZC-PDF"",""page"":13,""row_key"":""网络工程"",""section"":""考试时间和考试地点""}"
SESSION-c88eae71-ba21-554a-b463-a91ef865364c,PY-33849257-2af7-5485-b9bd-d58f65dccd4f,2025,public_1,"[""public_1""]",120,2025-04-19,09:00,11:00,,not_published,SRC-HFNU-2025-ZC,"{""asset_id"":""ASSET-HFNU-2025-ZC-PDF"",""page"":13,""row_key"":""网络工程"",""section"":""考试时间和考试地点""}"
SESSION-4b812afd-f10e-5a74-88c5-ee7b440a5f3c,PY-33849257-2af7-5485-b9bd-d58f65dccd4f,2025,public_2,"[""public_2""]",90,2025-04-19,14:00,15:30,,not_published,SRC-HFNU-2025-ZC,"{""asset_id"":""ASSET-HFNU-2025-ZC-PDF"",""page"":13,""row_key"":""网络工程"",""section"":""考试时间和考试地点""}"
SESSION-871e78fe-41bf-54ae-a833-13fb4a80189c,PY-d4434b6a-3713-5285-ab53-08fe1ef5f251,2025,professional_combined,"[""professional_1"",""professional_2""]",180,2025-04-20,14:00,17:00,合肥师范学院锦绣校区,published,SRC-HFNU-2025-ZC,"{""asset_id"":""ASSET-HFNU-2025-ZC-PDF"",""page"":13,""row_key"":""药物制剂"",""section"":""考试时间和考试地点""}"
SESSION-0e95af19-a6d3-5882-a3f4-224a6f53c7ae,PY-d4434b6a-3713-5285-ab53-08fe1ef5f251,2025,public_1,"[""public_1""]",120,2025-04-19,09:00,11:00,,not_published,SRC-HFNU-2025-ZC,"{""asset_id"":""ASSET-HFNU-2025-ZC-PDF"",""page"":13,""row_key"":""药物制剂"",""section"":""考试时间和考试地点""}"
SESSION-cb25a6dd-e34c-5d07-9e36-fb19334ed7a4,PY-d4434b6a-3713-5285-ab53-08fe1ef5f251,2025,public_2,"[""public_2""]",90,2025-04-19,14:00,15:30,,not_published,SRC-HFNU-2025-ZC,"{""asset_id"":""ASSET-HFNU-2025-ZC-PDF"",""page"":13,""row_key"":""药物制剂"",""section"":""考试时间和考试地点""}"
SESSION-de459407-9252-591b-80f4-735e41f3a631,PY-c28929a5-00a7-5b2b-bacd-584ff8b5ef83,2025,professional_combined,"[""professional_1"",""professional_2""]",180,2025-04-20,08:00,11:00,合肥师范学院锦绣校区,published,SRC-HFNU-2025-ZC,"{""asset_id"":""ASSET-HFNU-2025-ZC-PDF"",""page"":13,""row_key"":""视觉传达设计"",""section"":""考试时间和考试地点""}"
SESSION-d0e4ce43-6114-501a-858e-49db8de7cb02,PY-c28929a5-00a7-5b2b-bacd-584ff8b5ef83,2025,public_1,"[""public_1""]",120,2025-04-19,09:00,11:00,,not_published,SRC-HFNU-2025-ZC,"{""asset_id"":""ASSET-HFNU-2025-ZC-PDF"",""page"":13,""row_key"":""视觉传达设计"",""section"":""考试时间和考试地点""}"
SESSION-1159b64c-85cc-5ccc-aef4-0f415157e61d,PY-c28929a5-00a7-5b2b-bacd-584ff8b5ef83,2025,public_2,"[""public_2""]",90,2025-04-19,14:00,15:30,,not_published,SRC-HFNU-2025-ZC,"{""asset_id"":""ASSET-HFNU-2025-ZC-PDF"",""page"":13,""row_key"":""视觉传达设计"",""section"":""考试时间和考试地点""}"
SESSION-425dd3e6-872b-5b99-a866-b50f9a24e004,PY-1fc46668-1f5f-5414-8051-6683797aa8c9,2025,professional_combined,"[""professional_1"",""professional_2""]",180,2025-04-20,14:00,17:00,合肥师范学院锦绣校区,published,SRC-HFNU-2025-ZC,"{""asset_id"":""ASSET-HFNU-2025-ZC-PDF"",""page"":13,""row_key"":""计算机科学与技术"",""section"":""考试时间和考试地点""}"
SESSION-89c3ca93-b2a0-579a-a844-3bc5666b0812,PY-1fc46668-1f5f-5414-8051-6683797aa8c9,2025,public_1,"[""public_1""]",120,2025-04-19,09:00,11:00,,not_published,SRC-HFNU-2025-ZC,"{""asset_id"":""ASSET-HFNU-2025-ZC-PDF"",""page"":13,""row_key"":""计算机科学与技术"",""section"":""考试时间和考试地点""}"
SESSION-70f5104a-06f5-5151-92d4-37844c3da28d,PY-1fc46668-1f5f-5414-8051-6683797aa8c9,2025,public_2,"[""public_2""]",90,2025-04-19,14:00,15:30,,not_published,SRC-HFNU-2025-ZC,"{""asset_id"":""ASSET-HFNU-2025-ZC-PDF"",""page"":13,""row_key"":""计算机科学与技术"",""section"":""考试时间和考试地点""}"
SESSION-8793c489-de03-5a4c-8cbf-86a4ccd4d5bc,PY-f0469fae-303d-5f32-810f-4fc2c047798a,2025,professional_combined,"[""professional_1"",""professional_2""]",180,2025-04-20,08:00,11:00,合肥师范学院锦绣校区,published,SRC-HFNU-2025-ZC,"{""asset_id"":""ASSET-HFNU-2025-ZC-PDF"",""page"":13,""row_key"":""财务管理"",""section"":""考试时间和考试地点""}"
SESSION-01f99914-f892-59d0-95ee-f3cbd2a11bd4,PY-f0469fae-303d-5f32-810f-4fc2c047798a,2025,public_1,"[""public_1""]",120,2025-04-19,09:00,11:00,,not_published,SRC-HFNU-2025-ZC,"{""asset_id"":""ASSET-HFNU-2025-ZC-PDF"",""page"":13,""row_key"":""财务管理"",""section"":""考试时间和考试地点""}"
SESSION-ac08548b-e30b-547e-b113-6fc94068ddbc,PY-f0469fae-303d-5f32-810f-4fc2c047798a,2025,public_2,"[""public_2""]",90,2025-04-19,14:00,15:30,,not_published,SRC-HFNU-2025-ZC,"{""asset_id"":""ASSET-HFNU-2025-ZC-PDF"",""page"":13,""row_key"":""财务管理"",""section"":""考试时间和考试地点""}"
SESSION-9ba7e13b-3e14-547f-bfee-40f71b9ddeed,PY-74a22726-dc05-5e0a-9bb4-28bd097e2929,2025,professional_combined,"[""professional_1"",""professional_2""]",180,2025-04-20,14:00,17:00,合肥师范学院锦绣校区,published,SRC-HFNU-2025-ZC,"{""asset_id"":""ASSET-HFNU-2025-ZC-PDF"",""page"":13,""row_key"":""软件工程"",""section"":""考试时间和考试地点""}"
SESSION-a556f135-7aca-5de2-91ac-d78a9940156d,PY-74a22726-dc05-5e0a-9bb4-28bd097e2929,2025,public_1,"[""public_1""]",120,2025-04-19,09:00,11:00,,not_published,SRC-HFNU-2025-ZC,"{""asset_id"":""ASSET-HFNU-2025-ZC-PDF"",""page"":13,""row_key"":""软件工程"",""section"":""考试时间和考试地点""}"
SESSION-3f1f6e03-d005-55ea-8d1f-e9d35f2caf75,PY-74a22726-dc05-5e0a-9bb4-28bd097e2929,2025,public_2,"[""public_2""]",90,2025-04-19,14:00,15:30,,not_published,SRC-HFNU-2025-ZC,"{""asset_id"":""ASSET-HFNU-2025-ZC-PDF"",""page"":13,""row_key"":""软件工程"",""section"":""考试时间和考试地点""}"
SESSION-54afc2f1-3a28-503d-be87-255de5794094,PY-0bb78dd6-a3a6-51e2-8fd2-2b066b79e9a9,2025,professional_combined,"[""professional_1"",""professional_2""]",180,2025-04-20,08:00,11:00,合肥师范学院锦绣校区,published,SRC-HFNU-2025-ZC,"{""asset_id"":""ASSET-HFNU-2025-ZC-PDF"",""page"":13,""row_key"":""运动康复"",""section"":""考试时间和考试地点""}"
SESSION-8b3e16ba-e6b1-508b-a198-24ff5d4ef569,PY-0bb78dd6-a3a6-51e2-8fd2-2b066b79e9a9,2025,public_1,"[""public_1""]",120,2025-04-19,09:00,11:00,,not_published,SRC-HFNU-2025-ZC,"{""asset_id"":""ASSET-HFNU-2025-ZC-PDF"",""page"":13,""row_key"":""运动康复"",""section"":""考试时间和考试地点""}"
SESSION-e108d98e-0949-549f-b5a4-77f7d6e09082,PY-0bb78dd6-a3a6-51e2-8fd2-2b066b79e9a9,2025,public_2,"[""public_2""]",90,2025-04-19,14:00,15:30,,not_published,SRC-HFNU-2025-ZC,"{""asset_id"":""ASSET-HFNU-2025-ZC-PDF"",""page"":13,""row_key"":""运动康复"",""section"":""考试时间和考试地点""}"
SESSION-26bfced5-5c57-5e42-9b8e-ed2fb351a921,PY-7c2fe360-dbc0-50a0-83e7-8c346215e406,2025,professional_combined,"[""professional_1"",""professional_2""]",180,2025-04-20,14:00,17:00,合肥师范学院锦绣校区,published,SRC-HFNU-2025-ZC,"{""asset_id"":""ASSET-HFNU-2025-ZC-PDF"",""page"":13,""row_key"":""通信工程"",""section"":""考试时间和考试地点""}"
SESSION-1ba6c00f-a152-5beb-9658-0f78296f0970,PY-7c2fe360-dbc0-50a0-83e7-8c346215e406,2025,public_1,"[""public_1""]",120,2025-04-19,09:00,11:00,,not_published,SRC-HFNU-2025-ZC,"{""asset_id"":""ASSET-HFNU-2025-ZC-PDF"",""page"":13,""row_key"":""通信工程"",""section"":""考试时间和考试地点""}"
SESSION-b1b76d88-4b74-557e-bbf3-c1c3c3412fe4,PY-7c2fe360-dbc0-50a0-83e7-8c346215e406,2025,public_2,"[""public_2""]",90,2025-04-19,14:00,15:30,,not_published,SRC-HFNU-2025-ZC,"{""asset_id"":""ASSET-HFNU-2025-ZC-PDF"",""page"":13,""row_key"":""通信工程"",""section"":""考试时间和考试地点""}"
SESSION-cfa96e05-b6cb-55e7-a7c2-700550ebe467,PY-7baeb8ae-145f-5e01-998b-b44752508c28,2025,professional_combined,"[""professional_1"",""professional_2""]",180,2025-04-20,08:00,11:00,合肥师范学院锦绣校区,published,SRC-HFNU-2025-ZC,"{""asset_id"":""ASSET-HFNU-2025-ZC-PDF"",""page"":13,""row_key"":""音乐学"",""section"":""考试时间和考试地点""}"
SESSION-b180b706-7629-5c5c-9d6b-8ae0c37426c5,PY-7baeb8ae-145f-5e01-998b-b44752508c28,2025,public_1,"[""public_1""]",120,2025-04-19,09:00,11:00,,not_published,SRC-HFNU-2025-ZC,"{""asset_id"":""ASSET-HFNU-2025-ZC-PDF"",""page"":13,""row_key"":""音乐学"",""section"":""考试时间和考试地点""}"
SESSION-8131b098-aa8c-5977-abce-a80298dd1914,PY-7baeb8ae-145f-5e01-998b-b44752508c28,2025,public_2,"[""public_2""]",90,2025-04-19,14:00,15:30,,not_published,SRC-HFNU-2025-ZC,"{""asset_id"":""ASSET-HFNU-2025-ZC-PDF"",""page"":13,""row_key"":""音乐学"",""section"":""考试时间和考试地点""}"
SESSION-58c83d2f-08c4-5565-8e7f-55ff5bcb2a63,PY-268e09d8-98bc-5c9d-8fd1-32d0f7d4c7f3,2025,professional_combined,"[""professional_1"",""professional_2""]",180,2025-04-20,14:00,17:00,合肥师范学院锦绣校区,published,SRC-HFNU-2025-ZC,"{""asset_id"":""ASSET-HFNU-2025-ZC-PDF"",""page"":13,""row_key"":""食品质量与安全"",""section"":""考试时间和考试地点""}"
SESSION-22720189-4e4c-55d1-85fb-a8594a001656,PY-268e09d8-98bc-5c9d-8fd1-32d0f7d4c7f3,2025,public_1,"[""public_1""]",120,2025-04-19,09:00,11:00,,not_published,SRC-HFNU-2025-ZC,"{""asset_id"":""ASSET-HFNU-2025-ZC-PDF"",""page"":13,""row_key"":""食品质量与安全"",""section"":""考试时间和考试地点""}"
SESSION-9c22d891-8b66-502f-bceb-32fcf08d6b35,PY-268e09d8-98bc-5c9d-8fd1-32d0f7d4c7f3,2025,public_2,"[""public_2""]",90,2025-04-19,14:00,15:30,,not_published,SRC-HFNU-2025-ZC,"{""asset_id"":""ASSET-HFNU-2025-ZC-PDF"",""page"":13,""row_key"":""食品质量与安全"",""section"":""考试时间和考试地点""}"
SESSION-1d8b17a7-5892-52ad-a6aa-06b95b429177,PY-b6e23825-5ec0-5a03-a13e-66e5625a377d,2026,professional_combined,"[""professional_1"",""professional_2""]",180,2026-04-19,08:00,11:00,合肥师范学院锦绣校区,published,SRC-HFNU-2026-ZC,"{""asset_id"":""ASSET-HFNU-2026-ZC-PDF"",""page"":12,""row_key"":""互联网金融"",""section"":""考试时间和考试地点""}"
SESSION-5f5904b8-29ec-50ba-b1ec-9952c944c130,PY-b6e23825-5ec0-5a03-a13e-66e5625a377d,2026,public_1,"[""public_1""]",120,2026-04-18,09:00,11:00,,not_published,SRC-HFNU-2026-ZC,"{""asset_id"":""ASSET-HFNU-2026-ZC-PDF"",""page"":12,""row_key"":""互联网金融"",""section"":""考试时间和考试地点""}"
SESSION-dd2b1ce6-f02a-5526-8e96-aaef407efd7f,PY-b6e23825-5ec0-5a03-a13e-66e5625a377d,2026,public_2,"[""public_2""]",90,2026-04-18,14:00,15:30,,not_published,SRC-HFNU-2026-ZC,"{""asset_id"":""ASSET-HFNU-2026-ZC-PDF"",""page"":12,""row_key"":""互联网金融"",""section"":""考试时间和考试地点""}"
SESSION-803b42bf-5b14-562f-8909-f78ec7a4eaab,PY-a30adc34-ff19-5174-9c16-8a24ba99e9d0,2026,professional_combined,"[""professional_1"",""professional_2""]",180,2026-04-19,08:00,11:00,合肥师范学院锦绣校区,published,SRC-HFNU-2026-ZC,"{""asset_id"":""ASSET-HFNU-2026-ZC-PDF"",""page"":12,""row_key"":""人力资源管理"",""section"":""考试时间和考试地点""}"
SESSION-a59ef092-7061-5468-85d2-44419a2601e0,PY-a30adc34-ff19-5174-9c16-8a24ba99e9d0,2026,public_1,"[""public_1""]",120,2026-04-18,09:00,11:00,,not_published,SRC-HFNU-2026-ZC,"{""asset_id"":""ASSET-HFNU-2026-ZC-PDF"",""page"":12,""row_key"":""人力资源管理"",""section"":""考试时间和考试地点""}"
SESSION-4bfa88b3-95f8-5efe-b236-490547f02aa1,PY-a30adc34-ff19-5174-9c16-8a24ba99e9d0,2026,public_2,"[""public_2""]",90,2026-04-18,14:00,15:30,,not_published,SRC-HFNU-2026-ZC,"{""asset_id"":""ASSET-HFNU-2026-ZC-PDF"",""page"":12,""row_key"":""人力资源管理"",""section"":""考试时间和考试地点""}"
SESSION-a3fde347-3555-50d1-ac4c-9d01dc4bfd5f,PY-0dda5750-aa2b-5acf-a690-df0272bf97ba,2026,professional_combined,"[""professional_1"",""professional_2""]",180,2026-04-19,08:00,11:00,合肥师范学院锦绣校区,published,SRC-HFNU-2026-ZC,"{""asset_id"":""ASSET-HFNU-2026-ZC-PDF"",""page"":12,""row_key"":""动画"",""section"":""考试时间和考试地点""}"
SESSION-4d60a982-2e50-5a99-a6b5-1e8a6ac6d386,PY-0dda5750-aa2b-5acf-a690-df0272bf97ba,2026,public_1,"[""public_1""]",120,2026-04-18,09:00,11:00,,not_published,SRC-HFNU-2026-ZC,"{""asset_id"":""ASSET-HFNU-2026-ZC-PDF"",""page"":12,""row_key"":""动画"",""section"":""考试时间和考试地点""}"
SESSION-513c7cbc-fa33-509a-9664-9a06bf013b30,PY-0dda5750-aa2b-5acf-a690-df0272bf97ba,2026,public_2,"[""public_2""]",90,2026-04-18,14:00,15:30,,not_published,SRC-HFNU-2026-ZC,"{""asset_id"":""ASSET-HFNU-2026-ZC-PDF"",""page"":12,""row_key"":""动画"",""section"":""考试时间和考试地点""}"
SESSION-5275dd93-3be5-5115-be54-4617f2ab89fa,PY-2029e048-dd76-568e-ae02-6dc93298c7b3,2026,professional_combined,"[""professional_1"",""professional_2""]",180,2026-04-19,14:00,17:00,合肥师范学院锦绣校区,published,SRC-HFNU-2026-ZC,"{""asset_id"":""ASSET-HFNU-2026-ZC-PDF"",""page"":12,""row_key"":""化学工程与工艺"",""section"":""考试时间和考试地点""}"
SESSION-a48e9c29-4f2c-5df5-b73a-62741d39d49f,PY-2029e048-dd76-568e-ae02-6dc93298c7b3,2026,public_1,"[""public_1""]",120,2026-04-18,09:00,11:00,,not_published,SRC-HFNU-2026-ZC,"{""asset_id"":""ASSET-HFNU-2026-ZC-PDF"",""page"":12,""row_key"":""化学工程与工艺"",""section"":""考试时间和考试地点""}"
SESSION-80479617-a2bc-5080-b06e-f4325d22c023,PY-2029e048-dd76-568e-ae02-6dc93298c7b3,2026,public_2,"[""public_2""]",90,2026-04-18,14:00,15:30,,not_published,SRC-HFNU-2026-ZC,"{""asset_id"":""ASSET-HFNU-2026-ZC-PDF"",""page"":12,""row_key"":""化学工程与工艺"",""section"":""考试时间和考试地点""}"
SESSION-c0da3f00-ce0a-51ce-808d-ed26869fa520,PY-7a2e109d-c876-5b2d-94b9-c09ea486f17a,2026,professional_combined,"[""professional_1"",""professional_2""]",180,2026-04-19,08:00,11:00,合肥师范学院锦绣校区,published,SRC-HFNU-2026-ZC,"{""asset_id"":""ASSET-HFNU-2026-ZC-PDF"",""page"":12,""row_key"":""商务英语"",""section"":""考试时间和考试地点""}"
SESSION-09312be1-8711-57c3-9f52-d3919767d8e4,PY-7a2e109d-c876-5b2d-94b9-c09ea486f17a,2026,public_1,"[""public_1""]",120,2026-04-18,09:00,11:00,,not_published,SRC-HFNU-2026-ZC,"{""asset_id"":""ASSET-HFNU-2026-ZC-PDF"",""page"":12,""row_key"":""商务英语"",""section"":""考试时间和考试地点""}"
SESSION-e779f7fb-7ce1-5028-9ad5-569e1222201c,PY-7a2e109d-c876-5b2d-94b9-c09ea486f17a,2026,public_2,"[""public_2""]",90,2026-04-18,14:00,15:30,,not_published,SRC-HFNU-2026-ZC,"{""asset_id"":""ASSET-HFNU-2026-ZC-PDF"",""page"":12,""row_key"":""商务英语"",""section"":""考试时间和考试地点""}"
SESSION-98c81337-cbfc-571b-929d-ecdf87f7a928,PY-72aaeb9a-a436-5a44-ab25-970dc0988dec,2026,professional_combined,"[""professional_1"",""professional_2""]",180,2026-04-19,08:00,11:00,合肥师范学院锦绣校区,published,SRC-HFNU-2026-ZC,"{""asset_id"":""ASSET-HFNU-2026-ZC-PDF"",""page"":12,""row_key"":""学前教育"",""section"":""考试时间和考试地点""}"
SESSION-9bc80468-1423-5986-bb0d-90680ccc34cf,PY-72aaeb9a-a436-5a44-ab25-970dc0988dec,2026,public_1,"[""public_1""]",120,2026-04-18,09:00,11:00,,not_published,SRC-HFNU-2026-ZC,"{""asset_id"":""ASSET-HFNU-2026-ZC-PDF"",""page"":12,""row_key"":""学前教育"",""section"":""考试时间和考试地点""}"
SESSION-7af4804e-01c8-505d-bd60-67222875c9e3,PY-72aaeb9a-a436-5a44-ab25-970dc0988dec,2026,public_2,"[""public_2""]",90,2026-04-18,14:00,15:30,,not_published,SRC-HFNU-2026-ZC,"{""asset_id"":""ASSET-HFNU-2026-ZC-PDF"",""page"":12,""row_key"":""学前教育"",""section"":""考试时间和考试地点""}"
SESSION-74d562c8-8689-5c68-baf3-49fea2bdcdb1,PY-5f2479bd-6728-58a1-b12a-2bcf0d4b1d1e,2026,professional_combined,"[""professional_1"",""professional_2""]",180,2026-04-19,08:00,11:00,合肥师范学院锦绣校区,published,SRC-HFNU-2026-ZC,"{""asset_id"":""ASSET-HFNU-2026-ZC-PDF"",""page"":12,""row_key"":""小学教育"",""section"":""考试时间和考试地点""}"
SESSION-47085289-d189-562b-a6c4-f5aa523e9118,PY-5f2479bd-6728-58a1-b12a-2bcf0d4b1d1e,2026,public_1,"[""public_1""]",120,2026-04-18,09:00,11:00,,not_published,SRC-HFNU-2026-ZC,"{""asset_id"":""ASSET-HFNU-2026-ZC-PDF"",""page"":12,""row_key"":""小学教育"",""section"":""考试时间和考试地点""}"
SESSION-80b674d0-9ca5-50e9-8a58-0aacf845519b,PY-5f2479bd-6728-58a1-b12a-2bcf0d4b1d1e,2026,public_2,"[""public_2""]",90,2026-04-18,14:00,15:30,,not_published,SRC-HFNU-2026-ZC,"{""asset_id"":""ASSET-HFNU-2026-ZC-PDF"",""page"":12,""row_key"":""小学教育"",""section"":""考试时间和考试地点""}"
SESSION-8452cdda-0128-5a97-b3e6-2e96370922c4,PY-0aac3cd8-5c25-596e-9230-c0d6393c0806,2026,professional_combined,"[""professional_1"",""professional_2""]",180,2026-04-19,08:00,11:00,合肥师范学院锦绣校区,published,SRC-HFNU-2026-ZC,"{""asset_id"":""ASSET-HFNU-2026-ZC-PDF"",""page"":12,""row_key"":""市场营销"",""section"":""考试时间和考试地点""}"
SESSION-17e251a9-1e30-5f72-ae5d-582dcc630e61,PY-0aac3cd8-5c25-596e-9230-c0d6393c0806,2026,public_1,"[""public_1""]",120,2026-04-18,09:00,11:00,,not_published,SRC-HFNU-2026-ZC,"{""asset_id"":""ASSET-HFNU-2026-ZC-PDF"",""page"":12,""row_key"":""市场营销"",""section"":""考试时间和考试地点""}"
SESSION-b353bb09-b794-5cc6-a494-871c1c319bd7,PY-0aac3cd8-5c25-596e-9230-c0d6393c0806,2026,public_2,"[""public_2""]",90,2026-04-18,14:00,15:30,,not_published,SRC-HFNU-2026-ZC,"{""asset_id"":""ASSET-HFNU-2026-ZC-PDF"",""page"":12,""row_key"":""市场营销"",""section"":""考试时间和考试地点""}"
SESSION-217cd0d7-96de-51fc-bd56-e3d8829d2b9a,PY-e526e3b6-1188-52a6-b70e-683ba3c34f05,2026,professional_combined,"[""professional_1"",""professional_2""]",180,2026-04-19,14:00,17:00,合肥师范学院锦绣校区,published,SRC-HFNU-2026-ZC,"{""asset_id"":""ASSET-HFNU-2026-ZC-PDF"",""page"":12,""row_key"":""新能源材料与器件"",""section"":""考试时间和考试地点""}"
SESSION-2cf4437b-29b5-5a1a-8cb9-55b45ddd6aab,PY-e526e3b6-1188-52a6-b70e-683ba3c34f05,2026,public_1,"[""public_1""]",120,2026-04-18,09:00,11:00,,not_published,SRC-HFNU-2026-ZC,"{""asset_id"":""ASSET-HFNU-2026-ZC-PDF"",""page"":12,""row_key"":""新能源材料与器件"",""section"":""考试时间和考试地点""}"
SESSION-ba9590fb-80cc-52e6-a8ae-45e08aa56dfc,PY-e526e3b6-1188-52a6-b70e-683ba3c34f05,2026,public_2,"[""public_2""]",90,2026-04-18,14:00,15:30,,not_published,SRC-HFNU-2026-ZC,"{""asset_id"":""ASSET-HFNU-2026-ZC-PDF"",""page"":12,""row_key"":""新能源材料与器件"",""section"":""考试时间和考试地点""}"
SESSION-a91dffef-1ad8-5606-a854-be465d6d0996,PY-60caff45-1baa-561b-9abf-d569a2fab432,2026,professional_combined,"[""professional_1"",""professional_2""]",180,2026-04-19,08:00,11:00,合肥师范学院锦绣校区,published,SRC-HFNU-2026-ZC,"{""asset_id"":""ASSET-HFNU-2026-ZC-PDF"",""page"":12,""row_key"":""服装与服饰设计"",""section"":""考试时间和考试地点""}"
SESSION-e58e471a-89c6-5b5b-a3f7-de699df3d963,PY-60caff45-1baa-561b-9abf-d569a2fab432,2026,public_1,"[""public_1""]",120,2026-04-18,09:00,11:00,,not_published,SRC-HFNU-2026-ZC,"{""asset_id"":""ASSET-HFNU-2026-ZC-PDF"",""page"":12,""row_key"":""服装与服饰设计"",""section"":""考试时间和考试地点""}"
SESSION-4e0fb897-7ebe-5afd-8989-0120a369f773,PY-60caff45-1baa-561b-9abf-d569a2fab432,2026,public_2,"[""public_2""]",90,2026-04-18,14:00,15:30,,not_published,SRC-HFNU-2026-ZC,"{""asset_id"":""ASSET-HFNU-2026-ZC-PDF"",""page"":12,""row_key"":""服装与服饰设计"",""section"":""考试时间和考试地点""}"
SESSION-bfcee834-1b16-56db-a0fa-d7fcecb7f3be,PY-c3f5b3c6-1c16-5568-bd01-f6789ac17ca0,2026,professional_combined,"[""professional_1"",""professional_2""]",180,2026-04-19,08:00,11:00,合肥师范学院锦绣校区,published,SRC-HFNU-2026-ZC,"{""asset_id"":""ASSET-HFNU-2026-ZC-PDF"",""page"":12,""row_key"":""环境设计"",""section"":""考试时间和考试地点""}"
SESSION-aa430439-eac5-5232-bcf6-65fb87d55b56,PY-c3f5b3c6-1c16-5568-bd01-f6789ac17ca0,2026,public_1,"[""public_1""]",120,2026-04-18,09:00,11:00,,not_published,SRC-HFNU-2026-ZC,"{""asset_id"":""ASSET-HFNU-2026-ZC-PDF"",""page"":12,""row_key"":""环境设计"",""section"":""考试时间和考试地点""}"
SESSION-37aa1e2d-962b-57f7-8926-68086d9d59a5,PY-c3f5b3c6-1c16-5568-bd01-f6789ac17ca0,2026,public_2,"[""public_2""]",90,2026-04-18,14:00,15:30,,not_published,SRC-HFNU-2026-ZC,"{""asset_id"":""ASSET-HFNU-2026-ZC-PDF"",""page"":12,""row_key"":""环境设计"",""section"":""考试时间和考试地点""}"
SESSION-f5bbf219-cfed-53a1-80b1-46cd79b3edeb,PY-72444f87-2128-5e58-83db-9ee54057b81a,2026,professional_combined,"[""professional_1"",""professional_2""]",180,2026-04-19,14:00,17:00,合肥师范学院锦绣校区,published,SRC-HFNU-2026-ZC,"{""asset_id"":""ASSET-HFNU-2026-ZC-PDF"",""page"":12,""row_key"":""生物制药"",""section"":""考试时间和考试地点""}"
SESSION-024a21ef-2e15-5872-a576-e503dbcc28e7,PY-72444f87-2128-5e58-83db-9ee54057b81a,2026,public_1,"[""public_1""]",120,2026-04-18,09:00,11:00,,not_published,SRC-HFNU-2026-ZC,"{""asset_id"":""ASSET-HFNU-2026-ZC-PDF"",""page"":12,""row_key"":""生物制药"",""section"":""考试时间和考试地点""}"
SESSION-0124cede-a364-5d61-bcde-f100471f7efa,PY-72444f87-2128-5e58-83db-9ee54057b81a,2026,public_2,"[""public_2""]",90,2026-04-18,14:00,15:30,,not_published,SRC-HFNU-2026-ZC,"{""asset_id"":""ASSET-HFNU-2026-ZC-PDF"",""page"":12,""row_key"":""生物制药"",""section"":""考试时间和考试地点""}"
SESSION-2388138a-02ba-540f-b2fb-ab2e18a9ac5d,PY-aa1faa30-f529-5015-9edb-8acae4bb9ff7,2026,professional_combined,"[""professional_1"",""professional_2""]",180,2026-04-19,14:00,17:00,合肥师范学院锦绣校区,published,SRC-HFNU-2026-ZC,"{""asset_id"":""ASSET-HFNU-2026-ZC-PDF"",""page"":12,""row_key"":""电子信息工程"",""section"":""考试时间和考试地点""}"
SESSION-d4118ce6-19ab-5c45-bec0-599a521b4f3e,PY-aa1faa30-f529-5015-9edb-8acae4bb9ff7,2026,public_1,"[""public_1""]",120,2026-04-18,09:00,11:00,,not_published,SRC-HFNU-2026-ZC,"{""asset_id"":""ASSET-HFNU-2026-ZC-PDF"",""page"":12,""row_key"":""电子信息工程"",""section"":""考试时间和考试地点""}"
SESSION-272af6f8-7957-5e33-9bd5-43dcd067a9f1,PY-aa1faa30-f529-5015-9edb-8acae4bb9ff7,2026,public_2,"[""public_2""]",90,2026-04-18,14:00,15:30,,not_published,SRC-HFNU-2026-ZC,"{""asset_id"":""ASSET-HFNU-2026-ZC-PDF"",""page"":12,""row_key"":""电子信息工程"",""section"":""考试时间和考试地点""}"
SESSION-6a932fa9-f0dd-565e-a001-ae175668cb2f,PY-6937acb5-ca42-5874-90cd-3ff3eba3dff2,2026,professional_combined,"[""professional_1"",""professional_2""]",180,2026-04-19,14:00,17:00,合肥师范学院锦绣校区,published,SRC-HFNU-2026-ZC,"{""asset_id"":""ASSET-HFNU-2026-ZC-PDF"",""page"":12,""row_key"":""电气工程及其自动化"",""section"":""考试时间和考试地点""}"
SESSION-bf9c1d57-7bdb-5188-8d70-f5e5cb042960,PY-6937acb5-ca42-5874-90cd-3ff3eba3dff2,2026,public_1,"[""public_1""]",120,2026-04-18,09:00,11:00,,not_published,SRC-HFNU-2026-ZC,"{""asset_id"":""ASSET-HFNU-2026-ZC-PDF"",""page"":12,""row_key"":""电气工程及其自动化"",""section"":""考试时间和考试地点""}"
SESSION-49a804fd-ec5f-5e3d-b0e9-2dbb180d28fc,PY-6937acb5-ca42-5874-90cd-3ff3eba3dff2,2026,public_2,"[""public_2""]",90,2026-04-18,14:00,15:30,,not_published,SRC-HFNU-2026-ZC,"{""asset_id"":""ASSET-HFNU-2026-ZC-PDF"",""page"":12,""row_key"":""电气工程及其自动化"",""section"":""考试时间和考试地点""}"
SESSION-c34f263a-d11d-50c7-8155-a3f8769f7f4f,PY-9bf379f6-526f-5941-957a-024bcf12b06d,2026,professional_combined,"[""professional_1"",""professional_2""]",180,2026-04-19,14:00,17:00,合肥师范学院锦绣校区,published,SRC-HFNU-2026-ZC,"{""asset_id"":""ASSET-HFNU-2026-ZC-PDF"",""page"":12,""row_key"":""经济统计学"",""section"":""考试时间和考试地点""}"
SESSION-f546c937-ed4a-5ea6-9d5f-2931a3f3535a,PY-9bf379f6-526f-5941-957a-024bcf12b06d,2026,public_1,"[""public_1""]",120,2026-04-18,09:00,11:00,,not_published,SRC-HFNU-2026-ZC,"{""asset_id"":""ASSET-HFNU-2026-ZC-PDF"",""page"":12,""row_key"":""经济统计学"",""section"":""考试时间和考试地点""}"
SESSION-e1506334-40e8-52a3-ac0b-0caeba991212,PY-9bf379f6-526f-5941-957a-024bcf12b06d,2026,public_2,"[""public_2""]",90,2026-04-18,14:00,15:30,,not_published,SRC-HFNU-2026-ZC,"{""asset_id"":""ASSET-HFNU-2026-ZC-PDF"",""page"":12,""row_key"":""经济统计学"",""section"":""考试时间和考试地点""}"
SESSION-6134dbce-ac23-5f95-91e2-7892bc589012,PY-db22c94f-7384-5d9f-8d28-d9d914655409,2026,professional_combined,"[""professional_1"",""professional_2""]",180,2026-04-19,08:00,11:00,合肥师范学院锦绣校区,published,SRC-HFNU-2026-ZC,"{""asset_id"":""ASSET-HFNU-2026-ZC-PDF"",""page"":12,""row_key"":""网络与新媒体"",""section"":""考试时间和考试地点""}"
SESSION-525508bb-f32b-5c89-9480-771476ea9143,PY-db22c94f-7384-5d9f-8d28-d9d914655409,2026,public_1,"[""public_1""]",120,2026-04-18,09:00,11:00,,not_published,SRC-HFNU-2026-ZC,"{""asset_id"":""ASSET-HFNU-2026-ZC-PDF"",""page"":12,""row_key"":""网络与新媒体"",""section"":""考试时间和考试地点""}"
SESSION-fe6354c5-7e75-51c4-bfaa-32b412abb309,PY-db22c94f-7384-5d9f-8d28-d9d914655409,2026,public_2,"[""public_2""]",90,2026-04-18,14:00,15:30,,not_published,SRC-HFNU-2026-ZC,"{""asset_id"":""ASSET-HFNU-2026-ZC-PDF"",""page"":12,""row_key"":""网络与新媒体"",""section"":""考试时间和考试地点""}"
SESSION-c317d914-0597-5c23-974d-05f43376e000,PY-45d12ed2-0b3e-545b-9059-9faa17bf9627,2026,professional_combined,"[""professional_1"",""professional_2""]",180,2026-04-19,14:00,17:00,合肥师范学院锦绣校区,published,SRC-HFNU-2026-ZC,"{""asset_id"":""ASSET-HFNU-2026-ZC-PDF"",""page"":12,""row_key"":""网络工程"",""section"":""考试时间和考试地点""}"
SESSION-cf57d174-88df-5373-ae4a-2d5a345c9e83,PY-45d12ed2-0b3e-545b-9059-9faa17bf9627,2026,public_1,"[""public_1""]",120,2026-04-18,09:00,11:00,,not_published,SRC-HFNU-2026-ZC,"{""asset_id"":""ASSET-HFNU-2026-ZC-PDF"",""page"":12,""row_key"":""网络工程"",""section"":""考试时间和考试地点""}"
SESSION-f7df707d-55e6-58bf-a459-c7f0b88417b7,PY-45d12ed2-0b3e-545b-9059-9faa17bf9627,2026,public_2,"[""public_2""]",90,2026-04-18,14:00,15:30,,not_published,SRC-HFNU-2026-ZC,"{""asset_id"":""ASSET-HFNU-2026-ZC-PDF"",""page"":12,""row_key"":""网络工程"",""section"":""考试时间和考试地点""}"
SESSION-6e7fea73-d621-5639-948b-9ad763d5d5d6,PY-ad8df301-6793-5250-9766-93e5674a5189,2026,professional_combined,"[""professional_1"",""professional_2""]",180,2026-04-19,14:00,17:00,合肥师范学院锦绣校区,published,SRC-HFNU-2026-ZC,"{""asset_id"":""ASSET-HFNU-2026-ZC-PDF"",""page"":12,""row_key"":""药物制剂"",""section"":""考试时间和考试地点""}"
SESSION-c5309c75-19bf-58e8-9129-0007b6b92804,PY-ad8df301-6793-5250-9766-93e5674a5189,2026,public_1,"[""public_1""]",120,2026-04-18,09:00,11:00,,not_published,SRC-HFNU-2026-ZC,"{""asset_id"":""ASSET-HFNU-2026-ZC-PDF"",""page"":12,""row_key"":""药物制剂"",""section"":""考试时间和考试地点""}"
SESSION-1cbb05e0-5b4a-5208-9a9f-9d964ce44323,PY-ad8df301-6793-5250-9766-93e5674a5189,2026,public_2,"[""public_2""]",90,2026-04-18,14:00,15:30,,not_published,SRC-HFNU-2026-ZC,"{""asset_id"":""ASSET-HFNU-2026-ZC-PDF"",""page"":12,""row_key"":""药物制剂"",""section"":""考试时间和考试地点""}"
SESSION-2e16f81e-9a07-54d1-a1bb-1daec8af29eb,PY-1fa48ea8-9b9a-504c-a596-68116f927ac6,2026,professional_combined,"[""professional_1"",""professional_2""]",180,2026-04-19,08:00,11:00,合肥师范学院锦绣校区,published,SRC-HFNU-2026-ZC,"{""asset_id"":""ASSET-HFNU-2026-ZC-PDF"",""page"":12,""row_key"":""视觉传达设计"",""section"":""考试时间和考试地点""}"
SESSION-e18fe3a1-2209-5fd1-8f60-ca19a9d59398,PY-1fa48ea8-9b9a-504c-a596-68116f927ac6,2026,public_1,"[""public_1""]",120,2026-04-18,09:00,11:00,,not_published,SRC-HFNU-2026-ZC,"{""asset_id"":""ASSET-HFNU-2026-ZC-PDF"",""page"":12,""row_key"":""视觉传达设计"",""section"":""考试时间和考试地点""}"
SESSION-c92b96ab-74a7-5a76-97bf-630aeae30a06,PY-1fa48ea8-9b9a-504c-a596-68116f927ac6,2026,public_2,"[""public_2""]",90,2026-04-18,14:00,15:30,,not_published,SRC-HFNU-2026-ZC,"{""asset_id"":""ASSET-HFNU-2026-ZC-PDF"",""page"":12,""row_key"":""视觉传达设计"",""section"":""考试时间和考试地点""}"
SESSION-813afd92-b0da-53bc-91e9-68cf1b410a80,PY-57e78f73-a8db-57d9-80d6-67958e447a8f,2026,professional_combined,"[""professional_1"",""professional_2""]",180,2026-04-19,14:00,17:00,合肥师范学院锦绣校区,published,SRC-HFNU-2026-ZC,"{""asset_id"":""ASSET-HFNU-2026-ZC-PDF"",""page"":12,""row_key"":""计算机科学与技术"",""section"":""考试时间和考试地点""}"
SESSION-5b4ec224-7688-586e-b90b-8f37af406e98,PY-57e78f73-a8db-57d9-80d6-67958e447a8f,2026,public_1,"[""public_1""]",120,2026-04-18,09:00,11:00,,not_published,SRC-HFNU-2026-ZC,"{""asset_id"":""ASSET-HFNU-2026-ZC-PDF"",""page"":12,""row_key"":""计算机科学与技术"",""section"":""考试时间和考试地点""}"
SESSION-b320ce77-2d37-5bf1-b03f-20cb9a89c0fc,PY-57e78f73-a8db-57d9-80d6-67958e447a8f,2026,public_2,"[""public_2""]",90,2026-04-18,14:00,15:30,,not_published,SRC-HFNU-2026-ZC,"{""asset_id"":""ASSET-HFNU-2026-ZC-PDF"",""page"":12,""row_key"":""计算机科学与技术"",""section"":""考试时间和考试地点""}"
SESSION-fd347766-c235-58f4-be5a-c840316dc3ab,PY-7d7a90df-6856-5ed4-bd80-3bb9f115e50c,2026,professional_combined,"[""professional_1"",""professional_2""]",180,2026-04-19,08:00,11:00,合肥师范学院锦绣校区,published,SRC-HFNU-2026-ZC,"{""asset_id"":""ASSET-HFNU-2026-ZC-PDF"",""page"":12,""row_key"":""财务管理"",""section"":""考试时间和考试地点""}"
SESSION-8c91fa36-fc64-5e39-83a5-956ac44ddf35,PY-7d7a90df-6856-5ed4-bd80-3bb9f115e50c,2026,public_1,"[""public_1""]",120,2026-04-18,09:00,11:00,,not_published,SRC-HFNU-2026-ZC,"{""asset_id"":""ASSET-HFNU-2026-ZC-PDF"",""page"":12,""row_key"":""财务管理"",""section"":""考试时间和考试地点""}"
SESSION-03221907-deb5-5056-bcf1-39248e1a5389,PY-7d7a90df-6856-5ed4-bd80-3bb9f115e50c,2026,public_2,"[""public_2""]",90,2026-04-18,14:00,15:30,,not_published,SRC-HFNU-2026-ZC,"{""asset_id"":""ASSET-HFNU-2026-ZC-PDF"",""page"":12,""row_key"":""财务管理"",""section"":""考试时间和考试地点""}"
SESSION-16e7a1ce-bc77-5206-85ff-8ed3e4cf3021,PY-87d007a8-7d28-5978-b3e0-0878b10e64b2,2026,professional_combined,"[""professional_1"",""professional_2""]",180,2026-04-19,14:00,17:00,合肥师范学院锦绣校区,published,SRC-HFNU-2026-ZC,"{""asset_id"":""ASSET-HFNU-2026-ZC-PDF"",""page"":12,""row_key"":""软件工程"",""section"":""考试时间和考试地点""}"
SESSION-85ff756c-249b-5d4e-b1ee-3264de3e8419,PY-87d007a8-7d28-5978-b3e0-0878b10e64b2,2026,public_1,"[""public_1""]",120,2026-04-18,09:00,11:00,,not_published,SRC-HFNU-2026-ZC,"{""asset_id"":""ASSET-HFNU-2026-ZC-PDF"",""page"":12,""row_key"":""软件工程"",""section"":""考试时间和考试地点""}"
SESSION-3fc9bef6-225b-5f91-8c1f-e49dd5691e94,PY-87d007a8-7d28-5978-b3e0-0878b10e64b2,2026,public_2,"[""public_2""]",90,2026-04-18,14:00,15:30,,not_published,SRC-HFNU-2026-ZC,"{""asset_id"":""ASSET-HFNU-2026-ZC-PDF"",""page"":12,""row_key"":""软件工程"",""section"":""考试时间和考试地点""}"
SESSION-26c6461f-0224-5aa5-90bb-24bd3da13a9a,PY-3285d496-881a-55ab-ac23-820876127fe9,2026,professional_combined,"[""professional_1"",""professional_2""]",180,2026-04-19,08:00,11:00,合肥师范学院锦绣校区,published,SRC-HFNU-2026-ZC,"{""asset_id"":""ASSET-HFNU-2026-ZC-PDF"",""page"":12,""row_key"":""运动康复"",""section"":""考试时间和考试地点""}"
SESSION-bc12bffd-f9e3-534a-9216-80d516d958a5,PY-3285d496-881a-55ab-ac23-820876127fe9,2026,public_1,"[""public_1""]",120,2026-04-18,09:00,11:00,,not_published,SRC-HFNU-2026-ZC,"{""asset_id"":""ASSET-HFNU-2026-ZC-PDF"",""page"":12,""row_key"":""运动康复"",""section"":""考试时间和考试地点""}"
SESSION-9b306210-a546-5a45-9b96-d2edf6fadc87,PY-3285d496-881a-55ab-ac23-820876127fe9,2026,public_2,"[""public_2""]",90,2026-04-18,14:00,15:30,,not_published,SRC-HFNU-2026-ZC,"{""asset_id"":""ASSET-HFNU-2026-ZC-PDF"",""page"":12,""row_key"":""运动康复"",""section"":""考试时间和考试地点""}"
SESSION-e4bfb766-268f-5703-93e2-702cc18a1905,PY-ed1c505d-c15f-5eb8-ac3e-fd6c0180066b,2026,professional_combined,"[""professional_1"",""professional_2""]",180,2026-04-19,14:00,17:00,合肥师范学院锦绣校区,published,SRC-HFNU-2026-ZC,"{""asset_id"":""ASSET-HFNU-2026-ZC-PDF"",""page"":12,""row_key"":""通信工程"",""section"":""考试时间和考试地点""}"
SESSION-1aecf4d1-3b75-54c2-b205-07a1a176237d,PY-ed1c505d-c15f-5eb8-ac3e-fd6c0180066b,2026,public_1,"[""public_1""]",120,2026-04-18,09:00,11:00,,not_published,SRC-HFNU-2026-ZC,"{""asset_id"":""ASSET-HFNU-2026-ZC-PDF"",""page"":12,""row_key"":""通信工程"",""section"":""考试时间和考试地点""}"
SESSION-1d2735cd-f26c-5cd2-8bef-204378f2cdc6,PY-ed1c505d-c15f-5eb8-ac3e-fd6c0180066b,2026,public_2,"[""public_2""]",90,2026-04-18,14:00,15:30,,not_published,SRC-HFNU-2026-ZC,"{""asset_id"":""ASSET-HFNU-2026-ZC-PDF"",""page"":12,""row_key"":""通信工程"",""section"":""考试时间和考试地点""}"
SESSION-d7c7ba44-0896-5600-a01f-c977ac5eb4f3,PY-290a1ee3-ba61-51ad-8200-9203c30cb382,2026,professional_combined,"[""professional_1"",""professional_2""]",180,2026-04-19,08:00,11:00,合肥师范学院锦绣校区,published,SRC-HFNU-2026-ZC,"{""asset_id"":""ASSET-HFNU-2026-ZC-PDF"",""page"":12,""row_key"":""音乐学"",""section"":""考试时间和考试地点""}"
SESSION-ea24153a-8003-5a3b-b285-f6abdd4d5064,PY-290a1ee3-ba61-51ad-8200-9203c30cb382,2026,public_1,"[""public_1""]",120,2026-04-18,09:00,11:00,,not_published,SRC-HFNU-2026-ZC,"{""asset_id"":""ASSET-HFNU-2026-ZC-PDF"",""page"":12,""row_key"":""音乐学"",""section"":""考试时间和考试地点""}"
SESSION-aff15f9b-0054-5a28-b34f-0fb4c5fdb445,PY-290a1ee3-ba61-51ad-8200-9203c30cb382,2026,public_2,"[""public_2""]",90,2026-04-18,14:00,15:30,,not_published,SRC-HFNU-2026-ZC,"{""asset_id"":""ASSET-HFNU-2026-ZC-PDF"",""page"":12,""row_key"":""音乐学"",""section"":""考试时间和考试地点""}"
SESSION-2bd1c3f6-eb43-5e32-8743-05cff3b5a50f,PY-589eff83-7764-5386-b721-c8e025c15c6e,2026,professional_combined,"[""professional_1"",""professional_2""]",180,2026-04-19,14:00,17:00,合肥师范学院锦绣校区,published,SRC-HFNU-2026-ZC,"{""asset_id"":""ASSET-HFNU-2026-ZC-PDF"",""page"":12,""row_key"":""食品质量与安全"",""section"":""考试时间和考试地点""}"
SESSION-a323a26d-8f99-5055-9636-4832d8b28df8,PY-589eff83-7764-5386-b721-c8e025c15c6e,2026,public_1,"[""public_1""]",120,2026-04-18,09:00,11:00,,not_published,SRC-HFNU-2026-ZC,"{""asset_id"":""ASSET-HFNU-2026-ZC-PDF"",""page"":12,""row_key"":""食品质量与安全"",""section"":""考试时间和考试地点""}"
SESSION-8615849f-2f06-53c3-980d-84393be64182,PY-589eff83-7764-5386-b721-c8e025c15c6e,2026,public_2,"[""public_2""]",90,2026-04-18,14:00,15:30,,not_published,SRC-HFNU-2026-ZC,"{""asset_id"":""ASSET-HFNU-2026-ZC-PDF"",""page"":12,""row_key"":""食品质量与安全"",""section"":""考试时间和考试地点""}"
