eligibility_id,program_year_id,year,undergraduate_major_raw,undergraduate_major_std,allowed_major_categories_raw,allowed_major_categories_std,restriction_raw_text,source_id,source_locator
ELIG-6dd27dd2-a91d-5f19-bf50-c8627143726b,PY-b8d32ee2-1f35-5e7c-9e2d-8f37ad59d33b,2024,互联网金融,互联网金融,"财经商贸大类,电子与信息大类,旅游大类,公共管理与服务大类","财经商贸大类,电子与信息大类,旅游大类,公共管理与服务大类","财经商贸大类,电子与信息大类,旅游大类,公共管理与服务大类",SRC-HFNU-2024-ZC,"{""row_key"":""互联网金融"",""section"":""招生专业范围"",""table"":2,""url"":""https://zsb.hfnu.edu.cn/info/1003/2715.htm""}"
ELIG-9fc55e5a-6f63-51be-8745-100cb63276f1,PY-d3e1e604-5dfe-5940-9aac-c7ed5481a96b,2024,人力资源管理,人力资源管理,"财经商贸大类,旅游大类,文化艺术大类,公共管理与服务大类,新闻传播大类","财经商贸大类,旅游大类,文化艺术大类,公共管理与服务大类,新闻传播大类","财经商贸大类,旅游大类,文化艺术大类,公共管理与服务大类,新闻传播大类",SRC-HFNU-2024-ZC,"{""row_key"":""人力资源管理"",""section"":""招生专业范围"",""table"":2,""url"":""https://zsb.hfnu.edu.cn/info/1003/2715.htm""}"
ELIG-484747fb-5666-5241-b0d9-31717b126a91,PY-dd8c6616-cd6a-5b67-8db5-f4954648d30c,2024,制药工程,制药工程,"食品药品与粮食大类,生物与化工大类,医药卫生大类","食品药品与粮食大类,生物与化工大类,医药卫生大类","食品药品与粮食大类,生物与化工大类,医药卫生大类",SRC-HFNU-2024-ZC,"{""row_key"":""制药工程"",""section"":""招生专业范围"",""table"":2,""url"":""https://zsb.hfnu.edu.cn/info/1003/2715.htm""}"
ELIG-48424ebc-9ac1-54da-9504-4623712bbcc0,PY-9d21463d-ba3d-5383-9ec8-cb2b45d8c4fe,2024,动画,动画,"文化艺术大类,教育与体育大类(限于美术教育、艺术教育2个专业),电子与信息大类(限于数字媒体技术、动漫制作技术、动漫设计与制作3个专业)","文化艺术大类,教育与体育大类,电子与信息大类","文化艺术大类,教育与体育大类(限于美术教育、艺术教育2个专业),电子与信息大类(限于数字媒体技术、动漫制作技术、动漫设计与制作3个专业)",SRC-HFNU-2024-ZC,"{""row_key"":""动画"",""section"":""招生专业范围"",""table"":2,""url"":""https://zsb.hfnu.edu.cn/info/1003/2715.htm""}"
ELIG-83b0f919-053d-5c43-b8e5-4d24ac6192f1,PY-185d8434-ad71-5d84-adff-537a7fe42fd8,2024,化学工程与工艺,化学工程与工艺,"资源环境与安全大类,电子与信息大类,能源动力与材料大类,生物与化工大类","资源环境与安全大类,电子与信息大类,能源动力与材料大类,生物与化工大类","资源环境与安全大类,电子与信息大类,能源动力与材料大类,生物与化工大类",SRC-HFNU-2024-ZC,"{""row_key"":""化学工程与工艺"",""section"":""招生专业范围"",""table"":2,""url"":""https://zsb.hfnu.edu.cn/info/1003/2715.htm""}"
ELIG-165ed2f3-04a6-5989-ac18-3201595d97a4,PY-2c4bd8ce-35e9-594f-a938-a656aa703f5a,2024,商务英语,商务英语,"教育与体育大类,旅游大类,新闻传播大类,公共管理与服务大类","教育与体育大类,旅游大类,新闻传播大类,公共管理与服务大类","教育与体育大类,旅游大类,新闻传播大类,公共管理与服务大类",SRC-HFNU-2024-ZC,"{""row_key"":""商务英语"",""section"":""招生专业范围"",""table"":2,""url"":""https://zsb.hfnu.edu.cn/info/1003/2715.htm""}"
ELIG-025fefae-f6ac-5d53-9f9a-c94915b25e95,PY-020af4f4-756d-52f1-bedf-da1fb4f791e3,2024,学前教育(师范),学前教育,教育与体育大类,教育与体育大类,教育与体育大类,SRC-HFNU-2024-ZC,"{""row_key"":""学前教育"",""section"":""招生专业范围"",""table"":2,""url"":""https://zsb.hfnu.edu.cn/info/1003/2715.htm""}"
ELIG-ed733c55-c024-599e-a153-7cf573d8be4e,PY-6c06c71f-3a0c-540c-849d-0db19bc3a05c,2024,小学教育(师范),小学教育,教育与体育大类,教育与体育大类,教育与体育大类,SRC-HFNU-2024-ZC,"{""row_key"":""小学教育"",""section"":""招生专业范围"",""table"":2,""url"":""https://zsb.hfnu.edu.cn/info/1003/2715.htm""}"
ELIG-0d1fc69e-7a13-5284-8523-4aa62c0b57a1,PY-2ea256ce-e1f9-511b-b897-0b35b9549b96,2024,市场营销,市场营销,"财经商贸大类,旅游大类,公共管理与服务大类,新闻传播大类","财经商贸大类,旅游大类,公共管理与服务大类,新闻传播大类","财经商贸大类,旅游大类,公共管理与服务大类,新闻传播大类",SRC-HFNU-2024-ZC,"{""row_key"":""市场营销"",""section"":""招生专业范围"",""table"":2,""url"":""https://zsb.hfnu.edu.cn/info/1003/2715.htm""}"
ELIG-b8b6cf20-1480-50c8-bad9-9bd998cd1e51,PY-08a324b9-551b-5fed-b1f0-52e51932edf5,2024,数据科学与大数据技术,数据科学与大数据技术,"电子与信息大类,装备制造大类,交通运输大类,财经商贸大类","电子与信息大类,装备制造大类,交通运输大类,财经商贸大类","电子与信息大类,装备制造大类,交通运输大类,财经商贸大类",SRC-HFNU-2024-ZC,"{""row_key"":""数据科学与大数据技术"",""section"":""招生专业范围"",""table"":2,""url"":""https://zsb.hfnu.edu.cn/info/1003/2715.htm""}"
ELIG-3654532b-7fc3-5925-bd21-efff5d3fa346,PY-b5d0d88d-6d2b-5d5c-b8fa-740cd91b914f,2024,新能源材料与器件,新能源材料与器件,"资源环境与安全大类,电子与信息大类,装备制造大类,生物与化工大类,医药卫生大类,交通运输大类,能源动力与材料大类","资源环境与安全大类,电子与信息大类,装备制造大类,生物与化工大类,医药卫生大类,交通运输大类,能源动力与材料大类","资源环境与安全大类,电子与信息大类,装备制造大类,生物与化工大类,医药卫生大类,交通运输大类,能源动力与材料大类",SRC-HFNU-2024-ZC,"{""row_key"":""新能源材料与器件"",""section"":""招生专业范围"",""table"":2,""url"":""https://zsb.hfnu.edu.cn/info/1003/2715.htm""}"
ELIG-002763f6-e1dc-531a-9325-09f6c0a7f694,PY-a33a19d4-d78c-5342-be85-65c5a9660b96,2024,服装与服饰设计,服装与服饰设计,"文化艺术大类,教育与体育大类(限于美术教育、艺术教育2个专业),轻工纺织大类(限于纺织服装类所包含专业)","文化艺术大类,教育与体育大类,轻工纺织大类","文化艺术大类,教育与体育大类(限于美术教育、艺术教育2个专业),轻工纺织大类(限于纺织服装类所包含专业)",SRC-HFNU-2024-ZC,"{""row_key"":""服装与服饰设计"",""section"":""招生专业范围"",""table"":2,""url"":""https://zsb.hfnu.edu.cn/info/1003/2715.htm""}"
ELIG-63d9ac6d-3300-52bb-ac01-a861568755f7,PY-3a2cd018-7f77-5bc5-9f9c-a1c016453ac4,2024,材料科学与工程,材料科学与工程,"资源环境与安全大类,电子与信息大类,装备制造大类,生物与化工大类,医药卫生大类,能源动力与材料大类","资源环境与安全大类,电子与信息大类,装备制造大类,生物与化工大类,医药卫生大类,能源动力与材料大类","资源环境与安全大类,电子与信息大类,装备制造大类,生物与化工大类,医药卫生大类,能源动力与材料大类",SRC-HFNU-2024-ZC,"{""row_key"":""材料科学与工程"",""section"":""招生专业范围"",""table"":2,""url"":""https://zsb.hfnu.edu.cn/info/1003/2715.htm""}"
ELIG-e3860e11-52e3-57db-ad49-0515c35bbd92,PY-cce1b798-d909-5e3a-8e03-49751024827c,2024,环境设计,环境设计,"文化艺术大类,教育与体育大类(限于美术教育、艺术教育2个专业),电子与信息大类(限于数字媒体技术、动漫制作技术、动漫设计与制作3个专业),土木建筑类(限于园林工程技术、风景园林设计2个专业)","文化艺术大类,教育与体育大类,电子与信息大类,土木建筑类","文化艺术大类,教育与体育大类(限于美术教育、艺术教育2个专业),电子与信息大类(限于数字媒体技术、动漫制作技术、动漫设计与制作3个专业),土木建筑类(限于园林工程技术、风景园林设计2个专业)",SRC-HFNU-2024-ZC,"{""row_key"":""环境设计"",""section"":""招生专业范围"",""table"":2,""url"":""https://zsb.hfnu.edu.cn/info/1003/2715.htm""}"
ELIG-838d03ea-7fe8-5f5b-8c33-bfa8d3a3e56b,PY-383f6bf8-4300-552c-9214-286c5ae05e4c,2024,生物制药,生物制药,"食品药品与粮食大类,生物与化工大类,医药卫生大类","食品药品与粮食大类,生物与化工大类,医药卫生大类","食品药品与粮食大类,生物与化工大类,医药卫生大类",SRC-HFNU-2024-ZC,"{""row_key"":""生物制药"",""section"":""招生专业范围"",""table"":2,""url"":""https://zsb.hfnu.edu.cn/info/1003/2715.htm""}"
ELIG-b6175751-29f6-5ecc-8cc7-3929347e3ca0,PY-efd03451-30c9-5a3b-a3c0-c025f88814d9,2024,电子信息工程,电子信息工程,"电子与信息大类,装备制造大类,交通运输大类,土木建筑大类","电子与信息大类,装备制造大类,交通运输大类,土木建筑大类","电子与信息大类,装备制造大类,交通运输大类,土木建筑大类",SRC-HFNU-2024-ZC,"{""row_key"":""电子信息工程"",""section"":""招生专业范围"",""table"":2,""url"":""https://zsb.hfnu.edu.cn/info/1003/2715.htm""}"
ELIG-9b897277-c675-56df-992b-a84378391af2,PY-faa4df75-4caa-5caa-afbc-83d5d9f96562,2024,电气工程及其自动化,电气工程及其自动化,"电子与信息大类,装备制造大类,能源动力与材料大类,交通运输大类,土木建筑大类,水利大类","电子与信息大类,装备制造大类,能源动力与材料大类,交通运输大类,土木建筑大类,水利大类","电子与信息大类,装备制造大类,能源动力与材料大类,交通运输大类,土木建筑大类,水利大类",SRC-HFNU-2024-ZC,"{""row_key"":""电气工程及其自动化"",""section"":""招生专业范围"",""table"":2,""url"":""https://zsb.hfnu.edu.cn/info/1003/2715.htm""}"
ELIG-16d7991b-655d-5ba6-9d70-b90555d5d1e3,PY-ef3ba7ca-8a35-567d-8e9b-5e9db870845d,2024,经济统计学,经济统计学,"财经商贸大类,电子与信息大类,公共管理与服务大类","财经商贸大类,电子与信息大类,公共管理与服务大类","财经商贸大类,电子与信息大类,公共管理与服务大类",SRC-HFNU-2024-ZC,"{""row_key"":""经济统计学"",""section"":""招生专业范围"",""table"":2,""url"":""https://zsb.hfnu.edu.cn/info/1003/2715.htm""}"
ELIG-74e020ea-e418-5888-a939-04aa57a209c0,PY-99def49b-49c6-5585-b556-8fa88db18d63,2024,网络与新媒体,网络与新媒体,"新闻传播大类,电子信息大类(限于计算机网络技术、数字媒体技术、人工智能技术应用3个专业),文化艺术大类(限于视觉传达设计、广告艺术设计、数字媒体艺术设计、图书档案管理4个专业)","新闻传播大类,电子信息大类,文化艺术大类","新闻传播大类,电子信息大类(限于计算机网络技术、数字媒体技术、人工智能技术应用3个专业),文化艺术大类(限于视觉传达设计、广告艺术设计、数字媒体艺术设计、图书档案管理4个专业)",SRC-HFNU-2024-ZC,"{""row_key"":""网络与新媒体"",""section"":""招生专业范围"",""table"":2,""url"":""https://zsb.hfnu.edu.cn/info/1003/2715.htm""}"
ELIG-73ecc2d6-ea34-58ed-8cd9-96d4631d22e0,PY-4420be4a-c3a7-513d-8208-0de118ed05c0,2024,网络工程,网络工程,电子与信息大类,电子与信息大类,电子与信息大类,SRC-HFNU-2024-ZC,"{""row_key"":""网络工程"",""section"":""招生专业范围"",""table"":2,""url"":""https://zsb.hfnu.edu.cn/info/1003/2715.htm""}"
ELIG-67dbbd20-3fd6-5920-8e9e-8ccf673b7589,PY-078d9cf4-435d-571c-b89d-6cf5d2426a5b,2024,药物制剂,药物制剂,"食品药品与粮食大类,生物与化工大类,医药卫生大类","食品药品与粮食大类,生物与化工大类,医药卫生大类","食品药品与粮食大类,生物与化工大类,医药卫生大类",SRC-HFNU-2024-ZC,"{""row_key"":""药物制剂"",""section"":""招生专业范围"",""table"":2,""url"":""https://zsb.hfnu.edu.cn/info/1003/2715.htm""}"
ELIG-85c9cb2a-1009-522a-b902-50960d66f5a7,PY-5b0619d9-5054-5707-9c9a-0f87f8079b72,2024,视觉传达设计,视觉传达设计,"文化艺术大类,教育与体育大类(限于美术教育、艺术教育2个专业),电子与信息大类(限于数字媒体技术、动漫制作技术、动漫设计与制作3个专业),轻工纺织大类(限于印刷类所包含专业)","文化艺术大类,教育与体育大类,电子与信息大类,轻工纺织大类","文化艺术大类,教育与体育大类(限于美术教育、艺术教育2个专业),电子与信息大类(限于数字媒体技术、动漫制作技术、动漫设计与制作3个专业),轻工纺织大类(限于印刷类所包含专业)",SRC-HFNU-2024-ZC,"{""row_key"":""视觉传达设计"",""section"":""招生专业范围"",""table"":2,""url"":""https://zsb.hfnu.edu.cn/info/1003/2715.htm""}"
ELIG-ff429925-67f3-5bf1-bd31-66c5c9025ed8,PY-c1006596-0bc4-5d2f-bae9-d702b42dbe56,2024,计算机科学与技术,计算机科学与技术,电子与信息大类,电子与信息大类,电子与信息大类,SRC-HFNU-2024-ZC,"{""row_key"":""计算机科学与技术"",""section"":""招生专业范围"",""table"":2,""url"":""https://zsb.hfnu.edu.cn/info/1003/2715.htm""}"
ELIG-fd223d1f-add8-5b34-876d-95f5f78abd68,PY-961cdbb0-595a-5c84-b275-3c44bd3f1afe,2024,财务管理,财务管理,财经商贸大类,财经商贸大类,财经商贸大类,SRC-HFNU-2024-ZC,"{""row_key"":""财务管理"",""section"":""招生专业范围"",""table"":2,""url"":""https://zsb.hfnu.edu.cn/info/1003/2715.htm""}"
ELIG-552d09ea-3871-5210-b7b2-350a1cc05121,PY-c544ae6e-925e-5611-ba09-a410dc123c8f,2024,软件工程,软件工程,"电子与信息大类,装备制造大类,交通运输大类","电子与信息大类,装备制造大类,交通运输大类","电子与信息大类,装备制造大类,交通运输大类",SRC-HFNU-2024-ZC,"{""row_key"":""软件工程"",""section"":""招生专业范围"",""table"":2,""url"":""https://zsb.hfnu.edu.cn/info/1003/2715.htm""}"
ELIG-c4d328a6-565d-5ccc-9a45-9e6a7e2fd50b,PY-affbb6ae-8b72-59de-9a6f-ca8898ee35cf,2024,运动康复,运动康复,"医药卫生大类,教育与体育大类(限于体育类所包含专业)","医药卫生大类,教育与体育大类","医药卫生大类,教育与体育大类(限于体育类所包含专业)",SRC-HFNU-2024-ZC,"{""row_key"":""运动康复"",""section"":""招生专业范围"",""table"":2,""url"":""https://zsb.hfnu.edu.cn/info/1003/2715.htm""}"
ELIG-53f7d850-a2dc-58de-895d-d8aecc09cce4,PY-463cbd2c-1087-553b-969f-9f38cad0f7f3,2024,通信工程,通信工程,"电子与信息大类,装备制造大类,交通运输大类,土木建筑大类","电子与信息大类,装备制造大类,交通运输大类,土木建筑大类","电子与信息大类,装备制造大类,交通运输大类,土木建筑大类",SRC-HFNU-2024-ZC,"{""row_key"":""通信工程"",""section"":""招生专业范围"",""table"":2,""url"":""https://zsb.hfnu.edu.cn/info/1003/2715.htm""}"
ELIG-4eedd813-6d62-5786-9b91-18d754be67e4,PY-5a308856-46aa-584b-856c-62c27c55f791,2024,食品质量与安全,食品质量与安全,"食品药品与粮食大类,生物与化工大类,医药卫生大类,资源环境与安全大类,电子与信息大类,农林牧渔大类","食品药品与粮食大类,生物与化工大类,医药卫生大类,资源环境与安全大类,电子与信息大类,农林牧渔大类","食品药品与粮食大类,生物与化工大类,医药卫生大类,资源环境与安全大类,电子与信息大类,农林牧渔大类",SRC-HFNU-2024-ZC,"{""row_key"":""食品质量与安全"",""section"":""招生专业范围"",""table"":2,""url"":""https://zsb.hfnu.edu.cn/info/1003/2715.htm""}"
ELIG-4c53afd7-2ac7-59f1-bfc1-55f74d2fa03d,PY-8d4db694-460f-585a-afa0-c07735ec3f07,2025,互联网金融,互联网金融,财经商贸大类、电子与信息大类、旅游大类、公共管理与服务大类,"财经商贸大类,电子与信息大类,旅游大类,公共管理与服务大类",财经商贸大类、电子与信息大类、旅游大类、公共管理与服务大类,SRC-HFNU-2025-ZC,"{""asset_id"":""ASSET-HFNU-2025-ZC-PDF"",""page"":3,""row_key"":""互联网金融"",""row_number"":6,""section"":""招生专业范围"",""table"":2}"
ELIG-ac3697a1-c2b7-5453-b0af-01188bd61b7a,PY-955dc40b-8141-5590-86cf-1af86a0004ff,2025,人力资源管理,人力资源管理,财经商贸大类、旅游大类、文化艺术大类、公共管理与服务大类、新闻传播大类,"财经商贸大类,旅游大类,文化艺术大类,公共管理与服务大类,新闻传播大类",财经商贸大类、旅游大类、文化艺术大类、公共管理与服务大类、新闻传播大类,SRC-HFNU-2025-ZC,"{""asset_id"":""ASSET-HFNU-2025-ZC-PDF"",""page"":3,""row_key"":""人力资源管理"",""row_number"":3,""section"":""招生专业范围"",""table"":2}"
ELIG-c5784ac7-f98a-5d09-a07a-1b141871f41a,PY-4467374a-02cd-5f46-9d4b-72991146ebec,2025,制药工程,制药工程,资源环境与安全大类、电子与信息大类、食品药品与粮食大类、能源动力与材料大类、生物与化工大类、医药卫生大类,"资源环境与安全大类,电子与信息大类,食品药品与粮食大类,能源动力与材料大类,生物与化工大类,医药卫生大类",资源环境与安全大类、电子与信息大类、食品药品与粮食大类、能源动力与材料大类、生物与化工大类、医药卫生大类,SRC-HFNU-2025-ZC,"{""asset_id"":""ASSET-HFNU-2025-ZC-PDF"",""page"":4,""row_key"":""制药工程"",""row_number"":16,""section"":""招生专业范围"",""table"":2}"
ELIG-59fb983a-fd53-5fb7-be40-2dd969d26a48,PY-e900d1c0-2088-5eb2-83aa-8405a19a7a2a,2025,动画,动画,文化艺术大类、教育与体育大类(限于美术教育、艺术教育2个专业)、电子与信息大类(限于数字媒体技术、动漫制作技术、动漫设计与制作3个专业)、新闻传播大类(限于影视动画专业),"文化艺术大类,教育与体育大类,电子与信息大类,新闻传播大类",文化艺术大类、教育与体育大类(限于美术教育、艺术教育2个专业)、电子与信息大类(限于数字媒体技术、动漫制作技术、动漫设计与制作3个专业)、新闻传播大类(限于影视动画专业),SRC-HFNU-2025-ZC,"{""asset_id"":""ASSET-HFNU-2025-ZC-PDF"",""page"":3,""row_key"":""动画"",""row_number"":9,""section"":""招生专业范围"",""table"":2}"
ELIG-f8e6e234-b841-5abd-a783-17273ead6dc6,PY-ed1ef6fc-7ce4-50d1-ba14-9a1e1339c1ba,2025,化学工程与工艺,化学工程与工艺,资源环境与安全大类、电子与信息大类、食品药品与粮食大类、能源动力与材料大类、生物与化工大类、医药卫生大类,"资源环境与安全大类,电子与信息大类,食品药品与粮食大类,能源动力与材料大类,生物与化工大类,医药卫生大类",资源环境与安全大类、电子与信息大类、食品药品与粮食大类、能源动力与材料大类、生物与化工大类、医药卫生大类,SRC-HFNU-2025-ZC,"{""asset_id"":""ASSET-HFNU-2025-ZC-PDF"",""page"":4,""row_key"":""化学工程与工艺"",""row_number"":17,""section"":""招生专业范围"",""table"":2}"
ELIG-e05be0a9-84f9-5374-bca2-d4230aadd622,PY-db7e9bd8-c8f9-53e8-82d9-50b849f6897b,2025,商务英语,商务英语,教育与体育大类、旅游大类、新闻传播大类、文化艺术大类、公共管理与服务大类,"教育与体育大类,旅游大类,新闻传播大类,文化艺术大类,公共管理与服务大类",教育与体育大类、旅游大类、新闻传播大类、文化艺术大类、公共管理与服务大类,SRC-HFNU-2025-ZC,"{""asset_id"":""ASSET-HFNU-2025-ZC-PDF"",""page"":3,""row_key"":""商务英语"",""row_number"":8,""section"":""招生专业范围"",""table"":2}"
ELIG-7de84a07-c7b9-5d1e-9bdd-d197bafa3eca,PY-ecc9e3b1-60b6-5dc5-9ff3-533e80878b24,2025,学前教育(师范),学前教育,教育与体育大类,教育与体育大类,教育与体育大类,SRC-HFNU-2025-ZC,"{""asset_id"":""ASSET-HFNU-2025-ZC-PDF"",""page"":3,""row_key"":""学前教育"",""row_number"":1,""section"":""招生专业范围"",""table"":2}"
ELIG-b7e2ad61-8b7a-5918-aa95-115db2d60792,PY-3a39de0e-93d9-5376-9e84-d126745d67a9,2025,小学教育(师范),小学教育,教育与体育大类,教育与体育大类,教育与体育大类,SRC-HFNU-2025-ZC,"{""asset_id"":""ASSET-HFNU-2025-ZC-PDF"",""page"":3,""row_key"":""小学教育"",""row_number"":2,""section"":""招生专业范围"",""table"":2}"
ELIG-a27ad3b4-a3af-5ae3-8975-ac1dda43d30e,PY-c9b1de1d-1ce8-57a1-8bee-7eb6708ea2d0,2025,市场营销,市场营销,财经商贸大类、旅游大类、公共管理与服务大类、新闻传播大类,"财经商贸大类,旅游大类,公共管理与服务大类,新闻传播大类",财经商贸大类、旅游大类、公共管理与服务大类、新闻传播大类,SRC-HFNU-2025-ZC,"{""asset_id"":""ASSET-HFNU-2025-ZC-PDF"",""page"":3,""row_key"":""市场营销"",""row_number"":5,""section"":""招生专业范围"",""table"":2}"
ELIG-b75fd28e-24d8-532b-8b09-a3609eb221ca,PY-6e7077e9-1f2b-5395-a3da-163433fa29e8,2025,数据科学与大数据技术,数据科学与大数据技术,电子与信息大类、装备制造大类、交通运输大类、财经商贸大类,"电子与信息大类,装备制造大类,交通运输大类,财经商贸大类",电子与信息大类、装备制造大类、交通运输大类、财经商贸大类,SRC-HFNU-2025-ZC,"{""asset_id"":""ASSET-HFNU-2025-ZC-PDF"",""page"":4,""row_key"":""数据科学与大数据技术"",""row_number"":25,""section"":""招生专业范围"",""table"":2}"
ELIG-5903f6a0-4106-52b0-9d84-8b1278f36eff,PY-7a968034-5eeb-5042-aef7-056e0711e7e5,2025,新能源材料与器件,新能源材料与器件,资源环境与安全大类、电子与信息大类、装备制造大类、生物与化工大类、医药卫生大类、交通运输大类、能源动力与材料大类,"资源环境与安全大类,电子与信息大类,装备制造大类,生物与化工大类,医药卫生大类,交通运输大类,能源动力与材料大类",资源环境与安全大类、电子与信息大类、装备制造大类、生物与化工大类、医药卫生大类、交通运输大类、能源动力与材料大类,SRC-HFNU-2025-ZC,"{""asset_id"":""ASSET-HFNU-2025-ZC-PDF"",""page"":4,""row_key"":""新能源材料与器件"",""row_number"":18,""section"":""招生专业范围"",""table"":2}"
ELIG-a6a33a69-d640-5221-8bd7-ff5efa112e4e,PY-fd171dae-68a8-5ede-ac54-96b4ca9d7bbd,2025,服装与服饰设计,服装与服饰设计,文化艺术大类、教育与体育大类(限于美术教育、艺术教育2个专业)、轻工纺织大类(限于纺织服装类所包含专业),"文化艺术大类,教育与体育大类,轻工纺织大类",文化艺术大类、教育与体育大类(限于美术教育、艺术教育2个专业)、轻工纺织大类(限于纺织服装类所包含专业),SRC-HFNU-2025-ZC,"{""asset_id"":""ASSET-HFNU-2025-ZC-PDF"",""page"":3,""row_key"":""服装与服饰设计"",""row_number"":11,""section"":""招生专业范围"",""table"":2}"
ELIG-36737316-681d-57f9-b425-f3e279fd5010,PY-b1bb3b4d-f0ad-5ca6-b6da-6c1f7b1ba18d,2025,环境设计,环境设计,文化艺术大类、教育与体育大类(限于美术教育、艺术教育2个专业)、电子与信息大类(限于数字媒体技术、动漫制作技术、动漫设计与制作3个专业)、土木建筑类(限于园林工程技术、风景园林设计2个专业),"文化艺术大类,教育与体育大类,电子与信息大类,土木建筑类",文化艺术大类、教育与体育大类(限于美术教育、艺术教育2个专业)、电子与信息大类(限于数字媒体技术、动漫制作技术、动漫设计与制作3个专业)、土木建筑类(限于园林工程技术、风景园林设计2个专业),SRC-HFNU-2025-ZC,"{""asset_id"":""ASSET-HFNU-2025-ZC-PDF"",""page"":4,""row_key"":""环境设计"",""row_number"":12,""section"":""招生专业范围"",""table"":2}"
ELIG-b5c5f8aa-5d4c-5188-919a-ecd551dea6db,PY-b7c7f69a-06d9-5e7c-a417-8fd3b0b85b36,2025,生物制药,生物制药,食品药品与粮食大类、生物与化工大类、医药卫生大类,"食品药品与粮食大类,生物与化工大类,医药卫生大类",食品药品与粮食大类、生物与化工大类、医药卫生大类,SRC-HFNU-2025-ZC,"{""asset_id"":""ASSET-HFNU-2025-ZC-PDF"",""page"":4,""row_key"":""生物制药"",""row_number"":27,""section"":""招生专业范围"",""table"":2}"
ELIG-56d1e09d-c229-5c7b-a345-aca0564b139b,PY-8f722ade-092f-590b-8634-064fa7db4652,2025,电子信息工程,电子信息工程,电子与信息大类、装备制造大类、交通运输大类、土木建筑大类,"电子与信息大类,装备制造大类,交通运输大类,土木建筑大类",电子与信息大类、装备制造大类、交通运输大类、土木建筑大类,SRC-HFNU-2025-ZC,"{""asset_id"":""ASSET-HFNU-2025-ZC-PDF"",""page"":4,""row_key"":""电子信息工程"",""row_number"":20,""section"":""招生专业范围"",""table"":2}"
ELIG-39143051-ee48-5756-9df6-250cea97e347,PY-691b9e36-b4db-5629-a017-fb962d553e16,2025,电气工程及其自动化,电气工程及其自动化,电子与信息大类、装备制造大类、能源动力与材料大类、交通运输大类、土木建筑大类、水利大类,"电子与信息大类,装备制造大类,能源动力与材料大类,交通运输大类,土木建筑大类,水利大类",电子与信息大类、装备制造大类、能源动力与材料大类、交通运输大类、土木建筑大类、水利大类,SRC-HFNU-2025-ZC,"{""asset_id"":""ASSET-HFNU-2025-ZC-PDF"",""page"":4,""row_key"":""电气工程及其自动化"",""row_number"":22,""section"":""招生专业范围"",""table"":2}"
ELIG-18ad736c-13fd-50e5-a35a-b5be5282ab9a,PY-9588e29a-fc4b-56f5-afc2-96068ab69be2,2025,经济统计学,经济统计学,财经商贸大类、电子与信息大类、公共管理与服务大类,"财经商贸大类,电子与信息大类,公共管理与服务大类",财经商贸大类、电子与信息大类、公共管理与服务大类,SRC-HFNU-2025-ZC,"{""asset_id"":""ASSET-HFNU-2025-ZC-PDF"",""page"":4,""row_key"":""经济统计学"",""row_number"":19,""section"":""招生专业范围"",""table"":2}"
ELIG-1b4f66ca-889e-5bb9-bee4-2fc4ed84336c,PY-125c9ba1-90b1-5498-90cf-45e18962351f,2025,网络与新媒体,网络与新媒体,新闻传播大类、电子与信息大类、文化艺术大类,"新闻传播大类,电子与信息大类,文化艺术大类",新闻传播大类、电子与信息大类、文化艺术大类,SRC-HFNU-2025-ZC,"{""asset_id"":""ASSET-HFNU-2025-ZC-PDF"",""page"":3,""row_key"":""网络与新媒体"",""row_number"":7,""section"":""招生专业范围"",""table"":2}"
ELIG-e72e94f1-8f8b-5fb5-9812-43f189881549,PY-33849257-2af7-5485-b9bd-d58f65dccd4f,2025,网络工程,网络工程,电子与信息大类、装备制造大类、交通运输大类,"电子与信息大类,装备制造大类,交通运输大类",电子与信息大类、装备制造大类、交通运输大类,SRC-HFNU-2025-ZC,"{""asset_id"":""ASSET-HFNU-2025-ZC-PDF"",""page"":4,""row_key"":""网络工程"",""row_number"":24,""section"":""招生专业范围"",""table"":2}"
ELIG-9b64e033-9adb-5f73-aa08-7056671e74b0,PY-d4434b6a-3713-5285-ab53-08fe1ef5f251,2025,药物制剂,药物制剂,食品药品与粮食大类、生物与化工大类、医药卫生大类,"食品药品与粮食大类,生物与化工大类,医药卫生大类",食品药品与粮食大类、生物与化工大类、医药卫生大类,SRC-HFNU-2025-ZC,"{""asset_id"":""ASSET-HFNU-2025-ZC-PDF"",""page"":4,""row_key"":""药物制剂"",""row_number"":15,""section"":""招生专业范围"",""table"":2}"
ELIG-90f63b40-ea6f-544c-86d2-a54295105ef1,PY-c28929a5-00a7-5b2b-bacd-584ff8b5ef83,2025,视觉传达设计,视觉传达设计,文化艺术大类、教育与体育大类(限于美术教育、艺术教育2个专业)、电子与信息大类(限于数字媒体技术、动漫制作技术、动漫设计与制作3个专业)、轻工纺织大类(限于印刷类所包含专业),"文化艺术大类,教育与体育大类,电子与信息大类,轻工纺织大类",文化艺术大类、教育与体育大类(限于美术教育、艺术教育2个专业)、电子与信息大类(限于数字媒体技术、动漫制作技术、动漫设计与制作3个专业)、轻工纺织大类(限于印刷类所包含专业),SRC-HFNU-2025-ZC,"{""asset_id"":""ASSET-HFNU-2025-ZC-PDF"",""page"":3,""row_key"":""视觉传达设计"",""row_number"":10,""section"":""招生专业范围"",""table"":2}"
ELIG-215a4e06-0bae-5cdf-8c3b-0b9132fe67ae,PY-1fc46668-1f5f-5414-8051-6683797aa8c9,2025,计算机科学与技术,计算机科学与技术,电子与信息大类,电子与信息大类,电子与信息大类,SRC-HFNU-2025-ZC,"{""asset_id"":""ASSET-HFNU-2025-ZC-PDF"",""page"":4,""row_key"":""计算机科学与技术"",""row_number"":23,""section"":""招生专业范围"",""table"":2}"
ELIG-243f70f5-870a-5d3a-b6f3-ed56e09820ff,PY-f0469fae-303d-5f32-810f-4fc2c047798a,2025,财务管理,财务管理,财经商贸大类,财经商贸大类,财经商贸大类,SRC-HFNU-2025-ZC,"{""asset_id"":""ASSET-HFNU-2025-ZC-PDF"",""page"":3,""row_key"":""财务管理"",""row_number"":4,""section"":""招生专业范围"",""table"":2}"
ELIG-dedce4de-7757-51e3-b316-a7d17978d8cb,PY-74a22726-dc05-5e0a-9bb4-28bd097e2929,2025,软件工程,软件工程,电子与信息大类、装备制造大类、交通运输大类,"电子与信息大类,装备制造大类,交通运输大类",电子与信息大类、装备制造大类、交通运输大类,SRC-HFNU-2025-ZC,"{""asset_id"":""ASSET-HFNU-2025-ZC-PDF"",""page"":4,""row_key"":""软件工程"",""row_number"":26,""section"":""招生专业范围"",""table"":2}"
ELIG-39f24799-134e-5080-866c-ee78963bdb11,PY-0bb78dd6-a3a6-51e2-8fd2-2b066b79e9a9,2025,运动康复,运动康复,医药卫生大类、教育与体育大类(限于体育类所包含专业),"医药卫生大类,教育与体育大类",医药卫生大类、教育与体育大类(限于体育类所包含专业),SRC-HFNU-2025-ZC,"{""asset_id"":""ASSET-HFNU-2025-ZC-PDF"",""page"":4,""row_key"":""运动康复"",""row_number"":14,""section"":""招生专业范围"",""table"":2}"
ELIG-6d1a2697-ef56-591a-b9ee-2a2183627087,PY-7c2fe360-dbc0-50a0-83e7-8c346215e406,2025,通信工程,通信工程,电子与信息大类、装备制造大类、交通运输大类、土木建筑大类,"电子与信息大类,装备制造大类,交通运输大类,土木建筑大类",电子与信息大类、装备制造大类、交通运输大类、土木建筑大类,SRC-HFNU-2025-ZC,"{""asset_id"":""ASSET-HFNU-2025-ZC-PDF"",""page"":4,""row_key"":""通信工程"",""row_number"":21,""section"":""招生专业范围"",""table"":2}"
ELIG-d55eb4b2-9ba4-532b-b18c-55a757d6683e,PY-7baeb8ae-145f-5e01-998b-b44752508c28,2025,音乐学(师范),音乐学,教育与体育大类(限于教育类所包含专业)、文化艺术大类(限于表演艺术类所包含专业和民族文化艺术类所包含专业),"教育与体育大类,文化艺术大类",教育与体育大类(限于教育类所包含专业)、文化艺术大类(限于表演艺术类所包含专业和民族文化艺术类所包含专业),SRC-HFNU-2025-ZC,"{""asset_id"":""ASSET-HFNU-2025-ZC-PDF"",""page"":4,""row_key"":""音乐学"",""row_number"":13,""section"":""招生专业范围"",""table"":2}"
ELIG-ddb7b494-1815-57b4-a98d-5aaf7140dd6d,PY-268e09d8-98bc-5c9d-8fd1-32d0f7d4c7f3,2025,食品质量与安全,食品质量与安全,食品药品与粮食大类、生物与化工大类、医药卫生大类、资源环境与安全大类、电子与信息大类、农林牧渔大类,"食品药品与粮食大类,生物与化工大类,医药卫生大类,资源环境与安全大类,电子与信息大类,农林牧渔大类",食品药品与粮食大类、生物与化工大类、医药卫生大类、资源环境与安全大类、电子与信息大类、农林牧渔大类,SRC-HFNU-2025-ZC,"{""asset_id"":""ASSET-HFNU-2025-ZC-PDF"",""page"":4,""row_key"":""食品质量与安全"",""row_number"":28,""section"":""招生专业范围"",""table"":2}"
ELIG-322419aa-4e87-5526-a1b5-10c859427964,PY-b6e23825-5ec0-5a03-a13e-66e5625a377d,2026,互联网金融,互联网金融,财经商贸大类、电子与信息大类、旅游大类、公共管理与服务大类,"财经商贸大类,电子与信息大类,旅游大类,公共管理与服务大类",财经商贸大类、电子与信息大类、旅游大类、公共管理与服务大类,SRC-HFNU-2026-ZC,"{""asset_id"":""ASSET-HFNU-2026-ZC-PDF"",""page"":3,""row_key"":""互联网金融"",""row_number"":6,""section"":""招生专业范围"",""table"":2}"
ELIG-d75f2321-92ec-594c-afcf-3b28d2081151,PY-a30adc34-ff19-5174-9c16-8a24ba99e9d0,2026,人力资源管理,人力资源管理,财经商贸大类、旅游大类、文化艺术大类、公共管理与服务大类、新闻传播大类、公安与司法大类,"财经商贸大类,旅游大类,文化艺术大类,公共管理与服务大类,新闻传播大类,公安与司法大类",财经商贸大类、旅游大类、文化艺术大类、公共管理与服务大类、新闻传播大类、公安与司法大类,SRC-HFNU-2026-ZC,"{""asset_id"":""ASSET-HFNU-2026-ZC-PDF"",""page"":3,""row_key"":""人力资源管理"",""row_number"":3,""section"":""招生专业范围"",""table"":2}"
ELIG-2e6fe0bf-c702-540a-bd56-c56ae5e5bc41,PY-0dda5750-aa2b-5acf-a690-df0272bf97ba,2026,动画,动画,文化艺术大类、教育与体育大类(限于美术教育、艺术教育2个专业)、电子与信息大类(限于数字媒体技术、动漫制作技术、动漫设计与制作3个专业)、新闻传播大类(限于影视动画专业),"文化艺术大类,教育与体育大类,电子与信息大类,新闻传播大类",文化艺术大类、教育与体育大类(限于美术教育、艺术教育2个专业)、电子与信息大类(限于数字媒体技术、动漫制作技术、动漫设计与制作3个专业)、新闻传播大类(限于影视动画专业),SRC-HFNU-2026-ZC,"{""asset_id"":""ASSET-HFNU-2026-ZC-PDF"",""page"":3,""row_key"":""动画"",""row_number"":9,""section"":""招生专业范围"",""table"":2}"
ELIG-b711c7e0-8fba-588a-899c-42eb3bcac175,PY-2029e048-dd76-568e-ae02-6dc93298c7b3,2026,化学工程与工艺,化学工程与工艺,资源环境与安全大类、电子与信息大类、食品药品与粮食大类、能源动力与材料大类、生物与化工大类、医药卫生大类,"资源环境与安全大类,电子与信息大类,食品药品与粮食大类,能源动力与材料大类,生物与化工大类,医药卫生大类",资源环境与安全大类、电子与信息大类、食品药品与粮食大类、能源动力与材料大类、生物与化工大类、医药卫生大类,SRC-HFNU-2026-ZC,"{""asset_id"":""ASSET-HFNU-2026-ZC-PDF"",""page"":3,""row_key"":""化学工程与工艺"",""row_number"":16,""section"":""招生专业范围"",""table"":2}"
ELIG-390d46d8-4bfd-5348-9b3f-878cd7720f5d,PY-7a2e109d-c876-5b2d-94b9-c09ea486f17a,2026,商务英语,商务英语,教育与体育大类、财经商贸大类、旅游大类、新闻传播大类、文化艺术大类、公共管理与服务大类,"教育与体育大类,财经商贸大类,旅游大类,新闻传播大类,文化艺术大类,公共管理与服务大类",教育与体育大类、财经商贸大类、旅游大类、新闻传播大类、文化艺术大类、公共管理与服务大类,SRC-HFNU-2026-ZC,"{""asset_id"":""ASSET-HFNU-2026-ZC-PDF"",""page"":3,""row_key"":""商务英语"",""row_number"":8,""section"":""招生专业范围"",""table"":2}"
ELIG-20194758-0645-5912-ac6b-d58d4eef6710,PY-72aaeb9a-a436-5a44-ab25-970dc0988dec,2026,学前教育(师范),学前教育,教育与体育大类,教育与体育大类,教育与体育大类,SRC-HFNU-2026-ZC,"{""asset_id"":""ASSET-HFNU-2026-ZC-PDF"",""page"":3,""row_key"":""学前教育"",""row_number"":1,""section"":""招生专业范围"",""table"":2}"
ELIG-7791fc0c-5b97-54e1-81d9-d84e7b99f948,PY-5f2479bd-6728-58a1-b12a-2bcf0d4b1d1e,2026,小学教育(师范),小学教育,教育与体育大类,教育与体育大类,教育与体育大类,SRC-HFNU-2026-ZC,"{""asset_id"":""ASSET-HFNU-2026-ZC-PDF"",""page"":3,""row_key"":""小学教育"",""row_number"":2,""section"":""招生专业范围"",""table"":2}"
ELIG-aa6aefc8-b4bc-57cb-845d-cde768bb510d,PY-0aac3cd8-5c25-596e-9230-c0d6393c0806,2026,市场营销,市场营销,财经商贸大类、旅游大类、公共管理与服务大类、新闻传播大类,"财经商贸大类,旅游大类,公共管理与服务大类,新闻传播大类",财经商贸大类、旅游大类、公共管理与服务大类、新闻传播大类,SRC-HFNU-2026-ZC,"{""asset_id"":""ASSET-HFNU-2026-ZC-PDF"",""page"":3,""row_key"":""市场营销"",""row_number"":5,""section"":""招生专业范围"",""table"":2}"
ELIG-774adf1f-645a-54b1-83a6-5b79f3aa3ad5,PY-e526e3b6-1188-52a6-b70e-683ba3c34f05,2026,新能源材料与器件,新能源材料与器件,资源环境与安全大类、电子与信息大类、装备制造大类、生物与化工大类、医药卫生大类、交通运输大类、能源动力与材料大类,"资源环境与安全大类,电子与信息大类,装备制造大类,生物与化工大类,医药卫生大类,交通运输大类,能源动力与材料大类",资源环境与安全大类、电子与信息大类、装备制造大类、生物与化工大类、医药卫生大类、交通运输大类、能源动力与材料大类,SRC-HFNU-2026-ZC,"{""asset_id"":""ASSET-HFNU-2026-ZC-PDF"",""page"":4,""row_key"":""新能源材料与器件"",""row_number"":17,""section"":""招生专业范围"",""table"":2}"
ELIG-a5fffc92-f135-51bc-bc8a-3094f0c6c5d7,PY-60caff45-1baa-561b-9abf-d569a2fab432,2026,服装与服饰设计,服装与服饰设计,文化艺术大类、教育与体育大类(限于美术教育、艺术教育2个专业)、轻工纺织大类(限于纺织服装类所包含专业),"文化艺术大类,教育与体育大类,轻工纺织大类",文化艺术大类、教育与体育大类(限于美术教育、艺术教育2个专业)、轻工纺织大类(限于纺织服装类所包含专业),SRC-HFNU-2026-ZC,"{""asset_id"":""ASSET-HFNU-2026-ZC-PDF"",""page"":3,""row_key"":""服装与服饰设计"",""row_number"":11,""section"":""招生专业范围"",""table"":2}"
ELIG-f5b0432b-4cba-51ea-ae17-f7f2d53ddd3e,PY-c3f5b3c6-1c16-5568-bd01-f6789ac17ca0,2026,环境设计,环境设计,文化艺术大类、教育与体育大类(限于美术教育、艺术教育2个专业)、电子与信息大类(限于数字媒体技术、动漫制作技术、动漫设计与制作3个专业)、土木建筑类(限于园林工程技术、风景园林设计2个专业),"文化艺术大类,教育与体育大类,电子与信息大类,土木建筑类",文化艺术大类、教育与体育大类(限于美术教育、艺术教育2个专业)、电子与信息大类(限于数字媒体技术、动漫制作技术、动漫设计与制作3个专业)、土木建筑类(限于园林工程技术、风景园林设计2个专业),SRC-HFNU-2026-ZC,"{""asset_id"":""ASSET-HFNU-2026-ZC-PDF"",""page"":3,""row_key"":""环境设计"",""row_number"":12,""section"":""招生专业范围"",""table"":2}"
ELIG-e3a2bc7f-2ea2-5c79-b2c0-829e85d1bd14,PY-72444f87-2128-5e58-83db-9ee54057b81a,2026,生物制药,生物制药,食品药品与粮食大类、生物与化工大类、医药卫生大类,"食品药品与粮食大类,生物与化工大类,医药卫生大类",食品药品与粮食大类、生物与化工大类、医药卫生大类,SRC-HFNU-2026-ZC,"{""asset_id"":""ASSET-HFNU-2026-ZC-PDF"",""page"":4,""row_key"":""生物制药"",""row_number"":25,""section"":""招生专业范围"",""table"":2}"
ELIG-b31fbf24-6440-5a3f-97e2-175969ba2896,PY-aa1faa30-f529-5015-9edb-8acae4bb9ff7,2026,电子信息工程,电子信息工程,电子与信息大类、装备制造大类、交通运输大类、土木建筑大类,"电子与信息大类,装备制造大类,交通运输大类,土木建筑大类",电子与信息大类、装备制造大类、交通运输大类、土木建筑大类,SRC-HFNU-2026-ZC,"{""asset_id"":""ASSET-HFNU-2026-ZC-PDF"",""page"":4,""row_key"":""电子信息工程"",""row_number"":19,""section"":""招生专业范围"",""table"":2}"
ELIG-222fdf40-1646-5267-acce-ff15e026f665,PY-6937acb5-ca42-5874-90cd-3ff3eba3dff2,2026,电气工程及其自动化,电气工程及其自动化,电子与信息大类、装备制造大类、能源动力与材料大类、交通运输大类、土木建筑大类、水利大类,"电子与信息大类,装备制造大类,能源动力与材料大类,交通运输大类,土木建筑大类,水利大类",电子与信息大类、装备制造大类、能源动力与材料大类、交通运输大类、土木建筑大类、水利大类,SRC-HFNU-2026-ZC,"{""asset_id"":""ASSET-HFNU-2026-ZC-PDF"",""page"":4,""row_key"":""电气工程及其自动化"",""row_number"":21,""section"":""招生专业范围"",""table"":2}"
ELIG-cb7e373c-d112-5c75-9d29-11a2bc560b3c,PY-9bf379f6-526f-5941-957a-024bcf12b06d,2026,经济统计学,经济统计学,财经商贸大类、电子与信息大类、公共管理与服务大类,"财经商贸大类,电子与信息大类,公共管理与服务大类",财经商贸大类、电子与信息大类、公共管理与服务大类,SRC-HFNU-2026-ZC,"{""asset_id"":""ASSET-HFNU-2026-ZC-PDF"",""page"":4,""row_key"":""经济统计学"",""row_number"":18,""section"":""招生专业范围"",""table"":2}"
ELIG-afa159d3-3518-5bee-ae74-14499ae8642a,PY-db22c94f-7384-5d9f-8d28-d9d914655409,2026,网络与新媒体,网络与新媒体,新闻传播大类、电子与信息大类、文化艺术大类,"新闻传播大类,电子与信息大类,文化艺术大类",新闻传播大类、电子与信息大类、文化艺术大类,SRC-HFNU-2026-ZC,"{""asset_id"":""ASSET-HFNU-2026-ZC-PDF"",""page"":3,""row_key"":""网络与新媒体"",""row_number"":7,""section"":""招生专业范围"",""table"":2}"
ELIG-8edcb0fd-4827-56d4-b749-15e33c0271ee,PY-45d12ed2-0b3e-545b-9059-9faa17bf9627,2026,网络工程,网络工程,电子与信息大类、装备制造大类、交通运输大类、财经商贸大类,"电子与信息大类,装备制造大类,交通运输大类,财经商贸大类",电子与信息大类、装备制造大类、交通运输大类、财经商贸大类,SRC-HFNU-2026-ZC,"{""asset_id"":""ASSET-HFNU-2026-ZC-PDF"",""page"":4,""row_key"":""网络工程"",""row_number"":23,""section"":""招生专业范围"",""table"":2}"
ELIG-3227bd73-abb5-5555-83c4-8e557d3adc18,PY-ad8df301-6793-5250-9766-93e5674a5189,2026,药物制剂,药物制剂,食品药品与粮食大类、生物与化工大类、医药卫生大类,"食品药品与粮食大类,生物与化工大类,医药卫生大类",食品药品与粮食大类、生物与化工大类、医药卫生大类,SRC-HFNU-2026-ZC,"{""asset_id"":""ASSET-HFNU-2026-ZC-PDF"",""page"":3,""row_key"":""药物制剂"",""row_number"":15,""section"":""招生专业范围"",""table"":2}"
ELIG-8deb50f7-b58f-5dd7-9047-a07dd5d23ff9,PY-1fa48ea8-9b9a-504c-a596-68116f927ac6,2026,视觉传达设计,视觉传达设计,文化艺术大类、教育与体育大类(限于美术教育、艺术教育2个专业)、电子与信息大类(限于数字媒体技术、动漫制作技术、动漫设计与制作3个专业)、轻工纺织大类(限于印刷类所包含专业),"文化艺术大类,教育与体育大类,电子与信息大类,轻工纺织大类",文化艺术大类、教育与体育大类(限于美术教育、艺术教育2个专业)、电子与信息大类(限于数字媒体技术、动漫制作技术、动漫设计与制作3个专业)、轻工纺织大类(限于印刷类所包含专业),SRC-HFNU-2026-ZC,"{""asset_id"":""ASSET-HFNU-2026-ZC-PDF"",""page"":3,""row_key"":""视觉传达设计"",""row_number"":10,""section"":""招生专业范围"",""table"":2}"
ELIG-2f316433-3ea0-54c2-b5ce-9b65ba63d987,PY-57e78f73-a8db-57d9-80d6-67958e447a8f,2026,计算机科学与技术,计算机科学与技术,电子与信息大类,电子与信息大类,电子与信息大类,SRC-HFNU-2026-ZC,"{""asset_id"":""ASSET-HFNU-2026-ZC-PDF"",""page"":4,""row_key"":""计算机科学与技术"",""row_number"":22,""section"":""招生专业范围"",""table"":2}"
ELIG-f74dc1c0-3e5f-519f-a00d-994836d81a20,PY-7d7a90df-6856-5ed4-bd80-3bb9f115e50c,2026,财务管理,财务管理,财经商贸大类,财经商贸大类,财经商贸大类,SRC-HFNU-2026-ZC,"{""asset_id"":""ASSET-HFNU-2026-ZC-PDF"",""page"":3,""row_key"":""财务管理"",""row_number"":4,""section"":""招生专业范围"",""table"":2}"
ELIG-445ef46f-37f9-5c19-9b56-dfc31400a44e,PY-87d007a8-7d28-5978-b3e0-0878b10e64b2,2026,软件工程,软件工程,电子与信息大类、装备制造大类、交通运输大类、财经商贸大类,"电子与信息大类,装备制造大类,交通运输大类,财经商贸大类",电子与信息大类、装备制造大类、交通运输大类、财经商贸大类,SRC-HFNU-2026-ZC,"{""asset_id"":""ASSET-HFNU-2026-ZC-PDF"",""page"":4,""row_key"":""软件工程"",""row_number"":24,""section"":""招生专业范围"",""table"":2}"
ELIG-a5ce7724-6fac-55a2-9141-79d5ba869622,PY-3285d496-881a-55ab-ac23-820876127fe9,2026,运动康复,运动康复,医药卫生大类、教育与体育大类(限于体育类所包含专业),"医药卫生大类,教育与体育大类",医药卫生大类、教育与体育大类(限于体育类所包含专业),SRC-HFNU-2026-ZC,"{""asset_id"":""ASSET-HFNU-2026-ZC-PDF"",""page"":3,""row_key"":""运动康复"",""row_number"":14,""section"":""招生专业范围"",""table"":2}"
ELIG-5966f635-7f25-5982-bb90-16ff0b77e624,PY-ed1c505d-c15f-5eb8-ac3e-fd6c0180066b,2026,通信工程,通信工程,电子与信息大类、装备制造大类、交通运输大类、土木建筑大类,"电子与信息大类,装备制造大类,交通运输大类,土木建筑大类",电子与信息大类、装备制造大类、交通运输大类、土木建筑大类,SRC-HFNU-2026-ZC,"{""asset_id"":""ASSET-HFNU-2026-ZC-PDF"",""page"":4,""row_key"":""通信工程"",""row_number"":20,""section"":""招生专业范围"",""table"":2}"
ELIG-ca0eebe5-47c6-52ae-8210-24185db309ae,PY-290a1ee3-ba61-51ad-8200-9203c30cb382,2026,音乐学(师范),音乐学,教育与体育大类(限于教育类所包含专业)、文化艺术大类(限于表演艺术类所包含专业和民族文化艺术类所包含专业),"教育与体育大类,文化艺术大类",教育与体育大类(限于教育类所包含专业)、文化艺术大类(限于表演艺术类所包含专业和民族文化艺术类所包含专业),SRC-HFNU-2026-ZC,"{""asset_id"":""ASSET-HFNU-2026-ZC-PDF"",""page"":3,""row_key"":""音乐学"",""row_number"":13,""section"":""招生专业范围"",""table"":2}"
ELIG-aeb50744-670e-5a5d-8931-8c00ccc884ac,PY-589eff83-7764-5386-b721-c8e025c15c6e,2026,食品质量与安全,食品质量与安全,食品药品与粮食大类、生物与化工大类、医药卫生大类、资源环境与安全大类、电子与信息大类、农林牧渔大类,"食品药品与粮食大类,生物与化工大类,医药卫生大类,资源环境与安全大类,电子与信息大类,农林牧渔大类",食品药品与粮食大类、生物与化工大类、医药卫生大类、资源环境与安全大类、电子与信息大类、农林牧渔大类,SRC-HFNU-2026-ZC,"{""asset_id"":""ASSET-HFNU-2026-ZC-PDF"",""page"":4,""row_key"":""食品质量与安全"",""row_number"":26,""section"":""招生专业范围"",""table"":2}"
