reference_book_id,program_year_id,subject_id,book_name,author,publisher,edition,isbn,source_id,source_locator
BOOK-1ae18154-22cb-5c71-976a-d0c76f6882ac,PY-8d4db694-460f-585a-afa0-c07735ec3f07,SUBJ-7c29394f-52b0-5931-b0b3-625d7861212e,西方经济学,,高等教育出版社,,,SRC-HFNU-2025-DG,"{""asset_id"":""ASSET-HFNU-2025-DG-PDF"",""page"":11,""row_key"":""互联网金融|微观经济学|西方经济学"",""section"":""参考书目""}"
BOOK-27263b30-9f25-561c-a636-b17d18f4057c,PY-b8d32ee2-1f35-5e7c-9e2d-8f37ad59d33b,SUBJ-7c29394f-52b0-5931-b0b3-625d7861212e,西方经济学,,高等教育出版社,,,SRC-HFNU-2024-DG,"{""asset_id"":""ASSET-HFNU-2024-DG-PDF"",""page"":13,""row_key"":""互联网金融|微观经济学|西方经济学"",""section"":""参考书目""}"
BOOK-76e20556-1c4b-515a-9501-6c2253bf989e,PY-b6e23825-5ec0-5a03-a13e-66e5625a377d,SUBJ-7c29394f-52b0-5931-b0b3-625d7861212e,西方经济学,,高等教育出版社,,,SRC-HFNU-2026-DG,"{""asset_id"":""ASSET-HFNU-2026-DG-PDF"",""page"":11,""row_key"":""互联网金融|微观经济学|西方经济学"",""section"":""参考书目""}"
BOOK-110836db-74b3-5f0b-9e29-f2b5eece7aaf,PY-b8d32ee2-1f35-5e7c-9e2d-8f37ad59d33b,SUBJ-be5405f8-d905-514f-8b29-cc10f36c78ef,基础会计,张凤明、唐淑文编著,立信会计出版社,第1版,,SRC-HFNU-2024-DG,"{""asset_id"":""ASSET-HFNU-2024-DG-PDF"",""page"":13,""row_key"":""互联网金融|会计学原理|基础会计"",""section"":""参考书目""}"
BOOK-8c0b90f0-a6c0-5df7-85ab-0f930f754cf2,PY-b6e23825-5ec0-5a03-a13e-66e5625a377d,SUBJ-be5405f8-d905-514f-8b29-cc10f36c78ef,基础会计,张凤明、唐淑文编著,立信会计出版社,第一版,,SRC-HFNU-2026-DG,"{""asset_id"":""ASSET-HFNU-2026-DG-PDF"",""page"":11,""row_key"":""互联网金融|会计学原理|基础会计"",""section"":""参考书目""}"
BOOK-bf50f709-7bcd-5186-b570-4b12841f3df4,PY-8d4db694-460f-585a-afa0-c07735ec3f07,SUBJ-be5405f8-d905-514f-8b29-cc10f36c78ef,基础会计,张凤明、唐淑文编著,立信会计出版社,第1版,,SRC-HFNU-2025-DG,"{""asset_id"":""ASSET-HFNU-2025-DG-PDF"",""page"":11,""row_key"":""互联网金融|会计学原理|基础会计"",""section"":""参考书目""}"
BOOK-0d787b50-8641-52bb-8380-c2ce292e1869,PY-a30adc34-ff19-5174-9c16-8a24ba99e9d0,SUBJ-225d4839-edc0-58f4-a894-f24182a6ca56,管理学原理,"王光健,胡友宇,石媚山",中国人民大学出版社,第二版,,SRC-HFNU-2026-DG,"{""asset_id"":""ASSET-HFNU-2026-DG-PDF"",""page"":8,""row_key"":""人力资源管理|管理学原理|管理学原理"",""section"":""参考书目""}"
BOOK-c92b7563-0329-527e-8c4f-adc4f5ca4c92,PY-d3e1e604-5dfe-5940-9aac-c7ed5481a96b,SUBJ-225d4839-edc0-58f4-a894-f24182a6ca56,管理学原理,"王光健,胡友宇,石媚山",中国人民大学出版社,第二版,,SRC-HFNU-2024-DG,"{""asset_id"":""ASSET-HFNU-2024-DG-PDF"",""page"":9,""row_key"":""人力资源管理|管理学原理|管理学原理"",""section"":""参考书目""}"
BOOK-d1859ac4-d7e4-51fa-b2ab-4e99585162cf,PY-955dc40b-8141-5590-86cf-1af86a0004ff,SUBJ-225d4839-edc0-58f4-a894-f24182a6ca56,管理学原理,"王光健,胡友宇,石媚山",中国人民大学出版社,第二版,,SRC-HFNU-2025-DG,"{""asset_id"":""ASSET-HFNU-2025-DG-PDF"",""page"":8,""row_key"":""人力资源管理|管理学原理|管理学原理"",""section"":""参考书目""}"
BOOK-24d706ec-cb16-5526-b3a2-7f908cc7b034,PY-955dc40b-8141-5590-86cf-1af86a0004ff,SUBJ-be5405f8-d905-514f-8b29-cc10f36c78ef,基础会计,张凤明、唐淑文编著,立信会计出版社,第1版,,SRC-HFNU-2025-DG,"{""asset_id"":""ASSET-HFNU-2025-DG-PDF"",""page"":8,""row_key"":""人力资源管理|会计学原理|基础会计"",""section"":""参考书目""}"
BOOK-291a3e2a-912e-5771-a616-3340b63f43a7,PY-a30adc34-ff19-5174-9c16-8a24ba99e9d0,SUBJ-be5405f8-d905-514f-8b29-cc10f36c78ef,基础会计,张凤明、唐淑文编著,立信会计出版社,第一版,,SRC-HFNU-2026-DG,"{""asset_id"":""ASSET-HFNU-2026-DG-PDF"",""page"":8,""row_key"":""人力资源管理|会计学原理|基础会计"",""section"":""参考书目""}"
BOOK-536852ce-b0da-58e9-8d11-8458960db6fb,PY-d3e1e604-5dfe-5940-9aac-c7ed5481a96b,SUBJ-be5405f8-d905-514f-8b29-cc10f36c78ef,基础会计,张凤明、唐淑文编著,立信会计出版社,第1版,,SRC-HFNU-2024-DG,"{""asset_id"":""ASSET-HFNU-2024-DG-PDF"",""page"":9,""row_key"":""人力资源管理|会计学原理|基础会计"",""section"":""参考书目""}"
BOOK-75c7c9cf-36a2-57af-85d8-4ef88b2868a2,PY-dd8c6616-cd6a-5b67-8db5-f4954648d30c,SUBJ-af265a9a-3576-5139-8e32-0df76de6f524,无机及分析化学(第五版),南京大学编,高等教育出版社,第五版,,SRC-HFNU-2024-DG,"{""asset_id"":""ASSET-HFNU-2024-DG-PDF"",""page"":29,""row_key"":""制药工程|基础无机化学|无机及分析化学(第五版)"",""section"":""参考书目""}"
BOOK-b1496459-4cf7-50a5-b67e-da14612b359f,PY-4467374a-02cd-5f46-9d4b-72991146ebec,SUBJ-af265a9a-3576-5139-8e32-0df76de6f524,无机及分析化学(第五版),南京大学编,高等教育出版社,第五版,,SRC-HFNU-2025-DG,"{""asset_id"":""ASSET-HFNU-2025-DG-PDF"",""page"":28,""row_key"":""制药工程|基础无机化学|无机及分析化学(第五版)"",""section"":""参考书目""}"
BOOK-08814151-da13-51bb-8ae6-1498355a62d8,PY-dd8c6616-cd6a-5b67-8db5-f4954648d30c,SUBJ-f064f3e9-8008-5e68-86f5-1e55c4ebf102,无机及分析化学(第五版),南京大学编,高等教育出版社,第五版,,SRC-HFNU-2024-DG,"{""asset_id"":""ASSET-HFNU-2024-DG-PDF"",""page"":29,""row_key"":""制药工程|基础分析化学|无机及分析化学(第五版)"",""section"":""参考书目""}"
BOOK-952a8b40-0f01-50e5-9d3c-9dbbccc1b810,PY-4467374a-02cd-5f46-9d4b-72991146ebec,SUBJ-f064f3e9-8008-5e68-86f5-1e55c4ebf102,无机及分析化学(第五版),南京大学编,高等教育出版社,第五版,,SRC-HFNU-2025-DG,"{""asset_id"":""ASSET-HFNU-2025-DG-PDF"",""page"":28,""row_key"":""制药工程|基础分析化学|无机及分析化学(第五版)"",""section"":""参考书目""}"
BOOK-5e4e8234-a393-513f-a29d-894c37a47561,PY-e900d1c0-2088-5eb2-83aa-8405a19a7a2a,SUBJ-01918fe9-ba7a-5bb6-81c1-08ef3a02dec6,插画设计,刘萍编著,西南大学出版社,,,SRC-HFNU-2025-DG,"{""asset_id"":""ASSET-HFNU-2025-DG-PDF"",""page"":19,""row_key"":""动画|插画设计|插画设计"",""section"":""参考书目""}"
BOOK-7bb4b1f3-cc04-5671-bb54-cd73246105f2,PY-0dda5750-aa2b-5acf-a690-df0272bf97ba,SUBJ-01918fe9-ba7a-5bb6-81c1-08ef3a02dec6,插画设计,刘萍编著,西南大学出版社,,,SRC-HFNU-2026-DG,"{""asset_id"":""ASSET-HFNU-2026-DG-PDF"",""page"":19,""row_key"":""动画|插画设计|插画设计"",""section"":""参考书目""}"
BOOK-a1d51b8c-903d-5732-8e68-1431b4e1e341,PY-9d21463d-ba3d-5383-9ec8-cb2b45d8c4fe,SUBJ-01918fe9-ba7a-5bb6-81c1-08ef3a02dec6,插画设计,刘萍编著,西南大学出版社,,,SRC-HFNU-2024-DG,"{""asset_id"":""ASSET-HFNU-2024-DG-PDF"",""page"":22,""row_key"":""动画|插画设计|插画设计"",""section"":""参考书目""}"
BOOK-21360f4f-7247-5bfc-81cd-e4d08cad2971,PY-0dda5750-aa2b-5acf-a690-df0272bf97ba,SUBJ-01918fe9-ba7a-5bb6-81c1-08ef3a02dec6,色彩表现,"刘雪花,蒋粤闽编著",华中科技大学出版社,,,SRC-HFNU-2026-DG,"{""asset_id"":""ASSET-HFNU-2026-DG-PDF"",""page"":19,""row_key"":""动画|插画设计|色彩表现"",""section"":""参考书目""}"
BOOK-70ec8d8b-1779-5580-bce0-8dc12870ed18,PY-e900d1c0-2088-5eb2-83aa-8405a19a7a2a,SUBJ-01918fe9-ba7a-5bb6-81c1-08ef3a02dec6,色彩表现,"刘雪花,蒋粤闽编著",华中科技大学出版社,,,SRC-HFNU-2025-DG,"{""asset_id"":""ASSET-HFNU-2025-DG-PDF"",""page"":19,""row_key"":""动画|插画设计|色彩表现"",""section"":""参考书目""}"
BOOK-b971135c-b6d4-5d72-a719-d686cf5a843a,PY-9d21463d-ba3d-5383-9ec8-cb2b45d8c4fe,SUBJ-01918fe9-ba7a-5bb6-81c1-08ef3a02dec6,色彩表现,"刘雪花,蒋粤闽编著",华中科技大学出版社,,,SRC-HFNU-2024-DG,"{""asset_id"":""ASSET-HFNU-2024-DG-PDF"",""page"":22,""row_key"":""动画|插画设计|色彩表现"",""section"":""参考书目""}"
BOOK-a578d6ea-8ea5-5a0e-a8f3-ea4b6459ebd5,PY-9d21463d-ba3d-5383-9ec8-cb2b45d8c4fe,SUBJ-88d1b877-d7e1-5b43-8383-45ccafde7590,速写,"王雷,宫丽慧,刘海静等编著",辽宁美术出版社,第一版,,SRC-HFNU-2024-DG,"{""asset_id"":""ASSET-HFNU-2024-DG-PDF"",""page"":22,""row_key"":""动画|人物速写|速写"",""section"":""参考书目""}"
BOOK-d27524bb-77fa-5b26-9d97-dc1559c91b2b,PY-0dda5750-aa2b-5acf-a690-df0272bf97ba,SUBJ-88d1b877-d7e1-5b43-8383-45ccafde7590,速写,"王雷,宫丽慧,刘海静等编著",辽宁美术出版社,第一版,,SRC-HFNU-2026-DG,"{""asset_id"":""ASSET-HFNU-2026-DG-PDF"",""page"":19,""row_key"":""动画|人物速写|速写"",""section"":""参考书目""}"
BOOK-dd067a5a-1537-57f2-8095-34e258508ed9,PY-e900d1c0-2088-5eb2-83aa-8405a19a7a2a,SUBJ-88d1b877-d7e1-5b43-8383-45ccafde7590,速写,"王雷,宫丽慧,刘海静等编著",辽宁美术出版社,第一版,,SRC-HFNU-2025-DG,"{""asset_id"":""ASSET-HFNU-2025-DG-PDF"",""page"":19,""row_key"":""动画|人物速写|速写"",""section"":""参考书目""}"
BOOK-3904595e-89a8-51e2-9938-2be5bb2b0bc0,PY-2029e048-dd76-568e-ae02-6dc93298c7b3,SUBJ-af265a9a-3576-5139-8e32-0df76de6f524,无机及分析化学(第五版),南京大学编,高等教育出版社,第五版,,SRC-HFNU-2026-DG,"{""asset_id"":""ASSET-HFNU-2026-DG-PDF"",""page"":28,""row_key"":""化学工程与工艺|基础无机化学|无机及分析化学(第五版)"",""section"":""参考书目""}"
BOOK-84740450-c1cb-5021-9bca-ec691b09ceba,PY-185d8434-ad71-5d84-adff-537a7fe42fd8,SUBJ-af265a9a-3576-5139-8e32-0df76de6f524,无机及分析化学(第五版),南京大学编,高等教育出版社,第五版,,SRC-HFNU-2024-DG,"{""asset_id"":""ASSET-HFNU-2024-DG-PDF"",""page"":29,""row_key"":""化学工程与工艺|基础无机化学|无机及分析化学(第五版)"",""section"":""参考书目""}"
BOOK-eb356213-6e6b-5ee0-bc5d-47e917df9161,PY-ed1ef6fc-7ce4-50d1-ba14-9a1e1339c1ba,SUBJ-af265a9a-3576-5139-8e32-0df76de6f524,无机及分析化学(第五版),南京大学编,高等教育出版社,第五版,,SRC-HFNU-2025-DG,"{""asset_id"":""ASSET-HFNU-2025-DG-PDF"",""page"":28,""row_key"":""化学工程与工艺|基础无机化学|无机及分析化学(第五版)"",""section"":""参考书目""}"
BOOK-7109a621-84e9-5db2-a2e8-842562924b50,PY-ed1ef6fc-7ce4-50d1-ba14-9a1e1339c1ba,SUBJ-f064f3e9-8008-5e68-86f5-1e55c4ebf102,无机及分析化学(第五版),南京大学编,高等教育出版社,第五版,,SRC-HFNU-2025-DG,"{""asset_id"":""ASSET-HFNU-2025-DG-PDF"",""page"":28,""row_key"":""化学工程与工艺|基础分析化学|无机及分析化学(第五版)"",""section"":""参考书目""}"
BOOK-cd274631-ab30-53f8-a2ee-4c905b69fff7,PY-185d8434-ad71-5d84-adff-537a7fe42fd8,SUBJ-f064f3e9-8008-5e68-86f5-1e55c4ebf102,无机及分析化学(第五版),南京大学编,高等教育出版社,第五版,,SRC-HFNU-2024-DG,"{""asset_id"":""ASSET-HFNU-2024-DG-PDF"",""page"":29,""row_key"":""化学工程与工艺|基础分析化学|无机及分析化学(第五版)"",""section"":""参考书目""}"
BOOK-e516fe12-c6e2-5038-a65c-749a44c219d5,PY-2029e048-dd76-568e-ae02-6dc93298c7b3,SUBJ-f064f3e9-8008-5e68-86f5-1e55c4ebf102,无机及分析化学(第五版),南京大学编,高等教育出版社,第五版,,SRC-HFNU-2026-DG,"{""asset_id"":""ASSET-HFNU-2026-DG-PDF"",""page"":28,""row_key"":""化学工程与工艺|基础分析化学|无机及分析化学(第五版)"",""section"":""参考书目""}"
BOOK-0ec67acc-68cc-5efe-b170-47d6b611c738,PY-2c4bd8ce-35e9-594f-a938-a656aa703f5a,SUBJ-75b484f9-a807-5e17-bbfd-039deebf492a,商务英语综合教程 1,孙志农,安徽大学出版社,第1版,,SRC-HFNU-2024-DG,"{""asset_id"":""ASSET-HFNU-2024-DG-PDF"",""page"":21,""row_key"":""商务英语|综合商务英语|商务英语综合教程 1"",""section"":""参考书目""}"
BOOK-6ed722d4-4fcd-5aa9-9214-43821828c329,PY-db7e9bd8-c8f9-53e8-82d9-50b849f6897b,SUBJ-75b484f9-a807-5e17-bbfd-039deebf492a,商务英语综合教程1,孙志农,安徽大学出版社,第1版,,SRC-HFNU-2025-DG,"{""asset_id"":""ASSET-HFNU-2025-DG-PDF"",""page"":18,""row_key"":""商务英语|综合商务英语|商务英语综合教程1"",""section"":""参考书目""}"
BOOK-bab83437-c686-5fc8-a6c9-8c0436ee0513,PY-7a2e109d-c876-5b2d-94b9-c09ea486f17a,SUBJ-75b484f9-a807-5e17-bbfd-039deebf492a,商务英语综合教程1,孙志农,安徽大学出版社,第1版,,SRC-HFNU-2026-DG,"{""asset_id"":""ASSET-HFNU-2026-DG-PDF"",""page"":18,""row_key"":""商务英语|综合商务英语|商务英语综合教程1"",""section"":""参考书目""}"
BOOK-2820cfe7-8ab1-5d99-95ab-29ad9db3188f,PY-db7e9bd8-c8f9-53e8-82d9-50b849f6897b,SUBJ-f99652b4-233b-513d-bfb1-921b9a24c570,导游业务,全国导游人员资格考试教材编写组,旅游教育出版社,第7版,,SRC-HFNU-2025-DG,"{""asset_id"":""ASSET-HFNU-2025-DG-PDF"",""page"":18,""row_key"":""商务英语|旅游与酒店管理|导游业务"",""section"":""参考书目""}"
BOOK-92797400-7030-5b6d-9b91-efcd40e11093,PY-2c4bd8ce-35e9-594f-a938-a656aa703f5a,SUBJ-f99652b4-233b-513d-bfb1-921b9a24c570,导游业务,全国导游人员资格考试教材编写组,旅游教育出版社,第7版,,SRC-HFNU-2024-DG,"{""asset_id"":""ASSET-HFNU-2024-DG-PDF"",""page"":21,""row_key"":""商务英语|旅游与酒店管理|导游业务"",""section"":""参考书目""}"
BOOK-df21ec03-3111-5185-b9c2-eb1f5a6be832,PY-7a2e109d-c876-5b2d-94b9-c09ea486f17a,SUBJ-f99652b4-233b-513d-bfb1-921b9a24c570,导游业务,全国导游人员资格考试教材编写组,旅游教育出版社,第7版,,SRC-HFNU-2026-DG,"{""asset_id"":""ASSET-HFNU-2026-DG-PDF"",""page"":18,""row_key"":""商务英语|旅游与酒店管理|导游业务"",""section"":""参考书目""}"
BOOK-01c445c5-13b1-564f-a566-8054b0b9a395,PY-db7e9bd8-c8f9-53e8-82d9-50b849f6897b,SUBJ-f99652b4-233b-513d-bfb1-921b9a24c570,酒店管理概论,魏卫,华中科技大学出版社,第1版,,SRC-HFNU-2025-DG,"{""asset_id"":""ASSET-HFNU-2025-DG-PDF"",""page"":18,""row_key"":""商务英语|旅游与酒店管理|酒店管理概论"",""section"":""参考书目""}"
BOOK-75985bc3-344a-5918-8b4e-df1b75d53631,PY-7a2e109d-c876-5b2d-94b9-c09ea486f17a,SUBJ-f99652b4-233b-513d-bfb1-921b9a24c570,酒店管理概论,魏卫,华中科技大学出版社,第1版,,SRC-HFNU-2026-DG,"{""asset_id"":""ASSET-HFNU-2026-DG-PDF"",""page"":18,""row_key"":""商务英语|旅游与酒店管理|酒店管理概论"",""section"":""参考书目""}"
BOOK-bfd030a7-0514-5f53-9f25-0525b13ab9d9,PY-2c4bd8ce-35e9-594f-a938-a656aa703f5a,SUBJ-f99652b4-233b-513d-bfb1-921b9a24c570,酒店管理概论,魏卫,华中科技大学出版社,第1版,,SRC-HFNU-2024-DG,"{""asset_id"":""ASSET-HFNU-2024-DG-PDF"",""page"":21,""row_key"":""商务英语|旅游与酒店管理|酒店管理概论"",""section"":""参考书目""}"
BOOK-1af3b7e5-92e5-504b-b238-9e9baaf53525,PY-ecc9e3b1-60b6-5dc5-9ff3-533e80878b24,SUBJ-02b2bcf6-0a2f-557b-a16f-927e9b10fb56,教育学原理,《教育学原理》编写组,高等教育出版社,,,SRC-HFNU-2025-DG,"{""asset_id"":""ASSET-HFNU-2025-DG-PDF"",""page"":6,""row_key"":""学前教育|教育学|教育学原理"",""section"":""参考书目""}"
BOOK-7cf2c8f7-c4bc-5669-983a-c5915341933b,PY-72aaeb9a-a436-5a44-ab25-970dc0988dec,SUBJ-02b2bcf6-0a2f-557b-a16f-927e9b10fb56,教育学原理,《教育学原理》编写组,高等教育出版社,,,SRC-HFNU-2026-DG,"{""asset_id"":""ASSET-HFNU-2026-DG-PDF"",""page"":6,""row_key"":""学前教育|教育学|教育学原理"",""section"":""参考书目""}"
BOOK-95f3b7fd-3a75-5920-ba9a-4c47b6fe0b67,PY-020af4f4-756d-52f1-bedf-da1fb4f791e3,SUBJ-02b2bcf6-0a2f-557b-a16f-927e9b10fb56,教育学原理,《教育学原理》编写组,高等教育出版社,,,SRC-HFNU-2024-DG,"{""asset_id"":""ASSET-HFNU-2024-DG-PDF"",""page"":6,""row_key"":""学前教育|教育学|教育学原理"",""section"":""参考书目""}"
BOOK-92ea9def-fed4-5db2-ae33-07255cd20895,PY-ecc9e3b1-60b6-5dc5-9ff3-533e80878b24,SUBJ-ce62e9a7-e2d2-5f09-b201-6cffb1f9685f,心理学,姚本先主编,高等教育出版社,第三版,,SRC-HFNU-2025-DG,"{""asset_id"":""ASSET-HFNU-2025-DG-PDF"",""page"":6,""row_key"":""学前教育|心理学|心理学"",""section"":""参考书目""}"
BOOK-cde67f40-1fde-5a4e-8abf-4515fac2afca,PY-72aaeb9a-a436-5a44-ab25-970dc0988dec,SUBJ-ce62e9a7-e2d2-5f09-b201-6cffb1f9685f,心理学,姚本先主编,高等教育出版社,第三版,,SRC-HFNU-2026-DG,"{""asset_id"":""ASSET-HFNU-2026-DG-PDF"",""page"":6,""row_key"":""学前教育|心理学|心理学"",""section"":""参考书目""}"
BOOK-ef554ed8-2969-5f63-9c1c-02b9c649fe3c,PY-020af4f4-756d-52f1-bedf-da1fb4f791e3,SUBJ-ce62e9a7-e2d2-5f09-b201-6cffb1f9685f,心理学,姚本先主编,高等教育出版社,第三版,,SRC-HFNU-2024-DG,"{""asset_id"":""ASSET-HFNU-2024-DG-PDF"",""page"":6,""row_key"":""学前教育|心理学|心理学"",""section"":""参考书目""}"
BOOK-31df1d62-7d12-5405-a469-8ec39b0411ea,PY-5f2479bd-6728-58a1-b12a-2bcf0d4b1d1e,SUBJ-02b2bcf6-0a2f-557b-a16f-927e9b10fb56,教育学原理,《教育学原理》编写组,高等教育出版社,,,SRC-HFNU-2026-DG,"{""asset_id"":""ASSET-HFNU-2026-DG-PDF"",""page"":6,""row_key"":""小学教育|教育学|教育学原理"",""section"":""参考书目""}"
BOOK-4aa7d859-a5c0-5e5e-94fa-8bfb2244f79a,PY-6c06c71f-3a0c-540c-849d-0db19bc3a05c,SUBJ-02b2bcf6-0a2f-557b-a16f-927e9b10fb56,教育学原理,《教育学原理》编写组,高等教育出版社,,,SRC-HFNU-2024-DG,"{""asset_id"":""ASSET-HFNU-2024-DG-PDF"",""page"":6,""row_key"":""小学教育|教育学|教育学原理"",""section"":""参考书目""}"
BOOK-864e8eb1-f47c-5e74-8eea-e41d792817fc,PY-3a39de0e-93d9-5376-9e84-d126745d67a9,SUBJ-02b2bcf6-0a2f-557b-a16f-927e9b10fb56,教育学原理,《教育学原理》编写组,高等教育出版社,,,SRC-HFNU-2025-DG,"{""asset_id"":""ASSET-HFNU-2025-DG-PDF"",""page"":6,""row_key"":""小学教育|教育学|教育学原理"",""section"":""参考书目""}"
BOOK-17405d59-ea4d-5006-97ed-e4f9b32937f4,PY-3a39de0e-93d9-5376-9e84-d126745d67a9,SUBJ-ce62e9a7-e2d2-5f09-b201-6cffb1f9685f,心理学,姚本先主编,高等教育出版社,第三版,,SRC-HFNU-2025-DG,"{""asset_id"":""ASSET-HFNU-2025-DG-PDF"",""page"":6,""row_key"":""小学教育|心理学|心理学"",""section"":""参考书目""}"
BOOK-271ae940-f98a-550a-ac2e-057a080cef10,PY-5f2479bd-6728-58a1-b12a-2bcf0d4b1d1e,SUBJ-ce62e9a7-e2d2-5f09-b201-6cffb1f9685f,心理学,姚本先主编,高等教育出版社,第三版,,SRC-HFNU-2026-DG,"{""asset_id"":""ASSET-HFNU-2026-DG-PDF"",""page"":6,""row_key"":""小学教育|心理学|心理学"",""section"":""参考书目""}"
BOOK-ba4b792e-4b17-53a4-a421-7a98bbcbde07,PY-6c06c71f-3a0c-540c-849d-0db19bc3a05c,SUBJ-ce62e9a7-e2d2-5f09-b201-6cffb1f9685f,心理学,姚本先主编,高等教育出版社,第三版,,SRC-HFNU-2024-DG,"{""asset_id"":""ASSET-HFNU-2024-DG-PDF"",""page"":6,""row_key"":""小学教育|心理学|心理学"",""section"":""参考书目""}"
BOOK-56851332-b472-52e6-b226-7b96cb93e814,PY-0aac3cd8-5c25-596e-9230-c0d6393c0806,SUBJ-225d4839-edc0-58f4-a894-f24182a6ca56,管理学原理,"王光健,胡友宇,石媚山",中国人民大学出版社,第二版,,SRC-HFNU-2026-DG,"{""asset_id"":""ASSET-HFNU-2026-DG-PDF"",""page"":8,""row_key"":""市场营销|管理学原理|管理学原理"",""section"":""参考书目""}"
BOOK-c63353f2-f167-52b0-baed-c396daa61f76,PY-2ea256ce-e1f9-511b-b897-0b35b9549b96,SUBJ-225d4839-edc0-58f4-a894-f24182a6ca56,管理学原理,"王光健,胡友宇,石媚山",中国人民大学出版社,第二版,,SRC-HFNU-2024-DG,"{""asset_id"":""ASSET-HFNU-2024-DG-PDF"",""page"":9,""row_key"":""市场营销|管理学原理|管理学原理"",""section"":""参考书目""}"
BOOK-f2b13410-9ca9-51db-86a3-b58f74d6e353,PY-c9b1de1d-1ce8-57a1-8bee-7eb6708ea2d0,SUBJ-225d4839-edc0-58f4-a894-f24182a6ca56,管理学原理,"王光健,胡友宇,石媚山",中国人民大学出版社,第二版,,SRC-HFNU-2025-DG,"{""asset_id"":""ASSET-HFNU-2025-DG-PDF"",""page"":8,""row_key"":""市场营销|管理学原理|管理学原理"",""section"":""参考书目""}"
BOOK-22b8f5fa-9e3d-5d29-a4d4-ff55654aa243,PY-0aac3cd8-5c25-596e-9230-c0d6393c0806,SUBJ-be5405f8-d905-514f-8b29-cc10f36c78ef,基础会计,张凤明、唐淑文编著,立信会计出版社,第一版,,SRC-HFNU-2026-DG,"{""asset_id"":""ASSET-HFNU-2026-DG-PDF"",""page"":8,""row_key"":""市场营销|会计学原理|基础会计"",""section"":""参考书目""}"
BOOK-a21dafcf-f8cc-541d-8843-2bb84d71e688,PY-c9b1de1d-1ce8-57a1-8bee-7eb6708ea2d0,SUBJ-be5405f8-d905-514f-8b29-cc10f36c78ef,基础会计,张凤明、唐淑文编著,立信会计出版社,第1版,,SRC-HFNU-2025-DG,"{""asset_id"":""ASSET-HFNU-2025-DG-PDF"",""page"":8,""row_key"":""市场营销|会计学原理|基础会计"",""section"":""参考书目""}"
BOOK-df6e8271-fcbd-5b70-aabb-d1964bf0b6d1,PY-2ea256ce-e1f9-511b-b897-0b35b9549b96,SUBJ-be5405f8-d905-514f-8b29-cc10f36c78ef,基础会计,张凤明、唐淑文编著,立信会计出版社,第1版,,SRC-HFNU-2024-DG,"{""asset_id"":""ASSET-HFNU-2024-DG-PDF"",""page"":9,""row_key"":""市场营销|会计学原理|基础会计"",""section"":""参考书目""}"
BOOK-09fc3bdc-3c93-52b5-b8a8-7b95d95813b3,PY-08a324b9-551b-5fed-b1f0-52e51932edf5,SUBJ-1187ecff-f02c-5290-8d46-b7a9749ff165,C 语言程序设计,苏小红等编著,高等教育出版社,第4版,,SRC-HFNU-2024-DG,"{""asset_id"":""ASSET-HFNU-2024-DG-PDF"",""page"":56,""row_key"":""数据科学与大数据技术|C语言程序设计|C 语言程序设计"",""section"":""参考书目""}"
BOOK-e3e229c3-3dfc-5106-bdd7-9a549a303a73,PY-6e7077e9-1f2b-5395-a3da-163433fa29e8,SUBJ-1187ecff-f02c-5290-8d46-b7a9749ff165,C语言程序设计,苏小红等编著,高等教育出版社,第4版,,SRC-HFNU-2025-DG,"{""asset_id"":""ASSET-HFNU-2025-DG-PDF"",""page"":40,""row_key"":""数据科学与大数据技术|C语言程序设计|C语言程序设计"",""section"":""参考书目""}"
BOOK-4ccd5f07-293b-5460-9828-45712abe2ce0,PY-08a324b9-551b-5fed-b1f0-52e51932edf5,SUBJ-ee125cd5-c186-5634-a89b-cfb306ee74c3,数据结构,严蔚敏、李冬梅、吴伟民编著,人民邮电出版社,第2版,,SRC-HFNU-2024-DG,"{""asset_id"":""ASSET-HFNU-2024-DG-PDF"",""page"":57,""row_key"":""数据科学与大数据技术|数据结构|数据结构"",""section"":""参考书目""}"
BOOK-b26b86ba-0ad5-59eb-b8c2-3801e5f69729,PY-6e7077e9-1f2b-5395-a3da-163433fa29e8,SUBJ-ee125cd5-c186-5634-a89b-cfb306ee74c3,数据结构,严蔚敏、李冬梅、吴伟民编著,人民邮电出版社,第2版,,SRC-HFNU-2025-DG,"{""asset_id"":""ASSET-HFNU-2025-DG-PDF"",""page"":41,""row_key"":""数据科学与大数据技术|数据结构|数据结构"",""section"":""参考书目""}"
BOOK-348d1420-5edc-5001-8e35-5150261f113e,PY-6e7077e9-1f2b-5395-a3da-163433fa29e8,SUBJ-ee125cd5-c186-5634-a89b-cfb306ee74c3,新编数据结构习题与解析,李春葆、喻丹丹、曾平、曾慧编著,清华大学出版社,,,SRC-HFNU-2025-DG,"{""asset_id"":""ASSET-HFNU-2025-DG-PDF"",""page"":41,""row_key"":""数据科学与大数据技术|数据结构|新编数据结构习题与解析"",""section"":""参考书目""}"
BOOK-73c766d1-8caa-5670-a31e-31b86e1b6752,PY-08a324b9-551b-5fed-b1f0-52e51932edf5,SUBJ-ee125cd5-c186-5634-a89b-cfb306ee74c3,新编数据结构习题与解析,李春葆、喻丹丹、曾平、曾慧编著,清华大学出版社,,,SRC-HFNU-2024-DG,"{""asset_id"":""ASSET-HFNU-2024-DG-PDF"",""page"":57,""row_key"":""数据科学与大数据技术|数据结构|新编数据结构习题与解析"",""section"":""参考书目""}"
BOOK-39b68543-df4a-5499-b388-18294b55b3ab,PY-e526e3b6-1188-52a6-b70e-683ba3c34f05,SUBJ-4c8d96e4-aca9-5a2b-9627-a8413f8122de,普通物理学,程守洙 江之永主编,高等教育出版社,第七版,,SRC-HFNU-2026-DG,"{""asset_id"":""ASSET-HFNU-2026-DG-PDF"",""page"":32,""row_key"":""新能源材料与器件|大学物理|普通物理学"",""section"":""参考书目""}"
BOOK-6f3698d9-8bdf-5f1e-8cd9-4f95af90794b,PY-7a968034-5eeb-5042-aef7-056e0711e7e5,SUBJ-4c8d96e4-aca9-5a2b-9627-a8413f8122de,普通物理学,程守洙 江之永主编,高等教育出版社,第七版,,SRC-HFNU-2025-DG,"{""asset_id"":""ASSET-HFNU-2025-DG-PDF"",""page"":32,""row_key"":""新能源材料与器件|大学物理|普通物理学"",""section"":""参考书目""}"
BOOK-e7d238b1-50bd-5b49-af77-9c9b5f1397b1,PY-b5d0d88d-6d2b-5d5c-b8fa-740cd91b914f,SUBJ-4c8d96e4-aca9-5a2b-9627-a8413f8122de,普通物理学,程守洙 江之永主编,高等教育出版社,第七版,,SRC-HFNU-2024-DG,"{""asset_id"":""ASSET-HFNU-2024-DG-PDF"",""page"":35,""row_key"":""新能源材料与器件|大学物理|普通物理学"",""section"":""参考书目""}"
BOOK-4457e9a9-e784-55d2-afba-404097fe72bc,PY-b5d0d88d-6d2b-5d5c-b8fa-740cd91b914f,SUBJ-dedd1bdc-f56a-52b9-8be2-d3449d5338a1,无机化学简明教程,天津大学,高等教育出版社,第一版,,SRC-HFNU-2024-DG,"{""asset_id"":""ASSET-HFNU-2024-DG-PDF"",""page"":32,""row_key"":""新能源材料与器件|无机化学|无机化学简明教程"",""section"":""参考书目""}"
BOOK-a681ba53-0fec-525d-9e06-a17425f6a4a3,PY-e526e3b6-1188-52a6-b70e-683ba3c34f05,SUBJ-dedd1bdc-f56a-52b9-8be2-d3449d5338a1,无机化学简明教程,天津大学,高等教育出版社,第一版,,SRC-HFNU-2026-DG,"{""asset_id"":""ASSET-HFNU-2026-DG-PDF"",""page"":30,""row_key"":""新能源材料与器件|无机化学|无机化学简明教程"",""section"":""参考书目""}"
BOOK-cd46ac0f-7276-5655-be58-7aab51c46f53,PY-7a968034-5eeb-5042-aef7-056e0711e7e5,SUBJ-dedd1bdc-f56a-52b9-8be2-d3449d5338a1,无机化学简明教程,天津大学,高等教育出版社,第一版,,SRC-HFNU-2025-DG,"{""asset_id"":""ASSET-HFNU-2025-DG-PDF"",""page"":30,""row_key"":""新能源材料与器件|无机化学|无机化学简明教程"",""section"":""参考书目""}"
BOOK-2bc05bd4-d571-5b51-aea8-c79aba5a367b,PY-a33a19d4-d78c-5342-be85-65c5a9660b96,SUBJ-01918fe9-ba7a-5bb6-81c1-08ef3a02dec6,插画设计,刘萍编著,西南大学出版社,,,SRC-HFNU-2024-DG,"{""asset_id"":""ASSET-HFNU-2024-DG-PDF"",""page"":22,""row_key"":""服装与服饰设计|插画设计|插画设计"",""section"":""参考书目""}"
BOOK-59cf8b9f-dd30-5b48-b92b-aafbc1929610,PY-fd171dae-68a8-5ede-ac54-96b4ca9d7bbd,SUBJ-01918fe9-ba7a-5bb6-81c1-08ef3a02dec6,插画设计,刘萍编著,西南大学出版社,,,SRC-HFNU-2025-DG,"{""asset_id"":""ASSET-HFNU-2025-DG-PDF"",""page"":19,""row_key"":""服装与服饰设计|插画设计|插画设计"",""section"":""参考书目""}"
BOOK-84f7f799-6a6a-5df7-be92-f3a03e8aaeb5,PY-60caff45-1baa-561b-9abf-d569a2fab432,SUBJ-01918fe9-ba7a-5bb6-81c1-08ef3a02dec6,插画设计,刘萍编著,西南大学出版社,,,SRC-HFNU-2026-DG,"{""asset_id"":""ASSET-HFNU-2026-DG-PDF"",""page"":19,""row_key"":""服装与服饰设计|插画设计|插画设计"",""section"":""参考书目""}"
BOOK-1495fa1b-bd5d-58ec-9ad0-2f22cd3b7cb6,PY-fd171dae-68a8-5ede-ac54-96b4ca9d7bbd,SUBJ-01918fe9-ba7a-5bb6-81c1-08ef3a02dec6,色彩表现,"刘雪花,蒋粤闽编著",华中科技大学出版社,,,SRC-HFNU-2025-DG,"{""asset_id"":""ASSET-HFNU-2025-DG-PDF"",""page"":19,""row_key"":""服装与服饰设计|插画设计|色彩表现"",""section"":""参考书目""}"
BOOK-45eec236-3dcd-59d0-8b19-083e4abc4ce6,PY-60caff45-1baa-561b-9abf-d569a2fab432,SUBJ-01918fe9-ba7a-5bb6-81c1-08ef3a02dec6,色彩表现,"刘雪花,蒋粤闽编著",华中科技大学出版社,,,SRC-HFNU-2026-DG,"{""asset_id"":""ASSET-HFNU-2026-DG-PDF"",""page"":19,""row_key"":""服装与服饰设计|插画设计|色彩表现"",""section"":""参考书目""}"
BOOK-7ef13c58-00f9-5c8f-ac3f-626ef9accf24,PY-a33a19d4-d78c-5342-be85-65c5a9660b96,SUBJ-01918fe9-ba7a-5bb6-81c1-08ef3a02dec6,色彩表现,"刘雪花,蒋粤闽编著",华中科技大学出版社,,,SRC-HFNU-2024-DG,"{""asset_id"":""ASSET-HFNU-2024-DG-PDF"",""page"":22,""row_key"":""服装与服饰设计|插画设计|色彩表现"",""section"":""参考书目""}"
BOOK-0cff948d-d962-5671-a76e-8c008bedc7f5,PY-fd171dae-68a8-5ede-ac54-96b4ca9d7bbd,SUBJ-88d1b877-d7e1-5b43-8383-45ccafde7590,速写,"王雷,宫丽慧,刘海静等编著",辽宁美术出版社,第一版,,SRC-HFNU-2025-DG,"{""asset_id"":""ASSET-HFNU-2025-DG-PDF"",""page"":19,""row_key"":""服装与服饰设计|人物速写|速写"",""section"":""参考书目""}"
BOOK-6179e30a-8ed1-580f-a244-d8227d8ee9e0,PY-60caff45-1baa-561b-9abf-d569a2fab432,SUBJ-88d1b877-d7e1-5b43-8383-45ccafde7590,速写,"王雷,宫丽慧,刘海静等编著",辽宁美术出版社,第一版,,SRC-HFNU-2026-DG,"{""asset_id"":""ASSET-HFNU-2026-DG-PDF"",""page"":19,""row_key"":""服装与服饰设计|人物速写|速写"",""section"":""参考书目""}"
BOOK-61c5dc36-1f1f-59ce-bbc1-5864cd8f0b74,PY-a33a19d4-d78c-5342-be85-65c5a9660b96,SUBJ-88d1b877-d7e1-5b43-8383-45ccafde7590,速写,"王雷,宫丽慧,刘海静等编著",辽宁美术出版社,第一版,,SRC-HFNU-2024-DG,"{""asset_id"":""ASSET-HFNU-2024-DG-PDF"",""page"":22,""row_key"":""服装与服饰设计|人物速写|速写"",""section"":""参考书目""}"
BOOK-94c7eb72-903d-5c61-b564-58a6ad567cb9,PY-3a2cd018-7f77-5bc5-9f9c-a1c016453ac4,SUBJ-4c8d96e4-aca9-5a2b-9627-a8413f8122de,普通物理学,程守洙 江之永主编,高等教育出版社,第七版,,SRC-HFNU-2024-DG,"{""asset_id"":""ASSET-HFNU-2024-DG-PDF"",""page"":35,""row_key"":""材料科学与工程|大学物理|普通物理学"",""section"":""参考书目""}"
BOOK-086dfa4c-404c-5cb7-96db-9e488f76f024,PY-3a2cd018-7f77-5bc5-9f9c-a1c016453ac4,SUBJ-dedd1bdc-f56a-52b9-8be2-d3449d5338a1,无机化学简明教程,天津大学,高等教育出版社,第一版,,SRC-HFNU-2024-DG,"{""asset_id"":""ASSET-HFNU-2024-DG-PDF"",""page"":32,""row_key"":""材料科学与工程|无机化学|无机化学简明教程"",""section"":""参考书目""}"
BOOK-231291a3-06dc-584c-934c-1075f1c12a03,PY-cce1b798-d909-5e3a-8e03-49751024827c,SUBJ-1c3ae097-7035-5332-8158-78a17463b465,建筑速写,杜鹏、刘庆慧、王炼等编著,清华大学出版社,,,SRC-HFNU-2024-DG,"{""asset_id"":""ASSET-HFNU-2024-DG-PDF"",""page"":23,""row_key"":""环境设计|建筑速写|建筑速写"",""section"":""参考书目""}"
BOOK-661b8d48-2bd3-58a9-8f11-c7584d67dcb0,PY-c3f5b3c6-1c16-5568-bd01-f6789ac17ca0,SUBJ-1c3ae097-7035-5332-8158-78a17463b465,建筑速写,杜鹏、刘庆慧、王炼等编著,清华大学出版社,,,SRC-HFNU-2026-DG,"{""asset_id"":""ASSET-HFNU-2026-DG-PDF"",""page"":20,""row_key"":""环境设计|建筑速写|建筑速写"",""section"":""参考书目""}"
BOOK-854546a0-34ab-575e-8e2c-d3c41b19d696,PY-b1bb3b4d-f0ad-5ca6-b6da-6c1f7b1ba18d,SUBJ-1c3ae097-7035-5332-8158-78a17463b465,建筑速写,杜鹏、刘庆慧、王炼等编著,清华大学出版社,,,SRC-HFNU-2025-DG,"{""asset_id"":""ASSET-HFNU-2025-DG-PDF"",""page"":20,""row_key"":""环境设计|建筑速写|建筑速写"",""section"":""参考书目""}"
BOOK-34f18901-b7f5-529c-90a4-74c1644b9513,PY-c3f5b3c6-1c16-5568-bd01-f6789ac17ca0,SUBJ-79f29a13-1d52-50f7-b94f-a4a47fddc19b,室内设计手绘技法与快题表现,曾添编著,人民邮电出版社,第2版,,SRC-HFNU-2026-DG,"{""asset_id"":""ASSET-HFNU-2026-DG-PDF"",""page"":20,""row_key"":""环境设计|室内设计表现|室内设计手绘技法与快题表现"",""section"":""参考书目""}"
BOOK-4325b94e-c8bb-5a7b-8b67-c4a4f3bed049,PY-b1bb3b4d-f0ad-5ca6-b6da-6c1f7b1ba18d,SUBJ-79f29a13-1d52-50f7-b94f-a4a47fddc19b,室内设计手绘技法与快题表现,曾添编著,人民邮电出版社,第2版,,SRC-HFNU-2025-DG,"{""asset_id"":""ASSET-HFNU-2025-DG-PDF"",""page"":20,""row_key"":""环境设计|室内设计表现|室内设计手绘技法与快题表现"",""section"":""参考书目""}"
BOOK-7a114968-0fea-5676-9e5f-c637c7d30e9a,PY-cce1b798-d909-5e3a-8e03-49751024827c,SUBJ-79f29a13-1d52-50f7-b94f-a4a47fddc19b,室内设计手绘技法与快题表现,曾添编著,人民邮电出版社,第2版,,SRC-HFNU-2024-DG,"{""asset_id"":""ASSET-HFNU-2024-DG-PDF"",""page"":23,""row_key"":""环境设计|室内设计表现|室内设计手绘技法与快题表现"",""section"":""参考书目""}"
BOOK-45ece049-88bc-58b0-999b-b8aba199e920,PY-cce1b798-d909-5e3a-8e03-49751024827c,SUBJ-79f29a13-1d52-50f7-b94f-a4a47fddc19b,色彩表现,"刘雪花,蒋粤闽编著",华中科技大学出版社,,,SRC-HFNU-2024-DG,"{""asset_id"":""ASSET-HFNU-2024-DG-PDF"",""page"":23,""row_key"":""环境设计|室内设计表现|色彩表现"",""section"":""参考书目""}"
BOOK-b69fcc38-869d-5bee-b2f5-ea5bbeccfd77,PY-b1bb3b4d-f0ad-5ca6-b6da-6c1f7b1ba18d,SUBJ-79f29a13-1d52-50f7-b94f-a4a47fddc19b,色彩表现,"刘雪花,蒋粤闽编著",华中科技大学出版社,,,SRC-HFNU-2025-DG,"{""asset_id"":""ASSET-HFNU-2025-DG-PDF"",""page"":20,""row_key"":""环境设计|室内设计表现|色彩表现"",""section"":""参考书目""}"
BOOK-dcee36c7-59b8-5806-b48b-dfe29dbe0c7e,PY-c3f5b3c6-1c16-5568-bd01-f6789ac17ca0,SUBJ-79f29a13-1d52-50f7-b94f-a4a47fddc19b,色彩表现,"刘雪花,蒋粤闽编著",华中科技大学出版社,,,SRC-HFNU-2026-DG,"{""asset_id"":""ASSET-HFNU-2026-DG-PDF"",""page"":20,""row_key"":""环境设计|室内设计表现|色彩表现"",""section"":""参考书目""}"
BOOK-16540426-6694-57c4-be09-e13e84d99f0e,PY-383f6bf8-4300-552c-9214-286c5ae05e4c,SUBJ-512487a4-1606-5a3e-bbb4-aaa0090673b5,生物化学简明教程,魏民主编,高等教育出版社,第六版,,SRC-HFNU-2024-DG,"{""asset_id"":""ASSET-HFNU-2024-DG-PDF"",""page"":62,""row_key"":""生物制药|生物化学|生物化学简明教程"",""section"":""参考书目""}"
BOOK-da35e6b2-0b54-54e6-a60e-058680d7db8b,PY-b7c7f69a-06d9-5e7c-a417-8fd3b0b85b36,SUBJ-512487a4-1606-5a3e-bbb4-aaa0090673b5,生物化学简明教程,魏民主编,高等教育出版社,第六版,,SRC-HFNU-2025-DG,"{""asset_id"":""ASSET-HFNU-2025-DG-PDF"",""page"":44,""row_key"":""生物制药|生物化学|生物化学简明教程"",""section"":""参考书目""}"
BOOK-fff93b6d-f785-501d-a909-cf0a95747e3a,PY-72444f87-2128-5e58-83db-9ee54057b81a,SUBJ-512487a4-1606-5a3e-bbb4-aaa0090673b5,生物化学简明教程,魏民主编,高等教育出版社,第六版,,SRC-HFNU-2026-DG,"{""asset_id"":""ASSET-HFNU-2026-DG-PDF"",""page"":45,""row_key"":""生物制药|生物化学|生物化学简明教程"",""section"":""参考书目""}"
BOOK-6d586927-1c2e-5e98-90d9-c28b966bf39e,PY-383f6bf8-4300-552c-9214-286c5ae05e4c,SUBJ-e954d6b6-e336-5243-997a-401c8e1fec54,微生物学教程,周德庆编,高等教育出版社,第四版,,SRC-HFNU-2024-DG,"{""asset_id"":""ASSET-HFNU-2024-DG-PDF"",""page"":62,""row_key"":""生物制药|微生物学|微生物学教程"",""section"":""参考书目""}"
BOOK-740f979c-fc89-577d-8734-bf6c813b0817,PY-b7c7f69a-06d9-5e7c-a417-8fd3b0b85b36,SUBJ-e954d6b6-e336-5243-997a-401c8e1fec54,微生物学教程,周德庆编,高等教育出版社,第四版,,SRC-HFNU-2025-DG,"{""asset_id"":""ASSET-HFNU-2025-DG-PDF"",""page"":44,""row_key"":""生物制药|微生物学|微生物学教程"",""section"":""参考书目""}"
BOOK-fb1c2990-378a-56d8-922f-9c29a9942a1e,PY-72444f87-2128-5e58-83db-9ee54057b81a,SUBJ-e954d6b6-e336-5243-997a-401c8e1fec54,微生物学教程,周德庆编,高等教育出版社,第四版,,SRC-HFNU-2026-DG,"{""asset_id"":""ASSET-HFNU-2026-DG-PDF"",""page"":45,""row_key"":""生物制药|微生物学|微生物学教程"",""section"":""参考书目""}"
BOOK-74ab7e17-2831-5b76-912b-6a0ada9e6e24,PY-8f722ade-092f-590b-8634-064fa7db4652,SUBJ-0210da2c-c125-5f19-9416-37fce69429c7,数字电子技术基础,"阎石,王红编著",高等教育出版社,第六版,,SRC-HFNU-2025-DG,"{""asset_id"":""ASSET-HFNU-2025-DG-PDF"",""page"":38,""row_key"":""电子信息工程|数字电子技术基础|数字电子技术基础"",""section"":""参考书目""}"
BOOK-8b36bbef-71dd-55ab-8e5d-6df9d743ff93,PY-aa1faa30-f529-5015-9edb-8acae4bb9ff7,SUBJ-0210da2c-c125-5f19-9416-37fce69429c7,数字电子技术基础,"阎石,王红编著",高等教育出版社,第六版,,SRC-HFNU-2026-DG,"{""asset_id"":""ASSET-HFNU-2026-DG-PDF"",""page"":39,""row_key"":""电子信息工程|数字电子技术基础|数字电子技术基础"",""section"":""参考书目""}"
BOOK-ca9ffe20-1adc-53be-907b-906cbc35d1e8,PY-efd03451-30c9-5a3b-a3c0-c025f88814d9,SUBJ-0210da2c-c125-5f19-9416-37fce69429c7,数字电子技术基础,阎石 王红编著,高等教育出版社,第六版,,SRC-HFNU-2024-DG,"{""asset_id"":""ASSET-HFNU-2024-DG-PDF"",""page"":43,""row_key"":""电子信息工程|数字电子技术基础|数字电子技术基础"",""section"":""参考书目""}"
BOOK-0f0cf204-118c-52f9-a30f-b5560900e4d4,PY-efd03451-30c9-5a3b-a3c0-c025f88814d9,SUBJ-17c29bcb-031b-5886-9ae6-dbda71e015ef,电路,邱关源,高等教育出版社,第五版,,SRC-HFNU-2024-DG,"{""asset_id"":""ASSET-HFNU-2024-DG-PDF"",""page"":43,""row_key"":""电子信息工程|电路分析基础|电路"",""section"":""参考书目""}"
BOOK-2c9066f3-cd32-500a-a555-76441b2e5f9b,PY-aa1faa30-f529-5015-9edb-8acae4bb9ff7,SUBJ-17c29bcb-031b-5886-9ae6-dbda71e015ef,电路,邱关源,高等教育出版社,第五版,,SRC-HFNU-2026-DG,"{""asset_id"":""ASSET-HFNU-2026-DG-PDF"",""page"":39,""row_key"":""电子信息工程|电路分析基础|电路"",""section"":""参考书目""}"
BOOK-aedd570d-3b34-57e6-8ed2-8c474c1bdbc0,PY-8f722ade-092f-590b-8634-064fa7db4652,SUBJ-17c29bcb-031b-5886-9ae6-dbda71e015ef,电路,邱关源,高等教育出版社,第五版,,SRC-HFNU-2025-DG,"{""asset_id"":""ASSET-HFNU-2025-DG-PDF"",""page"":38,""row_key"":""电子信息工程|电路分析基础|电路"",""section"":""参考书目""}"
BOOK-1a567653-80a8-505f-aaa9-3ba512d7e503,PY-8f722ade-092f-590b-8634-064fa7db4652,SUBJ-17c29bcb-031b-5886-9ae6-dbda71e015ef,电路分析基础,,,,,SRC-HFNU-2025-DG,"{""asset_id"":""ASSET-HFNU-2025-DG-PDF"",""page"":38,""row_key"":""电子信息工程|电路分析基础|电路分析基础"",""section"":""参考书目""}"
BOOK-21c158b6-91ee-5a40-80e1-ba18ea7a7276,PY-efd03451-30c9-5a3b-a3c0-c025f88814d9,SUBJ-17c29bcb-031b-5886-9ae6-dbda71e015ef,电路分析基础,,,,,SRC-HFNU-2024-DG,"{""asset_id"":""ASSET-HFNU-2024-DG-PDF"",""page"":43,""row_key"":""电子信息工程|电路分析基础|电路分析基础"",""section"":""参考书目""}"
BOOK-3b11e944-3dca-5c9b-b1ec-1f8b69c8fae0,PY-691b9e36-b4db-5629-a017-fb962d553e16,SUBJ-0210da2c-c125-5f19-9416-37fce69429c7,数字电子技术基础,"阎石,王红编著",高等教育出版社,第六版,,SRC-HFNU-2025-DG,"{""asset_id"":""ASSET-HFNU-2025-DG-PDF"",""page"":38,""row_key"":""电气工程及其自动化|数字电子技术基础|数字电子技术基础"",""section"":""参考书目""}"
BOOK-df5bf0af-f0bb-5bf6-ae01-8fcf514edcd7,PY-6937acb5-ca42-5874-90cd-3ff3eba3dff2,SUBJ-0210da2c-c125-5f19-9416-37fce69429c7,数字电子技术基础,"阎石,王红编著",高等教育出版社,第六版,,SRC-HFNU-2026-DG,"{""asset_id"":""ASSET-HFNU-2026-DG-PDF"",""page"":39,""row_key"":""电气工程及其自动化|数字电子技术基础|数字电子技术基础"",""section"":""参考书目""}"
BOOK-0915494f-a4cc-5083-a961-45c53d987c7e,PY-6937acb5-ca42-5874-90cd-3ff3eba3dff2,SUBJ-17c29bcb-031b-5886-9ae6-dbda71e015ef,电路,邱关源,高等教育出版社,第五版,,SRC-HFNU-2026-DG,"{""asset_id"":""ASSET-HFNU-2026-DG-PDF"",""page"":39,""row_key"":""电气工程及其自动化|电路分析基础|电路"",""section"":""参考书目""}"
BOOK-0b9c74a2-049b-5ef6-ba19-d3e7cf3eca97,PY-691b9e36-b4db-5629-a017-fb962d553e16,SUBJ-17c29bcb-031b-5886-9ae6-dbda71e015ef,电路,邱关源,高等教育出版社,第五版,,SRC-HFNU-2025-DG,"{""asset_id"":""ASSET-HFNU-2025-DG-PDF"",""page"":38,""row_key"":""电气工程及其自动化|电路分析基础|电路"",""section"":""参考书目""}"
BOOK-2c6e627f-149b-51b7-956a-d27c59216170,PY-faa4df75-4caa-5caa-afbc-83d5d9f96562,SUBJ-17c29bcb-031b-5886-9ae6-dbda71e015ef,电路,邱关源,高等教育出版社,第五版,,SRC-HFNU-2024-DG,"{""asset_id"":""ASSET-HFNU-2024-DG-PDF"",""page"":53,""row_key"":""电气工程及其自动化|电路分析基础|电路"",""section"":""参考书目""}"
BOOK-57a09ee6-a53c-56b4-a090-985e931e8823,PY-691b9e36-b4db-5629-a017-fb962d553e16,SUBJ-17c29bcb-031b-5886-9ae6-dbda71e015ef,电路分析基础,,,,,SRC-HFNU-2025-DG,"{""asset_id"":""ASSET-HFNU-2025-DG-PDF"",""page"":38,""row_key"":""电气工程及其自动化|电路分析基础|电路分析基础"",""section"":""参考书目""}"
BOOK-b33fc819-8b74-5630-b7c5-3c4b93cc198d,PY-faa4df75-4caa-5caa-afbc-83d5d9f96562,SUBJ-17c29bcb-031b-5886-9ae6-dbda71e015ef,电路分析基础,,,,,SRC-HFNU-2024-DG,"{""asset_id"":""ASSET-HFNU-2024-DG-PDF"",""page"":53,""row_key"":""电气工程及其自动化|电路分析基础|电路分析基础"",""section"":""参考书目""}"
BOOK-9517b62a-c868-527d-a330-f00dca276659,PY-faa4df75-4caa-5caa-afbc-83d5d9f96562,SUBJ-4aee3f17-a7f7-5623-924a-9ac52a52a137,自动控制原理,胡寿松主编,科学出版社,第六版,,SRC-HFNU-2024-DG,"{""asset_id"":""ASSET-HFNU-2024-DG-PDF"",""page"":53,""row_key"":""电气工程及其自动化|自动控制原理|自动控制原理"",""section"":""参考书目""}"
BOOK-1eff42f1-2c62-5ef2-a0cf-2314028fe8cd,PY-faa4df75-4caa-5caa-afbc-83d5d9f96562,SUBJ-4aee3f17-a7f7-5623-924a-9ac52a52a137,自动控制原理与系统,孔凡才、陈渝光主编,机械工业出版社,,,SRC-HFNU-2024-DG,"{""asset_id"":""ASSET-HFNU-2024-DG-PDF"",""page"":53,""row_key"":""电气工程及其自动化|自动控制原理|自动控制原理与系统"",""section"":""参考书目""}"
BOOK-0f74eba7-96f9-57d7-8555-b1ea20b55947,PY-ef3ba7ca-8a35-567d-8e9b-5e9db870845d,SUBJ-64f42f8f-5b59-5019-bd92-5772473a7077,经济统计学,"王莹,徐颖,王军",机械工业出版社,第2版,,SRC-HFNU-2024-DG,"{""asset_id"":""ASSET-HFNU-2024-DG-PDF"",""page"":38,""row_key"":""经济统计学|统计学|经济统计学"",""section"":""参考书目""}"
BOOK-5b52cd99-0132-5739-be27-ffad34b6af6b,PY-9bf379f6-526f-5941-957a-024bcf12b06d,SUBJ-64f42f8f-5b59-5019-bd92-5772473a7077,经济统计学,"王莹,徐颖,王军",机械工业出版社,第2版,,SRC-HFNU-2026-DG,"{""asset_id"":""ASSET-HFNU-2026-DG-PDF"",""page"":34,""row_key"":""经济统计学|统计学|经济统计学"",""section"":""参考书目""}"
BOOK-8f10a2a5-b154-5c48-8d7e-2d0768ee4f91,PY-9588e29a-fc4b-56f5-afc2-96068ab69be2,SUBJ-64f42f8f-5b59-5019-bd92-5772473a7077,经济统计学,"王莹,徐颖,王军",机械工业出版社,第2版,,SRC-HFNU-2025-DG,"{""asset_id"":""ASSET-HFNU-2025-DG-PDF"",""page"":34,""row_key"":""经济统计学|统计学|经济统计学"",""section"":""参考书目""}"
BOOK-01abc331-6302-57f8-98a0-b68425a7a98b,PY-9588e29a-fc4b-56f5-afc2-96068ab69be2,SUBJ-7c29394f-52b0-5931-b0b3-625d7861212e,西方经济学,马工程西方经济学编写组,高等教育出版社,第二版,,SRC-HFNU-2025-DG,"{""asset_id"":""ASSET-HFNU-2025-DG-PDF"",""page"":34,""row_key"":""经济统计学|微观经济学|西方经济学"",""section"":""参考书目""}"
BOOK-6c334ba0-1e40-52b1-8288-16e6c6dfe3d1,PY-9bf379f6-526f-5941-957a-024bcf12b06d,SUBJ-7c29394f-52b0-5931-b0b3-625d7861212e,西方经济学,马工程西方经济学编写组,高等教育出版社,第二版,,SRC-HFNU-2026-DG,"{""asset_id"":""ASSET-HFNU-2026-DG-PDF"",""page"":34,""row_key"":""经济统计学|微观经济学|西方经济学"",""section"":""参考书目""}"
BOOK-c0bfe779-a2f4-5ea3-ba18-529dda9dd279,PY-ef3ba7ca-8a35-567d-8e9b-5e9db870845d,SUBJ-7c29394f-52b0-5931-b0b3-625d7861212e,西方经济学,马工程西方经济学编写组,高等教育出版社,第二版,,SRC-HFNU-2024-DG,"{""asset_id"":""ASSET-HFNU-2024-DG-PDF"",""page"":38,""row_key"":""经济统计学|微观经济学|西方经济学"",""section"":""参考书目""}"
BOOK-c9775388-4db3-53c8-9372-be44ee01dc91,PY-99def49b-49c6-5585-b556-8fa88db18d63,SUBJ-8e5385a1-a7b4-505d-bf4c-ae5ee1a19c1e,新闻学概论,李良荣著,复旦大学出版社,第六版,,SRC-HFNU-2024-DG,"{""asset_id"":""ASSET-HFNU-2024-DG-PDF"",""page"":17,""row_key"":""网络与新媒体|新闻学概论|新闻学概论"",""section"":""参考书目""}"
BOOK-3cd50f8c-75b7-576b-b00f-14cc9fb7a90b,PY-db22c94f-7384-5d9f-8d28-d9d914655409,SUBJ-8e5385a1-a7b4-505d-bf4c-ae5ee1a19c1e,新闻学概论(第六版),李良荣著,复旦大学出版社,第六版,,SRC-HFNU-2026-DG,"{""asset_id"":""ASSET-HFNU-2026-DG-PDF"",""page"":15,""row_key"":""网络与新媒体|新闻学概论|新闻学概论(第六版)"",""section"":""参考书目""}"
BOOK-dfec2ea0-8d2d-5e01-9c63-bbf353ac7d4a,PY-125c9ba1-90b1-5498-90cf-45e18962351f,SUBJ-8e5385a1-a7b4-505d-bf4c-ae5ee1a19c1e,新闻学概论(第六版),李良荣著,复旦大学出版社,第六版,,SRC-HFNU-2025-DG,"{""asset_id"":""ASSET-HFNU-2025-DG-PDF"",""page"":15,""row_key"":""网络与新媒体|新闻学概论|新闻学概论(第六版)"",""section"":""参考书目""}"
BOOK-b8fc62a0-5608-5ccd-b3f3-7124968c7433,PY-99def49b-49c6-5585-b556-8fa88db18d63,SUBJ-e352e919-c275-52bb-b3f8-63af79d9e8aa,传播学概论 (第二版),郭庆光著,中国人民大学出版社,第二版,,SRC-HFNU-2024-DG,"{""asset_id"":""ASSET-HFNU-2024-DG-PDF"",""page"":17,""row_key"":""网络与新媒体|传播学概论|传播学概论 (第二版)"",""section"":""参考书目""}"
BOOK-0a54cf2b-3cf3-53e0-973f-09bf33c030b4,PY-db22c94f-7384-5d9f-8d28-d9d914655409,SUBJ-e352e919-c275-52bb-b3f8-63af79d9e8aa,传播学概论(第二版),郭庆光著,中国人民大学出版社,第二版,,SRC-HFNU-2026-DG,"{""asset_id"":""ASSET-HFNU-2026-DG-PDF"",""page"":15,""row_key"":""网络与新媒体|传播学概论|传播学概论(第二版)"",""section"":""参考书目""}"
BOOK-3a46c779-c09e-5ae0-8109-e49b19d940e1,PY-125c9ba1-90b1-5498-90cf-45e18962351f,SUBJ-e352e919-c275-52bb-b3f8-63af79d9e8aa,传播学概论(第二版),郭庆光著,中国人民大学出版社,第二版,,SRC-HFNU-2025-DG,"{""asset_id"":""ASSET-HFNU-2025-DG-PDF"",""page"":15,""row_key"":""网络与新媒体|传播学概论|传播学概论(第二版)"",""section"":""参考书目""}"
BOOK-60d436cb-6a0d-537b-abaf-d7a0ca4b825a,PY-4420be4a-c3a7-513d-8208-0de118ed05c0,SUBJ-1187ecff-f02c-5290-8d46-b7a9749ff165,C 语言程序设计,苏小红等编著,高等教育出版社,第4版,,SRC-HFNU-2024-DG,"{""asset_id"":""ASSET-HFNU-2024-DG-PDF"",""page"":56,""row_key"":""网络工程|C语言程序设计|C 语言程序设计"",""section"":""参考书目""}"
BOOK-5949fb18-7eca-5bea-b34f-9090857c55ed,PY-33849257-2af7-5485-b9bd-d58f65dccd4f,SUBJ-1187ecff-f02c-5290-8d46-b7a9749ff165,C语言程序设计,苏小红等编著,高等教育出版社,第4版,,SRC-HFNU-2025-DG,"{""asset_id"":""ASSET-HFNU-2025-DG-PDF"",""page"":40,""row_key"":""网络工程|C语言程序设计|C语言程序设计"",""section"":""参考书目""}"
BOOK-af202caf-7f01-557b-9895-674ddc938799,PY-45d12ed2-0b3e-545b-9059-9faa17bf9627,SUBJ-1187ecff-f02c-5290-8d46-b7a9749ff165,C语言程序设计,苏小红等编著,高等教育出版社,第4版,,SRC-HFNU-2026-DG,"{""asset_id"":""ASSET-HFNU-2026-DG-PDF"",""page"":41,""row_key"":""网络工程|C语言程序设计|C语言程序设计"",""section"":""参考书目""}"
BOOK-0a53558d-77f3-5b34-a31f-70d864ecc65b,PY-33849257-2af7-5485-b9bd-d58f65dccd4f,SUBJ-ee125cd5-c186-5634-a89b-cfb306ee74c3,数据结构,严蔚敏、李冬梅、吴伟民编著,人民邮电出版社,第2版,,SRC-HFNU-2025-DG,"{""asset_id"":""ASSET-HFNU-2025-DG-PDF"",""page"":41,""row_key"":""网络工程|数据结构|数据结构"",""section"":""参考书目""}"
BOOK-bbd758a8-422e-5df2-91a3-82f04b05f2ff,PY-4420be4a-c3a7-513d-8208-0de118ed05c0,SUBJ-ee125cd5-c186-5634-a89b-cfb306ee74c3,数据结构,严蔚敏、李冬梅、吴伟民编著,人民邮电出版社,第2版,,SRC-HFNU-2024-DG,"{""asset_id"":""ASSET-HFNU-2024-DG-PDF"",""page"":57,""row_key"":""网络工程|数据结构|数据结构"",""section"":""参考书目""}"
BOOK-c6385fc2-f9a9-5e9e-83e1-fde0c4cd9060,PY-45d12ed2-0b3e-545b-9059-9faa17bf9627,SUBJ-ee125cd5-c186-5634-a89b-cfb306ee74c3,数据结构,李冬梅、严蔚敏、吴伟民编著,人民邮电出版社,第3版,,SRC-HFNU-2026-DG,"{""asset_id"":""ASSET-HFNU-2026-DG-PDF"",""page"":42,""row_key"":""网络工程|数据结构|数据结构"",""section"":""参考书目""}"
BOOK-2776cdee-7410-51c0-8222-7a9767ec0af3,PY-4420be4a-c3a7-513d-8208-0de118ed05c0,SUBJ-ee125cd5-c186-5634-a89b-cfb306ee74c3,新编数据结构习题与解析,李春葆、喻丹丹、曾平、曾慧编著,清华大学出版社,,,SRC-HFNU-2024-DG,"{""asset_id"":""ASSET-HFNU-2024-DG-PDF"",""page"":57,""row_key"":""网络工程|数据结构|新编数据结构习题与解析"",""section"":""参考书目""}"
BOOK-e34a01c9-7962-52d1-acfa-1ea3b61327ad,PY-33849257-2af7-5485-b9bd-d58f65dccd4f,SUBJ-ee125cd5-c186-5634-a89b-cfb306ee74c3,新编数据结构习题与解析,李春葆、喻丹丹、曾平、曾慧编著,清华大学出版社,,,SRC-HFNU-2025-DG,"{""asset_id"":""ASSET-HFNU-2025-DG-PDF"",""page"":41,""row_key"":""网络工程|数据结构|新编数据结构习题与解析"",""section"":""参考书目""}"
BOOK-0a000aad-ff98-5d54-ad3c-de3f585d86c1,PY-d4434b6a-3713-5285-ab53-08fe1ef5f251,SUBJ-af265a9a-3576-5139-8e32-0df76de6f524,无机及分析化学(第五版),南京大学编,高等教育出版社,第五版,,SRC-HFNU-2025-DG,"{""asset_id"":""ASSET-HFNU-2025-DG-PDF"",""page"":28,""row_key"":""药物制剂|基础无机化学|无机及分析化学(第五版)"",""section"":""参考书目""}"
BOOK-58933438-7c7b-5d37-a2e2-aa31bdd9ad5f,PY-ad8df301-6793-5250-9766-93e5674a5189,SUBJ-af265a9a-3576-5139-8e32-0df76de6f524,无机及分析化学(第五版),南京大学编,高等教育出版社,第五版,,SRC-HFNU-2026-DG,"{""asset_id"":""ASSET-HFNU-2026-DG-PDF"",""page"":28,""row_key"":""药物制剂|基础无机化学|无机及分析化学(第五版)"",""section"":""参考书目""}"
BOOK-5f68bbfe-cc34-59ca-aa1a-8e786aed3edf,PY-078d9cf4-435d-571c-b89d-6cf5d2426a5b,SUBJ-af265a9a-3576-5139-8e32-0df76de6f524,无机及分析化学(第五版),南京大学编,高等教育出版社,第五版,,SRC-HFNU-2024-DG,"{""asset_id"":""ASSET-HFNU-2024-DG-PDF"",""page"":29,""row_key"":""药物制剂|基础无机化学|无机及分析化学(第五版)"",""section"":""参考书目""}"
BOOK-1c02f055-5ec7-5cc2-93df-2c3e0c3c8837,PY-d4434b6a-3713-5285-ab53-08fe1ef5f251,SUBJ-f064f3e9-8008-5e68-86f5-1e55c4ebf102,无机及分析化学(第五版),南京大学编,高等教育出版社,第五版,,SRC-HFNU-2025-DG,"{""asset_id"":""ASSET-HFNU-2025-DG-PDF"",""page"":28,""row_key"":""药物制剂|基础分析化学|无机及分析化学(第五版)"",""section"":""参考书目""}"
BOOK-7d857b35-e108-5b81-ab3d-f850263c06eb,PY-078d9cf4-435d-571c-b89d-6cf5d2426a5b,SUBJ-f064f3e9-8008-5e68-86f5-1e55c4ebf102,无机及分析化学(第五版),南京大学编,高等教育出版社,第五版,,SRC-HFNU-2024-DG,"{""asset_id"":""ASSET-HFNU-2024-DG-PDF"",""page"":29,""row_key"":""药物制剂|基础分析化学|无机及分析化学(第五版)"",""section"":""参考书目""}"
BOOK-f2238f5f-a9de-5625-ae22-b3f3b6dd7933,PY-ad8df301-6793-5250-9766-93e5674a5189,SUBJ-f064f3e9-8008-5e68-86f5-1e55c4ebf102,无机及分析化学(第五版),南京大学编,高等教育出版社,第五版,,SRC-HFNU-2026-DG,"{""asset_id"":""ASSET-HFNU-2026-DG-PDF"",""page"":28,""row_key"":""药物制剂|基础分析化学|无机及分析化学(第五版)"",""section"":""参考书目""}"
BOOK-1685f2ac-c43e-5657-baae-51214b1c849f,PY-1fa48ea8-9b9a-504c-a596-68116f927ac6,SUBJ-01918fe9-ba7a-5bb6-81c1-08ef3a02dec6,插画设计,刘萍编著,西南大学出版社,,,SRC-HFNU-2026-DG,"{""asset_id"":""ASSET-HFNU-2026-DG-PDF"",""page"":19,""row_key"":""视觉传达设计|插画设计|插画设计"",""section"":""参考书目""}"
BOOK-992f8cf8-bfbc-5688-9bac-1311bb4134c2,PY-5b0619d9-5054-5707-9c9a-0f87f8079b72,SUBJ-01918fe9-ba7a-5bb6-81c1-08ef3a02dec6,插画设计,刘萍编著,西南大学出版社,,,SRC-HFNU-2024-DG,"{""asset_id"":""ASSET-HFNU-2024-DG-PDF"",""page"":22,""row_key"":""视觉传达设计|插画设计|插画设计"",""section"":""参考书目""}"
BOOK-d1a0b5f2-74ec-5b2c-bf59-64fff23eb239,PY-c28929a5-00a7-5b2b-bacd-584ff8b5ef83,SUBJ-01918fe9-ba7a-5bb6-81c1-08ef3a02dec6,插画设计,刘萍编著,西南大学出版社,,,SRC-HFNU-2025-DG,"{""asset_id"":""ASSET-HFNU-2025-DG-PDF"",""page"":19,""row_key"":""视觉传达设计|插画设计|插画设计"",""section"":""参考书目""}"
BOOK-3ebef427-b1f9-5937-8bfb-91133bb65e85,PY-5b0619d9-5054-5707-9c9a-0f87f8079b72,SUBJ-01918fe9-ba7a-5bb6-81c1-08ef3a02dec6,色彩表现,"刘雪花,蒋粤闽编著",华中科技大学出版社,,,SRC-HFNU-2024-DG,"{""asset_id"":""ASSET-HFNU-2024-DG-PDF"",""page"":22,""row_key"":""视觉传达设计|插画设计|色彩表现"",""section"":""参考书目""}"
BOOK-91dd1eea-27f2-52b4-8ccc-0418a1ee9932,PY-c28929a5-00a7-5b2b-bacd-584ff8b5ef83,SUBJ-01918fe9-ba7a-5bb6-81c1-08ef3a02dec6,色彩表现,"刘雪花,蒋粤闽编著",华中科技大学出版社,,,SRC-HFNU-2025-DG,"{""asset_id"":""ASSET-HFNU-2025-DG-PDF"",""page"":19,""row_key"":""视觉传达设计|插画设计|色彩表现"",""section"":""参考书目""}"
BOOK-f8e3a38a-4fbd-55a0-bbd9-b5023cab41ac,PY-1fa48ea8-9b9a-504c-a596-68116f927ac6,SUBJ-01918fe9-ba7a-5bb6-81c1-08ef3a02dec6,色彩表现,"刘雪花,蒋粤闽编著",华中科技大学出版社,,,SRC-HFNU-2026-DG,"{""asset_id"":""ASSET-HFNU-2026-DG-PDF"",""page"":19,""row_key"":""视觉传达设计|插画设计|色彩表现"",""section"":""参考书目""}"
BOOK-9b2cc5fd-e1f1-5fa4-a95a-e523b8570666,PY-1fa48ea8-9b9a-504c-a596-68116f927ac6,SUBJ-88d1b877-d7e1-5b43-8383-45ccafde7590,速写,"王雷,宫丽慧,刘海静等编著",辽宁美术出版社,第一版,,SRC-HFNU-2026-DG,"{""asset_id"":""ASSET-HFNU-2026-DG-PDF"",""page"":19,""row_key"":""视觉传达设计|人物速写|速写"",""section"":""参考书目""}"
BOOK-b70c34cd-32b3-5e20-b598-1521dab9d1ad,PY-c28929a5-00a7-5b2b-bacd-584ff8b5ef83,SUBJ-88d1b877-d7e1-5b43-8383-45ccafde7590,速写,"王雷,宫丽慧,刘海静等编著",辽宁美术出版社,第一版,,SRC-HFNU-2025-DG,"{""asset_id"":""ASSET-HFNU-2025-DG-PDF"",""page"":19,""row_key"":""视觉传达设计|人物速写|速写"",""section"":""参考书目""}"
BOOK-f5ff7d4b-6090-57bf-a3a0-8ff2d2a24ce8,PY-5b0619d9-5054-5707-9c9a-0f87f8079b72,SUBJ-88d1b877-d7e1-5b43-8383-45ccafde7590,速写,"王雷,宫丽慧,刘海静等编著",辽宁美术出版社,第一版,,SRC-HFNU-2024-DG,"{""asset_id"":""ASSET-HFNU-2024-DG-PDF"",""page"":22,""row_key"":""视觉传达设计|人物速写|速写"",""section"":""参考书目""}"
BOOK-32a7195f-4503-5d24-8cb0-a6235be64eed,PY-c1006596-0bc4-5d2f-bae9-d702b42dbe56,SUBJ-1187ecff-f02c-5290-8d46-b7a9749ff165,C 语言程序设计,苏小红等编著,高等教育出版社,第4版,,SRC-HFNU-2024-DG,"{""asset_id"":""ASSET-HFNU-2024-DG-PDF"",""page"":56,""row_key"":""计算机科学与技术|C语言程序设计|C 语言程序设计"",""section"":""参考书目""}"
BOOK-a0fbd8ea-fc7e-5588-a2c6-6240f8df55e8,PY-57e78f73-a8db-57d9-80d6-67958e447a8f,SUBJ-1187ecff-f02c-5290-8d46-b7a9749ff165,C语言程序设计,苏小红等编著,高等教育出版社,第4版,,SRC-HFNU-2026-DG,"{""asset_id"":""ASSET-HFNU-2026-DG-PDF"",""page"":41,""row_key"":""计算机科学与技术|C语言程序设计|C语言程序设计"",""section"":""参考书目""}"
BOOK-ed5726f8-2da9-53a0-9c52-903ac81811c6,PY-1fc46668-1f5f-5414-8051-6683797aa8c9,SUBJ-1187ecff-f02c-5290-8d46-b7a9749ff165,C语言程序设计,苏小红等编著,高等教育出版社,第4版,,SRC-HFNU-2025-DG,"{""asset_id"":""ASSET-HFNU-2025-DG-PDF"",""page"":40,""row_key"":""计算机科学与技术|C语言程序设计|C语言程序设计"",""section"":""参考书目""}"
BOOK-82f37b4e-5933-5bdb-95e7-2bf950e5f83c,PY-1fc46668-1f5f-5414-8051-6683797aa8c9,SUBJ-ee125cd5-c186-5634-a89b-cfb306ee74c3,数据结构,严蔚敏、李冬梅、吴伟民编著,人民邮电出版社,第2版,,SRC-HFNU-2025-DG,"{""asset_id"":""ASSET-HFNU-2025-DG-PDF"",""page"":41,""row_key"":""计算机科学与技术|数据结构|数据结构"",""section"":""参考书目""}"
BOOK-d35d33aa-bf55-5371-8ba6-01e3a9cbbf63,PY-c1006596-0bc4-5d2f-bae9-d702b42dbe56,SUBJ-ee125cd5-c186-5634-a89b-cfb306ee74c3,数据结构,严蔚敏、李冬梅、吴伟民编著,人民邮电出版社,第2版,,SRC-HFNU-2024-DG,"{""asset_id"":""ASSET-HFNU-2024-DG-PDF"",""page"":57,""row_key"":""计算机科学与技术|数据结构|数据结构"",""section"":""参考书目""}"
BOOK-f285a68e-df34-5f48-89ce-82387f385b9f,PY-57e78f73-a8db-57d9-80d6-67958e447a8f,SUBJ-ee125cd5-c186-5634-a89b-cfb306ee74c3,数据结构,李冬梅、严蔚敏、吴伟民编著,人民邮电出版社,第3版,,SRC-HFNU-2026-DG,"{""asset_id"":""ASSET-HFNU-2026-DG-PDF"",""page"":42,""row_key"":""计算机科学与技术|数据结构|数据结构"",""section"":""参考书目""}"
BOOK-3f518f23-5a53-5c97-9874-081c72677cb7,PY-1fc46668-1f5f-5414-8051-6683797aa8c9,SUBJ-ee125cd5-c186-5634-a89b-cfb306ee74c3,新编数据结构习题与解析,李春葆、喻丹丹、曾平、曾慧编著,清华大学出版社,,,SRC-HFNU-2025-DG,"{""asset_id"":""ASSET-HFNU-2025-DG-PDF"",""page"":41,""row_key"":""计算机科学与技术|数据结构|新编数据结构习题与解析"",""section"":""参考书目""}"
BOOK-a9748980-49e1-5b0e-8315-19a726f1caf9,PY-c1006596-0bc4-5d2f-bae9-d702b42dbe56,SUBJ-ee125cd5-c186-5634-a89b-cfb306ee74c3,新编数据结构习题与解析,李春葆、喻丹丹、曾平、曾慧编著,清华大学出版社,,,SRC-HFNU-2024-DG,"{""asset_id"":""ASSET-HFNU-2024-DG-PDF"",""page"":57,""row_key"":""计算机科学与技术|数据结构|新编数据结构习题与解析"",""section"":""参考书目""}"
BOOK-70fae3d9-e09d-5d7b-a53c-d3afa32d3dab,PY-961cdbb0-595a-5c84-b275-3c44bd3f1afe,SUBJ-225d4839-edc0-58f4-a894-f24182a6ca56,管理学原理,"王光健,胡友宇,石媚山",中国人民大学出版社,第二版,,SRC-HFNU-2024-DG,"{""asset_id"":""ASSET-HFNU-2024-DG-PDF"",""page"":9,""row_key"":""财务管理|管理学原理|管理学原理"",""section"":""参考书目""}"
BOOK-e1e7261f-63d8-5e80-a99a-86a73e081681,PY-f0469fae-303d-5f32-810f-4fc2c047798a,SUBJ-225d4839-edc0-58f4-a894-f24182a6ca56,管理学原理,"王光健,胡友宇,石媚山",中国人民大学出版社,第二版,,SRC-HFNU-2025-DG,"{""asset_id"":""ASSET-HFNU-2025-DG-PDF"",""page"":8,""row_key"":""财务管理|管理学原理|管理学原理"",""section"":""参考书目""}"
BOOK-f3cfcca4-222f-5b4a-931d-05d00648a4ce,PY-7d7a90df-6856-5ed4-bd80-3bb9f115e50c,SUBJ-225d4839-edc0-58f4-a894-f24182a6ca56,管理学原理,"王光健,胡友宇,石媚山",中国人民大学出版社,第二版,,SRC-HFNU-2026-DG,"{""asset_id"":""ASSET-HFNU-2026-DG-PDF"",""page"":8,""row_key"":""财务管理|管理学原理|管理学原理"",""section"":""参考书目""}"
BOOK-451eb433-15ef-5539-88de-ea455db07b48,PY-f0469fae-303d-5f32-810f-4fc2c047798a,SUBJ-be5405f8-d905-514f-8b29-cc10f36c78ef,基础会计,张凤明、唐淑文编著,立信会计出版社,第1版,,SRC-HFNU-2025-DG,"{""asset_id"":""ASSET-HFNU-2025-DG-PDF"",""page"":8,""row_key"":""财务管理|会计学原理|基础会计"",""section"":""参考书目""}"
BOOK-d52aeec4-101a-56cf-9366-9dc074d39867,PY-961cdbb0-595a-5c84-b275-3c44bd3f1afe,SUBJ-be5405f8-d905-514f-8b29-cc10f36c78ef,基础会计,张凤明、唐淑文编著,立信会计出版社,第1版,,SRC-HFNU-2024-DG,"{""asset_id"":""ASSET-HFNU-2024-DG-PDF"",""page"":9,""row_key"":""财务管理|会计学原理|基础会计"",""section"":""参考书目""}"
BOOK-e03db001-5473-5d14-a71e-1a9f52f46765,PY-7d7a90df-6856-5ed4-bd80-3bb9f115e50c,SUBJ-be5405f8-d905-514f-8b29-cc10f36c78ef,基础会计,张凤明、唐淑文编著,立信会计出版社,第一版,,SRC-HFNU-2026-DG,"{""asset_id"":""ASSET-HFNU-2026-DG-PDF"",""page"":8,""row_key"":""财务管理|会计学原理|基础会计"",""section"":""参考书目""}"
BOOK-4f833765-bc98-5867-b9db-0c95d3ab7c21,PY-c544ae6e-925e-5611-ba09-a410dc123c8f,SUBJ-1187ecff-f02c-5290-8d46-b7a9749ff165,C 语言程序设计,苏小红等编著,高等教育出版社,第4版,,SRC-HFNU-2024-DG,"{""asset_id"":""ASSET-HFNU-2024-DG-PDF"",""page"":56,""row_key"":""软件工程|C语言程序设计|C 语言程序设计"",""section"":""参考书目""}"
BOOK-20d95a58-3573-57d5-b080-7469a9287663,PY-74a22726-dc05-5e0a-9bb4-28bd097e2929,SUBJ-1187ecff-f02c-5290-8d46-b7a9749ff165,C语言程序设计,苏小红等编著,高等教育出版社,第4版,,SRC-HFNU-2025-DG,"{""asset_id"":""ASSET-HFNU-2025-DG-PDF"",""page"":40,""row_key"":""软件工程|C语言程序设计|C语言程序设计"",""section"":""参考书目""}"
BOOK-4e0b5954-1064-5201-8f9e-48e896b8d69f,PY-87d007a8-7d28-5978-b3e0-0878b10e64b2,SUBJ-1187ecff-f02c-5290-8d46-b7a9749ff165,C语言程序设计,苏小红等编著,高等教育出版社,第4版,,SRC-HFNU-2026-DG,"{""asset_id"":""ASSET-HFNU-2026-DG-PDF"",""page"":41,""row_key"":""软件工程|C语言程序设计|C语言程序设计"",""section"":""参考书目""}"
BOOK-a0e2d55c-305f-53b1-87d0-b7470994f6f7,PY-c544ae6e-925e-5611-ba09-a410dc123c8f,SUBJ-ee125cd5-c186-5634-a89b-cfb306ee74c3,数据结构,严蔚敏、李冬梅、吴伟民编著,人民邮电出版社,第2版,,SRC-HFNU-2024-DG,"{""asset_id"":""ASSET-HFNU-2024-DG-PDF"",""page"":57,""row_key"":""软件工程|数据结构|数据结构"",""section"":""参考书目""}"
BOOK-ac6b437a-d5b2-50c3-b50a-3692a4fe4784,PY-74a22726-dc05-5e0a-9bb4-28bd097e2929,SUBJ-ee125cd5-c186-5634-a89b-cfb306ee74c3,数据结构,严蔚敏、李冬梅、吴伟民编著,人民邮电出版社,第2版,,SRC-HFNU-2025-DG,"{""asset_id"":""ASSET-HFNU-2025-DG-PDF"",""page"":41,""row_key"":""软件工程|数据结构|数据结构"",""section"":""参考书目""}"
BOOK-b1bb5c04-43ee-59b7-baac-25ea8a02b099,PY-87d007a8-7d28-5978-b3e0-0878b10e64b2,SUBJ-ee125cd5-c186-5634-a89b-cfb306ee74c3,数据结构,李冬梅、严蔚敏、吴伟民编著,人民邮电出版社,第3版,,SRC-HFNU-2026-DG,"{""asset_id"":""ASSET-HFNU-2026-DG-PDF"",""page"":42,""row_key"":""软件工程|数据结构|数据结构"",""section"":""参考书目""}"
BOOK-58281692-4386-593a-b3ba-7c72c7dab543,PY-74a22726-dc05-5e0a-9bb4-28bd097e2929,SUBJ-ee125cd5-c186-5634-a89b-cfb306ee74c3,新编数据结构习题与解析,李春葆、喻丹丹、曾平、曾慧编著,清华大学出版社,,,SRC-HFNU-2025-DG,"{""asset_id"":""ASSET-HFNU-2025-DG-PDF"",""page"":41,""row_key"":""软件工程|数据结构|新编数据结构习题与解析"",""section"":""参考书目""}"
BOOK-758c7ba7-9192-5576-a05f-6a020411013a,PY-c544ae6e-925e-5611-ba09-a410dc123c8f,SUBJ-ee125cd5-c186-5634-a89b-cfb306ee74c3,新编数据结构习题与解析,李春葆、喻丹丹、曾平、曾慧编著,清华大学出版社,,,SRC-HFNU-2024-DG,"{""asset_id"":""ASSET-HFNU-2024-DG-PDF"",""page"":57,""row_key"":""软件工程|数据结构|新编数据结构习题与解析"",""section"":""参考书目""}"
BOOK-3bad39c5-1023-5068-9dcc-1a0a393bbb24,PY-affbb6ae-8b72-59de-9a6f-ca8898ee35cf,SUBJ-26a1c76a-73cb-50b2-a6ad-138251b69ad9,运动生理学,邓树勋主编,高等教育出版社,第三版,,SRC-HFNU-2024-DG,"{""asset_id"":""ASSET-HFNU-2024-DG-PDF"",""page"":27,""row_key"":""运动康复|运动解剖生理学|运动生理学"",""section"":""参考书目""}"
BOOK-91040079-5b0f-5b29-824d-05bddbcc3bb1,PY-affbb6ae-8b72-59de-9a6f-ca8898ee35cf,SUBJ-26a1c76a-73cb-50b2-a6ad-138251b69ad9,运动解剖学,李世昌,高等教育出版社,第三版,,SRC-HFNU-2024-DG,"{""asset_id"":""ASSET-HFNU-2024-DG-PDF"",""page"":27,""row_key"":""运动康复|运动解剖生理学|运动解剖学"",""section"":""参考书目""}"
BOOK-aa4bae5e-fbb1-5797-b92f-789e5a12b7cd,PY-3285d496-881a-55ab-ac23-820876127fe9,SUBJ-26a1c76a-73cb-50b2-a6ad-138251b69ad9,运动解剖生理学,封飞虎主编,华中科技大学出版社,第一版,9787568037723,SRC-HFNU-2026-DG,"{""asset_id"":""ASSET-HFNU-2026-DG-PDF"",""page"":26,""row_key"":""运动康复|运动解剖生理学|运动解剖生理学"",""section"":""参考书目""}"
BOOK-fb27ded4-44c4-5788-a495-03119313b681,PY-0bb78dd6-a3a6-51e2-8fd2-2b066b79e9a9,SUBJ-26a1c76a-73cb-50b2-a6ad-138251b69ad9,运动解剖生理学,封飞虎主编,华中科技大学出版社,第一版,9787568037723,SRC-HFNU-2025-DG,"{""asset_id"":""ASSET-HFNU-2025-DG-PDF"",""page"":26,""row_key"":""运动康复|运动解剖生理学|运动解剖生理学"",""section"":""参考书目""}"
BOOK-11b6a7f3-2424-5081-a26c-bd4c2a00ac1d,PY-3285d496-881a-55ab-ac23-820876127fe9,SUBJ-c1677517-0a7c-54f6-98e2-02b71ae0359b,康复功能评定学,王玉龙主编,人民卫生出版社,第三版,9787117271509,SRC-HFNU-2026-DG,"{""asset_id"":""ASSET-HFNU-2026-DG-PDF"",""page"":26,""row_key"":""运动康复|康复功能评定学|康复功能评定学"",""section"":""参考书目""}"
BOOK-620abc81-dadc-5b20-9c20-17d489d6d5ea,PY-0bb78dd6-a3a6-51e2-8fd2-2b066b79e9a9,SUBJ-c1677517-0a7c-54f6-98e2-02b71ae0359b,康复功能评定学,王玉龙主编,人民卫生出版社,第三版,9787117271509,SRC-HFNU-2025-DG,"{""asset_id"":""ASSET-HFNU-2025-DG-PDF"",""page"":26,""row_key"":""运动康复|康复功能评定学|康复功能评定学"",""section"":""参考书目""}"
BOOK-b5238fac-559f-53f1-9618-51c94bd50ae3,PY-affbb6ae-8b72-59de-9a6f-ca8898ee35cf,SUBJ-c1677517-0a7c-54f6-98e2-02b71ae0359b,康复功能评定学,王玉龙,人民卫生出版社,第二版,,SRC-HFNU-2024-DG,"{""asset_id"":""ASSET-HFNU-2024-DG-PDF"",""page"":27,""row_key"":""运动康复|康复功能评定学|康复功能评定学"",""section"":""参考书目""}"
BOOK-21d1b627-b463-5e7c-947d-3af7c8d23f2e,PY-7c2fe360-dbc0-50a0-83e7-8c346215e406,SUBJ-0210da2c-c125-5f19-9416-37fce69429c7,数字电子技术基础,"阎石,王红编著",高等教育出版社,第六版,,SRC-HFNU-2025-DG,"{""asset_id"":""ASSET-HFNU-2025-DG-PDF"",""page"":38,""row_key"":""通信工程|数字电子技术基础|数字电子技术基础"",""section"":""参考书目""}"
BOOK-c4b31d81-67fb-5f2d-823f-0af003afaa6c,PY-ed1c505d-c15f-5eb8-ac3e-fd6c0180066b,SUBJ-0210da2c-c125-5f19-9416-37fce69429c7,数字电子技术基础,"阎石,王红编著",高等教育出版社,第六版,,SRC-HFNU-2026-DG,"{""asset_id"":""ASSET-HFNU-2026-DG-PDF"",""page"":39,""row_key"":""通信工程|数字电子技术基础|数字电子技术基础"",""section"":""参考书目""}"
BOOK-ebe422af-1250-5c74-8ade-7258d66479ac,PY-463cbd2c-1087-553b-969f-9f38cad0f7f3,SUBJ-0210da2c-c125-5f19-9416-37fce69429c7,数字电子技术基础,阎石 王红编著,高等教育出版社,第六版,,SRC-HFNU-2024-DG,"{""asset_id"":""ASSET-HFNU-2024-DG-PDF"",""page"":48,""row_key"":""通信工程|数字电子技术基础|数字电子技术基础"",""section"":""参考书目""}"
BOOK-85e8fdb9-498d-5e51-9cda-a8d6a210c83b,PY-463cbd2c-1087-553b-969f-9f38cad0f7f3,SUBJ-17c29bcb-031b-5886-9ae6-dbda71e015ef,电路,邱关源,高等教育出版社,第五版,,SRC-HFNU-2024-DG,"{""asset_id"":""ASSET-HFNU-2024-DG-PDF"",""page"":48,""row_key"":""通信工程|电路分析基础|电路"",""section"":""参考书目""}"
BOOK-bbb3fcc2-a8e8-56be-80b3-0f0dd5eee18c,PY-7c2fe360-dbc0-50a0-83e7-8c346215e406,SUBJ-17c29bcb-031b-5886-9ae6-dbda71e015ef,电路,邱关源,高等教育出版社,第五版,,SRC-HFNU-2025-DG,"{""asset_id"":""ASSET-HFNU-2025-DG-PDF"",""page"":38,""row_key"":""通信工程|电路分析基础|电路"",""section"":""参考书目""}"
BOOK-dd75b81f-5b9a-560f-bdf1-742b14a6601d,PY-ed1c505d-c15f-5eb8-ac3e-fd6c0180066b,SUBJ-17c29bcb-031b-5886-9ae6-dbda71e015ef,电路,邱关源,高等教育出版社,第五版,,SRC-HFNU-2026-DG,"{""asset_id"":""ASSET-HFNU-2026-DG-PDF"",""page"":39,""row_key"":""通信工程|电路分析基础|电路"",""section"":""参考书目""}"
BOOK-2fd28e35-8f97-59b4-9ab9-a711b97f6a7b,PY-7c2fe360-dbc0-50a0-83e7-8c346215e406,SUBJ-17c29bcb-031b-5886-9ae6-dbda71e015ef,电路分析基础,,,,,SRC-HFNU-2025-DG,"{""asset_id"":""ASSET-HFNU-2025-DG-PDF"",""page"":38,""row_key"":""通信工程|电路分析基础|电路分析基础"",""section"":""参考书目""}"
BOOK-c2e00e96-6354-5478-9b56-a106efd007ea,PY-463cbd2c-1087-553b-969f-9f38cad0f7f3,SUBJ-17c29bcb-031b-5886-9ae6-dbda71e015ef,电路分析基础,,,,,SRC-HFNU-2024-DG,"{""asset_id"":""ASSET-HFNU-2024-DG-PDF"",""page"":48,""row_key"":""通信工程|电路分析基础|电路分析基础"",""section"":""参考书目""}"
BOOK-668b43fa-38d9-50c5-98c6-10e0696d6665,PY-290a1ee3-ba61-51ad-8200-9203c30cb382,SUBJ-024394d2-caed-5aa8-8645-aa8357db25b1,中国音乐史,《中国音乐史》编写组,高等教育出版社,,,SRC-HFNU-2026-DG,"{""asset_id"":""ASSET-HFNU-2026-DG-PDF"",""page"":22,""row_key"":""音乐学|中国音乐史|中国音乐史"",""section"":""参考书目""}"
BOOK-6d0d05ab-6a03-531b-bc94-6e7079cfc49b,PY-7baeb8ae-145f-5e01-998b-b44752508c28,SUBJ-024394d2-caed-5aa8-8645-aa8357db25b1,中国音乐史,《中国音乐史》编写组,高等教育出版社,,,SRC-HFNU-2025-DG,"{""asset_id"":""ASSET-HFNU-2025-DG-PDF"",""page"":22,""row_key"":""音乐学|中国音乐史|中国音乐史"",""section"":""参考书目""}"
BOOK-41f72a85-c58b-5f0d-a6d1-ecfff98cdfff,PY-7baeb8ae-145f-5e01-998b-b44752508c28,SUBJ-024394d2-caed-5aa8-8645-aa8357db25b1,中国音乐史与名作赏析,田可文,人民音乐出版社,,,SRC-HFNU-2025-DG,"{""asset_id"":""ASSET-HFNU-2025-DG-PDF"",""page"":22,""row_key"":""音乐学|中国音乐史|中国音乐史与名作赏析"",""section"":""参考书目""}"
BOOK-a71ac350-bc6a-5a44-af36-dde26a1f1913,PY-290a1ee3-ba61-51ad-8200-9203c30cb382,SUBJ-024394d2-caed-5aa8-8645-aa8357db25b1,中国音乐史与名作赏析,田可文,人民音乐出版社,,,SRC-HFNU-2026-DG,"{""asset_id"":""ASSET-HFNU-2026-DG-PDF"",""page"":22,""row_key"":""音乐学|中国音乐史|中国音乐史与名作赏析"",""section"":""参考书目""}"
BOOK-2299a0ad-364d-536f-b831-2aebebeed4a5,PY-290a1ee3-ba61-51ad-8200-9203c30cb382,SUBJ-65f907f9-5dad-55b8-8388-0a8afb34bcfa,和声学教程,斯波索宾(合著),人民音乐出版社,,,SRC-HFNU-2026-DG,"{""asset_id"":""ASSET-HFNU-2026-DG-PDF"",""page"":21,""row_key"":""音乐学|和声|和声学教程"",""section"":""参考书目""}"
BOOK-38a55aaa-ec77-5230-86d9-71154c16564c,PY-7baeb8ae-145f-5e01-998b-b44752508c28,SUBJ-65f907f9-5dad-55b8-8388-0a8afb34bcfa,和声学教程,姜之国,上海音乐学院出版社,,,SRC-HFNU-2025-DG,"{""asset_id"":""ASSET-HFNU-2025-DG-PDF"",""page"":21,""row_key"":""音乐学|和声|和声学教程"",""section"":""参考书目""}"
BOOK-6543fd66-74f1-576d-ad37-0f6e6e118995,PY-7baeb8ae-145f-5e01-998b-b44752508c28,SUBJ-65f907f9-5dad-55b8-8388-0a8afb34bcfa,和声学教程,斯波索宾(合著),人民音乐出版社,,,SRC-HFNU-2025-DG,"{""asset_id"":""ASSET-HFNU-2025-DG-PDF"",""page"":21,""row_key"":""音乐学|和声|和声学教程"",""section"":""参考书目""}"
BOOK-8409cd47-4fa8-5c00-a8fd-08eea9d242d8,PY-290a1ee3-ba61-51ad-8200-9203c30cb382,SUBJ-65f907f9-5dad-55b8-8388-0a8afb34bcfa,和声学教程,姜之国,上海音乐学院出版社,,,SRC-HFNU-2026-DG,"{""asset_id"":""ASSET-HFNU-2026-DG-PDF"",""page"":21,""row_key"":""音乐学|和声|和声学教程"",""section"":""参考书目""}"
BOOK-b4c1d7c7-7479-57d2-852a-db6644b2469d,PY-589eff83-7764-5386-b721-c8e025c15c6e,SUBJ-512487a4-1606-5a3e-bbb4-aaa0090673b5,生物化学简明教程,魏民主编,高等教育出版社,第六版,,SRC-HFNU-2026-DG,"{""asset_id"":""ASSET-HFNU-2026-DG-PDF"",""page"":45,""row_key"":""食品质量与安全|生物化学|生物化学简明教程"",""section"":""参考书目""}"
BOOK-c843ca0c-888c-5810-8a6c-7679ab4aacbd,PY-5a308856-46aa-584b-856c-62c27c55f791,SUBJ-512487a4-1606-5a3e-bbb4-aaa0090673b5,生物化学简明教程,魏民主编,高等教育出版社,第六版,,SRC-HFNU-2024-DG,"{""asset_id"":""ASSET-HFNU-2024-DG-PDF"",""page"":62,""row_key"":""食品质量与安全|生物化学|生物化学简明教程"",""section"":""参考书目""}"
BOOK-d8a41609-bcb6-531e-8bfc-a78a8b3847ae,PY-268e09d8-98bc-5c9d-8fd1-32d0f7d4c7f3,SUBJ-512487a4-1606-5a3e-bbb4-aaa0090673b5,生物化学简明教程,魏民主编,高等教育出版社,第六版,,SRC-HFNU-2025-DG,"{""asset_id"":""ASSET-HFNU-2025-DG-PDF"",""page"":44,""row_key"":""食品质量与安全|生物化学|生物化学简明教程"",""section"":""参考书目""}"
BOOK-0d23ff6c-6255-5f58-b413-5cc70e116823,PY-5a308856-46aa-584b-856c-62c27c55f791,SUBJ-e954d6b6-e336-5243-997a-401c8e1fec54,微生物学教程,周德庆编,高等教育出版社,第四版,,SRC-HFNU-2024-DG,"{""asset_id"":""ASSET-HFNU-2024-DG-PDF"",""page"":62,""row_key"":""食品质量与安全|微生物学|微生物学教程"",""section"":""参考书目""}"
BOOK-56b67d89-acbf-585b-a1d5-9e5f757b2dc7,PY-268e09d8-98bc-5c9d-8fd1-32d0f7d4c7f3,SUBJ-e954d6b6-e336-5243-997a-401c8e1fec54,微生物学教程,周德庆编,高等教育出版社,第四版,,SRC-HFNU-2025-DG,"{""asset_id"":""ASSET-HFNU-2025-DG-PDF"",""page"":44,""row_key"":""食品质量与安全|微生物学|微生物学教程"",""section"":""参考书目""}"
BOOK-cf821173-2c55-533f-adcc-188cf99c8bd0,PY-589eff83-7764-5386-b721-c8e025c15c6e,SUBJ-e954d6b6-e336-5243-997a-401c8e1fec54,微生物学教程,周德庆编,高等教育出版社,第四版,,SRC-HFNU-2026-DG,"{""asset_id"":""ASSET-HFNU-2026-DG-PDF"",""page"":45,""row_key"":""食品质量与安全|微生物学|微生物学教程"",""section"":""参考书目""}"
