asset_id,source_document_id,local_path,file_name,original_file_name,asset_type,mime_type,file_size,sha256,retrieved_at,parent_asset_id,parser_name,parser_version,generated_at
ASSET-AHNU-2024-LQ-CLEAN,SRC-AHNU-2024-LQ,raw/2024/AHNU/DOC-AHNU-2024-LQ_clean.txt,DOC-AHNU-2024-LQ_clean.txt,2024_AHNU_录取分数线_clean.txt,parsed_text,text/plain,2247,fb3d1fcd4884acf1b1dae8bae017c1dc57d41353d3965bd8e421755589b8eb7e,2026-08-14T16:19:06.881505+00:00,ASSET-AHNU-2024-LQ-HTML,,,
ASSET-AHNU-2024-LQ-HTML,SRC-AHNU-2024-LQ,raw/2024/AHNU/DOC-AHNU-2024-LQ.html,DOC-AHNU-2024-LQ.html,2024_AHNU_录取分数线.html,raw_document,text/html,22724,a73ba1616e391653faa2cca7526e528916332ce8f6690f3346b53021cd24b3b5,2026-08-14T16:19:06.881505+00:00,,,,
ASSET-AHNU-2024-LQ-META,SRC-AHNU-2024-LQ,raw/2024/AHNU/DOC-AHNU-2024-LQ_metadata.json,DOC-AHNU-2024-LQ_metadata.json,2024_AHNU_录取分数线_metadata.json,metadata,application/json,325,d3a8d22ee80dc8b2dc80ef91b93aaf6f376de7d12e80d91bf75dd7922cc6485d,2026-08-14T16:19:06.881505+00:00,ASSET-AHNU-2024-LQ-HTML,,,
ASSET-AHNU-2024-ZC-CLEAN,SRC-AHNU-2024-ZC,raw/2024/AHNU/DOC-AHNU-2024-ZC_clean.txt,DOC-AHNU-2024-ZC_clean.txt,2024_AHNU_招生章程_clean.txt,parsed_text,text/plain,21289,70f05e0f1c65e987f142c8320e259724a733f267af8df44efa20b27d3281ad7b,2026-08-14T16:19:06.881505+00:00,ASSET-AHNU-2024-ZC-HTML,,,
ASSET-AHNU-2024-ZC-HTML,SRC-AHNU-2024-ZC,raw/2024/AHNU/DOC-AHNU-2024-ZC.html,DOC-AHNU-2024-ZC.html,2024_AHNU_招生章程.html,raw_document,text/html,22803,81810885b0c9f6af09e084d74ed4a2dc7b86cecf07642517ca5c3c10eec024d7,2026-08-14T16:19:06.881505+00:00,,,,
ASSET-AHNU-2024-ZC-META,SRC-AHNU-2024-ZC,raw/2024/AHNU/DOC-AHNU-2024-ZC_metadata.json,DOC-AHNU-2024-ZC_metadata.json,2024_AHNU_招生章程_metadata.json,metadata,application/json,436,57f7d4334aaa7c7c8ef02201373f9413627bb35e51165b6a66cf9723b4c38ea4,2026-08-14T16:19:06.881505+00:00,ASSET-AHNU-2024-ZC-HTML,,,
ASSET-AHNU-2024-ZC-PDF,SRC-AHNU-2024-ZC,raw/2024/AHNU/DOC-AHNU-2024-ZC.pdf,DOC-AHNU-2024-ZC.pdf,2024_AHNU_招生章程.pdf,raw_document,application/pdf,302563,5a7be6f27857c803a34f22aad3fb4abd5a8c21699dd7eda15f06e611d8128159,2026-08-14T16:19:06.881505+00:00,,,,
ASSET-AHNU-2025-LQ-CLEAN,SRC-AHNU-2025-LQ,raw/2025/AHNU/DOC-AHNU-2025-LQ_clean.txt,DOC-AHNU-2025-LQ_clean.txt,2025_AHNU_录取分数线_clean.txt,parsed_text,text/plain,3498,0df4b81e4b1d8dbb7c2a543c4cb8d75a636e4862739644b6ced6ef7823c2fb0d,2026-08-14T16:19:06.881505+00:00,ASSET-AHNU-2025-LQ-HTML,,,
ASSET-AHNU-2025-LQ-HTML,SRC-AHNU-2025-LQ,raw/2025/AHNU/DOC-AHNU-2025-LQ.html,DOC-AHNU-2025-LQ.html,2025_AHNU_录取分数线.html,raw_document,text/html,82053,2db86c4b881573d9362ddf968514f9a6733b4d761a540e2f051dbfcfa3ba2e11,2026-08-14T16:19:06.881505+00:00,,,,
ASSET-AHNU-2025-LQ-META,SRC-AHNU-2025-LQ,raw/2025/AHNU/DOC-AHNU-2025-LQ_metadata.json,DOC-AHNU-2025-LQ_metadata.json,2025_AHNU_录取分数线_metadata.json,metadata,application/json,427,33fc2a726c315941562d1ffd3a5c17cd911cfdb024fb4efef38dfec9a2da7fb8,2026-08-14T16:19:06.881505+00:00,ASSET-AHNU-2025-LQ-HTML,,,
ASSET-AHNU-2025-ZC-CLEAN,SRC-AHNU-2025-ZC,raw/2025/AHNU/DOC-AHNU-2025-ZC_clean.txt,DOC-AHNU-2025-ZC_clean.txt,2025_AHNU_招生章程_clean.txt,parsed_text,text/plain,20643,dca59b0403a41a82613f8bc6270a77a4e937032c26ec1ec54d5f56cb5ba0efbf,2026-08-14T16:19:06.881505+00:00,ASSET-AHNU-2025-ZC-PDF,,,
ASSET-AHNU-2025-ZC-HTML,SRC-AHNU-2025-ZC,raw/2025/AHNU/DOC-AHNU-2025-ZC.html,DOC-AHNU-2025-ZC.html,2025_AHNU_招生章程.html,raw_document,text/html,22057,da01a355482a7611640526122370a13100f59a81c089b0670d0c182338953537,2026-08-14T16:19:06.881505+00:00,,,,
ASSET-AHNU-2025-ZC-META,SRC-AHNU-2025-ZC,raw/2025/AHNU/DOC-AHNU-2025-ZC_metadata.json,DOC-AHNU-2025-ZC_metadata.json,2025_AHNU_招生章程_metadata.json,metadata,application/json,516,92c9037428752bcdc60f4a4b11938168e9f83ba67fa9a2437584422d3aa53635,2026-08-14T16:19:06.881505+00:00,ASSET-AHNU-2025-ZC-PDF,,,
ASSET-AHNU-2025-ZC-PDF,SRC-AHNU-2025-ZC,raw/2025/AHNU/DOC-AHNU-2025-ZC.pdf,DOC-AHNU-2025-ZC.pdf,2025_AHNU_招生章程.pdf,raw_document,application/pdf,340053,e81f38a851a2cffe38342010db73827a819fae97e2d2fc7bac3243e8ab96c075,2026-08-14T16:19:06.881505+00:00,,,,
ASSET-AHNU-2026-LQ-CLEAN,SRC-AHNU-2026-LQ,raw/2026/AHNU/DOC-AHNU-2026-LQ_clean.txt,DOC-AHNU-2026-LQ_clean.txt,2026_AHNU_录取分数线_clean.txt,parsed_text,text/plain,2815,9aaeafd7f95bd44eac95166b12037604c4913e22ddc4a9d257231ce30c514e58,2026-08-14T16:19:06.881505+00:00,ASSET-AHNU-2026-LQ-HTML,,,
ASSET-AHNU-2026-LQ-HTML,SRC-AHNU-2026-LQ,raw/2026/AHNU/DOC-AHNU-2026-LQ.html,DOC-AHNU-2026-LQ.html,2026_AHNU_录取分数线.html,raw_document,text/html,28600,ed4086cfb8dcce76ab39043f9210ffeec56d95d857980cb3c7cfb6b3be1d3cd1,2026-08-14T16:19:06.881505+00:00,,,,
ASSET-AHNU-2026-LQ-META,SRC-AHNU-2026-LQ,raw/2026/AHNU/DOC-AHNU-2026-LQ_metadata.json,DOC-AHNU-2026-LQ_metadata.json,2026_AHNU_录取分数线_metadata.json,metadata,application/json,325,06a8c8b2d1f98d2fb9731c7913bae0eaa0060ed27b8e3c9b61bb03f0c66848aa,2026-08-14T16:19:06.881505+00:00,ASSET-AHNU-2026-LQ-HTML,,,
ASSET-AHNU-2026-ZC-CLEAN,SRC-AHNU-2026-ZC,raw/2026/AHNU/DOC-AHNU-2026-ZC_clean.txt,DOC-AHNU-2026-ZC_clean.txt,2026_AHNU_招生章程_clean.txt,parsed_text,text/plain,21418,052fc0e44277dc1f1891a87a71a78fd0f45269fdeb01c5dda1fe5c4859341b6e,2026-08-14T16:19:06.881505+00:00,ASSET-AHNU-2026-ZC-PDF,,,
ASSET-AHNU-2026-ZC-META,SRC-AHNU-2026-ZC,raw/2026/AHNU/DOC-AHNU-2026-ZC_metadata.json,DOC-AHNU-2026-ZC_metadata.json,2026_AHNU_招生章程_metadata.json,metadata,application/json,436,09a39623bf71f1347263b03cddbd7025c332faa51384bb105b4a86517d3fcc81,2026-08-14T16:19:06.881505+00:00,ASSET-AHNU-2026-ZC-PDF,,,
ASSET-AHNU-2026-ZC-PDF,SRC-AHNU-2026-ZC,raw/2026/AHNU/DOC-AHNU-2026-ZC.pdf,DOC-AHNU-2026-ZC.pdf,2026_AHNU_招生章程.pdf,raw_document,application/pdf,280342,57a3cb813929396258edbd82b593b0d8ec9bdc7124321707dfea8c523eb02d0d,2026-08-14T16:19:06.881505+00:00,,,,
ASSET-HFNU-2024-LQ-CLEAN,SRC-HFNU-2024-LQ,raw/2024/HFNU/DOC-HFNU-2024-LQ_clean.txt,DOC-HFNU-2024-LQ_clean.txt,2024_录取分数线_clean.txt,parsed_text,text/plain,4420,00d22c7d6e303fa8576867e898d458387acd80dbb583c8e6bccbaff282386734,2026-08-14T14:18:01.003588+00:00,ASSET-HFNU-2024-LQ-HTML,,,
ASSET-HFNU-2024-LQ-HTML,SRC-HFNU-2024-LQ,raw/2024/HFNU/DOC-HFNU-2024-LQ.html,DOC-HFNU-2024-LQ.html,2024_录取分数线.html,raw_document,text/html,48438,5d7c3b001fdd413ef78c2627b655f66e4c807630ef5fef9a7931d7c8c56f41e8,2026-08-14T14:18:01.003588+00:00,,,,
ASSET-HFNU-2024-LQ-META,SRC-HFNU-2024-LQ,raw/2024/HFNU/DOC-HFNU-2024-LQ_metadata.json,DOC-HFNU-2024-LQ_metadata.json,2024_录取分数线_metadata.json,metadata,application/json,571,106423763b2753bc2b03e8b9100680ac63ab7f3155a7d134b3c1ae7a8241c29b,2026-08-14T14:18:01.003588+00:00,ASSET-HFNU-2024-LQ-HTML,,,
ASSET-HFNU-2024-ZC-CLEAN,SRC-HFNU-2024-ZC,raw/2024/HFNU/DOC-HFNU-2024-ZC_clean.txt,DOC-HFNU-2024-ZC_clean.txt,2024_招生章程_clean.txt,parsed_text,text/plain,34348,c72219a2ffb237090b926017834725ddd4430a2a12e380bd582b04d6135bc194,2026-08-14T14:18:01.003588+00:00,ASSET-HFNU-2024-ZC-HTML,,,
ASSET-HFNU-2024-ZC-HTML,SRC-HFNU-2024-ZC,raw/2024/HFNU/DOC-HFNU-2024-ZC.html,DOC-HFNU-2024-ZC.html,2024_招生章程.html,raw_document,text/html,80553,287a0ad40dd786ed6ba0f85f735677232b1e636e90a1b0ab15a3949e348176a5,2026-08-14T14:18:01.003588+00:00,,,,
ASSET-HFNU-2024-ZC-META,SRC-HFNU-2024-ZC,raw/2024/HFNU/DOC-HFNU-2024-ZC_metadata.json,DOC-HFNU-2024-ZC_metadata.json,2024_招生章程_metadata.json,metadata,application/json,548,41a76a466272b2c1738ac018477a7ed4d4bb8760f33b135578158e6d6fcdb1d7,2026-08-14T14:18:01.003588+00:00,ASSET-HFNU-2024-ZC-HTML,,,
ASSET-HFNU-2025-LQ-CLEAN,SRC-HFNU-2025-LQ,raw/2025/HFNU/DOC-HFNU-2025-LQ_clean.txt,DOC-HFNU-2025-LQ_clean.txt,2025_录取分数线_clean.txt,parsed_text,text/plain,4497,39d7231be6b3d48852f1767dd52edc78ba156cee7b28f937583566f7fe1b4da0,2026-08-14T14:18:01.003588+00:00,ASSET-HFNU-2025-LQ-HTML,,,
ASSET-HFNU-2025-LQ-HTML,SRC-HFNU-2025-LQ,raw/2025/HFNU/DOC-HFNU-2025-LQ.html,DOC-HFNU-2025-LQ.html,2025_录取分数线.html,raw_document,text/html,117971,af0d182d21e6daccf20fb8c9e6bbc2d261d858978bb665977299095974ad9bb7,2026-08-14T14:18:01.003588+00:00,,,,
ASSET-HFNU-2025-LQ-META,SRC-HFNU-2025-LQ,raw/2025/HFNU/DOC-HFNU-2025-LQ_metadata.json,DOC-HFNU-2025-LQ_metadata.json,2025_录取分数线_metadata.json,metadata,application/json,572,9c50430e838f7370a09f50cee0dd216218a40db7a8040fde83cdbf615963065d,2026-08-14T14:18:01.003588+00:00,ASSET-HFNU-2025-LQ-HTML,,,
ASSET-HFNU-2025-ZC-PARSED-TXT,SRC-HFNU-2025-ZC,raw/2025/HFNU/DOC-HFNU-2025-ZC_parsed.txt,DOC-HFNU-2025-ZC_parsed.txt,2025_招生章程_parsed.txt,parsed_text,text/plain,42871,739172ebf8877b594ef586e39f1969ebd7bc6c72c0135c113b37e344879182ab,2026-08-14,ASSET-HFNU-2025-ZC-PDF,legacy_pdf_parser,unknown,2026-08-14
ASSET-HFNU-2025-ZC-PDF,SRC-HFNU-2025-ZC,raw/2025/HFNU/DOC-HFNU-2025-ZC.pdf,DOC-HFNU-2025-ZC.pdf,2025_合肥师范学院_招生章程_官方.pdf,raw_document,application/pdf,405194,52259c218fdb48295fb782c99244dbeb4af8efe237d8ddb63bf27f46af59168e,2026-08-14,,,,
ASSET-HFNU-2026-LQ-CLEAN,SRC-HFNU-2026-LQ,raw/2026/HFNU/DOC-HFNU-2026-LQ_clean.txt,DOC-HFNU-2026-LQ_clean.txt,2026_录取分数线_clean.txt,parsed_text,text/plain,2583,28376a5ec5b7af24b99656f3b315b1e8a6a735a2e271231d89a9a298e44fd822,2026-08-14T14:18:01.003588+00:00,ASSET-HFNU-2026-LQ-PDF,,,
ASSET-HFNU-2026-LQ-HTML,SRC-HFNU-2026-LQ,raw/2026/HFNU/DOC-HFNU-2026-LQ.html,DOC-HFNU-2026-LQ.html,2026_录取分数线页面.html,raw_document,text/html,23355,09f1d78c5d0e37bce0c33cfc023aca00867fab2d98f5353c34d164409839b48e,2026-08-14T14:18:01.003588+00:00,,,,
ASSET-HFNU-2026-LQ-META,SRC-HFNU-2026-LQ,raw/2026/HFNU/DOC-HFNU-2026-LQ_metadata.json,DOC-HFNU-2026-LQ_metadata.json,2026_录取分数线_metadata.json,metadata,application/json,637,074ecb5fc3ea983cdfe4e3b8f28d44e824a22cb42721b12f59dcd3e860cc86c2,2026-08-14T14:18:01.003588+00:00,ASSET-HFNU-2026-LQ-PDF,,,
ASSET-HFNU-2026-LQ-PDF,SRC-HFNU-2026-LQ,raw/2026/HFNU/DOC-HFNU-2026-LQ.pdf,DOC-HFNU-2026-LQ.pdf,2026_录取分数线.pdf,raw_document,application/pdf,98816,8cad381fc97ae7da6c6c77fdb014158333d04a4f32f027f5ba8d0991e7ff0cc5,2026-08-14T14:18:01.003588+00:00,,,,
ASSET-HFNU-2026-ZC-PDF,SRC-HFNU-2026-ZC,raw/2026/HFNU/DOC-HFNU-2026-ZC.pdf,DOC-HFNU-2026-ZC.pdf,2026_合肥师范学院_招生章程_官方.pdf,raw_document,application/pdf,460853,dc078db203863ceaf67cab0ccd3ad89b88305753c3604709dd17f2b0c80d7a0d,2026-08-14,,,,
