missing_id,entity_type,entity_id,year,school_id,field_name,missing_reason,source_id,attempt_count,last_checked_at,status,next_action
MISS-80c846c5-c046-5f18-9712-7a688ace5fc9,school_year,SY-5b28da16-8511-5d93-af95-a3e1c2845673,2024,HFNU,adjustments,not_found,SRC-HFNU-2024-ZC,2,2026-08-15T05:47:05+00:00,open,继续检索院校历史调剂公告和附件；未找到前不推断调剂事实
MISS-46c589c9-f651-51c0-b4ab-9ab0014e92b7,offering,OFF-5ec7e8f4-ac71-5dd2-93b5-4fc4e62b163a,2025,HFNU,admission_scores,source_content_incomplete,SRC-HFNU-2025-LQ,1,2026-08-15T05:47:05+00:00,open,补查 环境设计（马鞍山师范高等专科学校）官方录取数据
MISS-e5349bc8-2d75-51a9-971e-86912bcc8b6a,offering,OFF-705c408c-f84f-5fb3-88cb-1e1c6bcb8639,2025,HFNU,admission_scores,source_content_incomplete,SRC-HFNU-2025-LQ,1,2026-08-15T05:47:05+00:00,open,补查 食品质量与安全（马鞍山师范高等专科学校）官方录取数据
MISS-b5862ffa-7a04-56f7-9f5b-8745ab2def93,offering,OFF-cd6346ab-06d2-5a63-877c-6af9c98e69b4,2025,HFNU,admission_scores,source_content_incomplete,SRC-HFNU-2025-LQ,1,2026-08-15T05:47:05+00:00,open,补查 计算机科学与技术（马鞍山师范高等专科学校）官方录取数据
MISS-5c89856e-7556-5170-9fe2-d5f48973aa26,offering,OFF-ebbf4cce-ddbc-5db3-a9b8-1bc92ce768fa,2025,HFNU,admission_scores,source_content_incomplete,SRC-HFNU-2025-LQ,1,2026-08-15T05:47:05+00:00,open,补查 电气工程及其自动化（淮北职业技术学院）官方录取数据
MISS-ef261631-cc0d-5d35-93f4-f70aa7eb0115,school_year,SY-2ab1da1a-44ce-5a8b-83d4-19a8a62aaa32,2025,HFNU,adjustments,not_found,SRC-HFNU-2025-ZC,2,2026-08-15T05:47:05+00:00,open,继续检索院校历史调剂公告和附件；未找到前不推断调剂事实
MISS-8d9c521e-211e-5f2d-8950-128a53720690,school_year,SY-2ab1da1a-44ce-5a8b-83d4-19a8a62aaa32,2025,HFNU,application_statistics,official_not_published,,2,2026-08-15T05:47:05+00:00,open,仅在找到学校官方分专业报名人数或报录统计后补录
MISS-61518054-1c10-5ffb-b41c-e3d019821ea8,school_year,SY-ff226ccb-5289-51f2-ba72-8886a1d43795,2026,HFNU,adjustments,not_found,SRC-HFNU-2026-ZC,2,2026-08-15T05:47:05+00:00,open,继续检索院校历史调剂公告和附件；未找到前不推断调剂事实
MISS-8cc0556b-7f47-5569-ab61-0edf523f63b3,school_year,SY-ff226ccb-5289-51f2-ba72-8886a1d43795,2026,HFNU,application_statistics,official_not_published,,2,2026-08-15T05:47:05+00:00,open,仅在找到学校官方分专业报名人数或报录统计后补录
